# OpenTelemetry Metrics report: .csv, 4 fields: 
# <metric name>, <period start, nanoseconds>, <period end, nanoseconds>, <metric value>
# See CsvMetricsExporter for details.
# 
# NAME, PERIOD_START_NANOS, PERIOD_END_NANOS, VALUE
VFS.invertedFileNameIndex.requests,1744946050138000000,1744946110306000000,0
VFS.contentStorage.recordsDecompressionTimeUs,1744946050138000000,1744946110306000000,11569
VFS.contentStorage.recordsUncompressedSize,1744946050138000000,1744946110306000000,0
VFS.fileChildByName,1744946050138000000,1744946110306000000,55037
FileNameCache.queries,1744946050138000000,1744946110306000000,1050240
VFS.contentStorage.recordsRead,1744946050138000000,1744946110306000000,81
VFS.contentStorage.recordsStoredCompressed,1744946050138000000,1744946110306000000,0
VFS.fileByIdCache.hits,1744946050138000000,1744946110306000000,0
VFS.contentStorage.recordsReadDecompressed,1744946050138000000,1744946110306000000,11
VFS.contentStorage.recordsReadSize,1744946050138000000,1744946110306000000,745035
VFS.contentStorage.recordsStored,1744946050138000000,1744946110306000000,0
VFS.contentStorage.recordsDeduplicated,1744946050138000000,1744946110306000000,0
FileNameCache.totalMisses,1744946050138000000,1744946110306000000,3712
VFS.fileByIdCache.misses,1744946050138000000,1744946110306000000,9557
VFS.contentStorage.recordsStoredSize,1744946050138000000,1744946110306000000,0
DiskQueryRelay.taskWaitingTotalTimeUs,1744946050138000000,1744946110306000000,2365129
DiskQueryRelay.tasksRequested,1744946050138000000,1744946110306000000,7488
parser.Python.time.ns,1744946050138000000,1744946110306000000,1602398664
parser.yaml.time.ns,1744946050138000000,1744946110306000000,38631119
parser.JSON.size.bytes,1744946050138000000,1744946110306000000,333327
parser.Python.size.bytes,1744946050138000000,1744946110306000000,1391023
lexer.yaml.time.ns,1744946050138000000,1744946110306000000,38057636
writeAction.count,1744946050138000000,1744946110306000000,225
lexer.Python.size.bytes,1744946050138000000,1744946110306000000,1391023
lexer.JSON.time.ns,1744946050138000000,1744946110306000000,20247061
writeAction.wait.ms,1744946050138000000,1744946110306000000,194
parser.yaml.size.bytes,1744946050138000000,1744946110306000000,2487
writeAction.median.wait.ms,1744946050138000000,1744946110306000000,0
DiskQueryRelay.taskExecutionTotalTimeUs,1744946050138000000,1744946110306000000,1280126
parser.JSON.time.ns,1744946050138000000,1744946110306000000,126537323
lexer.JSON.size.bytes,1744946050138000000,1744946110306000000,333327
DiskQueryRelay.tasksExecuted,1744946050138000000,1744946110306000000,7488
lexer.yaml.size.bytes,1744946050138000000,1744946110306000000,2487
writeAction.max.wait.ms,1744946050138000000,1744946110306000000,96
lexer.Python.time.ns,1744946050138000000,1744946110306000000,1180638713
cacheStateStorage.set.counter,1744946050138000000,1744946110306000000,2
cacheStateStorage.set.duration,1744946050138000000,1744946110306000000,13
cacheStateStorage.get.duration,1744946050138000000,1744946110306000000,273
cacheStateStorage.get.counter,1744946050138000000,1744946110306000000,77
workspaceModel.cachedValueWithParameters.from.cache.count,1744946050138000000,1744946110306000000,0
workspaceModel.update.unloaded.entities.ms,1744946050138000000,1744946110306000000,0
workspaceModel.cachedValueWithParameters.clear.count,1744946050138000000,1744946110306000000,0
workspaceModel.cachedValue.clear.count,1744946050138000000,1744946110306000000,0
workspaceModel.workspaceFileIndexData.visitFileSets.ms,1744946050138000000,1744946110306000000,0
workspaceModel.cachedValue.from.cache.count,1744946050138000000,1744946110306000000,3695
workspaceModel.workspaceFileIndexContributor.registerFileSets.ms,1744946050138000000,1744946110306000000,308
workspaceModel.workspaceFileIndexData.init.ms,1744946050138000000,1744946110306000000,207
workspaceModel.pre.handlers.ms,1744946050138000000,1744946110306000000,0
workspaceModel.on.before.changed.ms,1744946050138000000,1744946110306000000,35
workspaceModel.updates.precise.ms,1744946050138000000,1744946110306000000,18
workspaceModel.entityStorageSnapshotImpl.instances.count,1744946050138000000,1744946110306000000,19
workspaceModel.check.recursive.update.ms,1744946050138000000,1744946110306000000,1
workspaceModel.loading.total.ms,1744946050138000000,1744946110306000000,320
workspaceModel.initializing.ms,1744946050138000000,1744946110306000000,4
workspaceModel.cachedValue.calculated.count,1744946050138000000,1744946110306000000,11
workspaceModel.on.changed.ms,1744946050138000000,1744946110306000000,14
workspaceModel.workspaceFileIndexData.processFileSets.ms,1744946050138000000,1744946110306000000,0
workspaceModel.workspaceFileIndexData.getFileInfo.ms,1744946050138000000,1744946110306000000,2446
workspaceModel.full.replace.project.model.ms,1744946050138000000,1744946110306000000,4
workspaceModel.cachedValueWithParameters.total.get.count,1744946050138000000,1744946110306000000,0
workspaceModel.workspaceFileIndexData.getDirectoriesByPackageName.ms,1744946050138000000,1744946110306000000,0
workspaceModel.workspaceFileIndexData.updateDirtyEntities.ms,1744946050138000000,1744946110306000000,0
workspaceModel.replace.project.model.ms,1744946050138000000,1744946110306000000,0
workspaceModel.updates.count,1744946050138000000,1744946110306000000,3
workspaceModel.loading.from.cache.ms,1744946050138000000,1744946110306000000,305
workspaceModel.cachedValueWithParameters.calculated.count,1744946050138000000,1744946110306000000,0
workspaceModel.workspaceFileIndexData.instances.count,1744946050138000000,1744946110306000000,1
workspaceModel.workspaceFileIndexData.onEntitiesChanged.ms,1744946050138000000,1744946110306000000,0
workspaceModel.to.snapshot.ms,1744946050138000000,1744946110306000000,2
workspaceModel.workspaceFileIndexData.getPackageName.ms,1744946050138000000,1744946110306000000,0
workspaceModel.collect.changes.ms,1744946050138000000,1744946110306000000,0
workspaceModel.init.bridges.ms,1744946050138000000,1744946110306000000,4
workspaceModel.workspaceFileIndexData.markDirty.ms,1744946050138000000,1744946110306000000,0
workspaceModel.cachedValue.total.get.count,1744946050138000000,1744946110306000000,3706
workspaceModel.updates.ms,1744946050138000000,1744946110306000000,77
NonBlockingReadAction.finalizedExecutionTimeUs,1744946050138000000,1744946110306000000,1728564
FlushQueue.queueSizeAvg,1744946050138000000,1744946110306000000,0.0
NonBlockingReadAction.failedExecutionTimeUs,1744946050138000000,1744946110306000000,676205
NonBlockingReadAction.finalizedExecutionsCount,1744946050138000000,1744946110306000000,188
AWTEventQueue.dispatchTimeTotalNS,1744946050138000000,1744946110306000000,16850093693
FlushQueue.queueSizeMax,1744946050138000000,1744946110306000000,0
AWTEventQueue.eventsDispatched,1744946050138000000,1744946110306000000,0
FlushQueue.waitingTimeMaxNs,1744946050138000000,1744946110306000000,0
FlushQueue.queueSize90P,1744946050138000000,1744946110306000000,0
FlushQueue.waitingTimeAvgNs,1744946050138000000,1744946110306000000,0.0
FlushQueue.executionTimeAvgNs,1744946050138000000,1744946110306000000,0.0
FlushQueue.executionTimeMaxNs,1744946050138000000,1744946110306000000,0
AWTEventQueue.dispatchTimeAvgNs,1744946050138000000,1744946110306000000,0.0
ReadAction.executionsCount,1744946050138000000,1744946110306000000,229728
NonBlockingReadAction.failedExecutionsCount,1744946050138000000,1744946110306000000,14
FlushQueue.executionTime90PNs,1744946050138000000,1744946110306000000,0
AWTEventQueue.dispatchTime90PNs,1744946050138000000,1744946110306000000,0
FlushQueue.tasksExecuted,1744946050138000000,1744946110306000000,0
WriteAction.executionsCount,1744946050138000000,1744946110306000000,225
AWTEventQueue.dispatchTimeMaxNs,1744946050138000000,1744946110306000000,0
FlushQueue.waitingTime90PNs,1744946050138000000,1744946110306000000,0
workspaceModel.do.save.caches.ms,1744946050138000000,1744946110306000000,124
workspaceModel.moduleManagerBridge.load.module.ms,1744946050138000000,1744946110306000000,0
workspaceModel.mutableEntityStorage.put.entity.ms,1744946050138000000,1744946110306000000,7
workspaceModel.load.cache.from.file.ms,1744946050138000000,1744946110306000000,329
jps.global.get.library.by.name.ms,1744946050138000000,1744946110306000000,0
workspaceModel.mutableEntityStorage.add.entity.ms,1744946050138000000,1744946110306000000,81
workspaceModel.mutableEntityStorage.entities.by.source.ms,1744946050138000000,1744946110306000000,1
jps.global.handle.before.change.events.ms,1744946050138000000,1744946110306000000,0
jps.artifact.entities.serializer.save.entities.ms,1744946050138000000,1744946110306000000,0
jps.module.dependency.index.workspace.model.listener.on.changed.ms,1744946050138000000,1744946110306000000,2
workspaceModel.moduleBridge.before.changed.ms,1744946050138000000,1744946110306000000,0
workspaceModel.moduleManagerBridge.build.module.graph.ms,1744946050138000000,1744946110306000000,2
jps.project.serializers.save.ms,1744946050138000000,1744946110306000000,0
workspaceModel.mutableEntityStorage.changeLog.addReplaceEventForNewParent.ms,1744946050138000000,1744946110306000000,1
workspaceModel.mutableEntityStorage.resolve.ms,1744946050138000000,1744946110306000000,0
jps.save.global.entities.ms,1744946050138000000,1744946110306000000,0
workspaceModel.moduleManagerBridge.get.modules.ms,1744946050138000000,1744946110306000000,1
workspaceModel.moduleBridgeLoader.loading.modules.ms,1744946050138000000,1744946110306000000,972
jps.storage.jps.conf.reader.load.component.ms,1744946050138000000,1744946110306000000,10
workspaceModel.mutableEntityStorage.entities.ms,1744946050138000000,1744946110306000000,1
jps.facet.change.listener.init.bridge.ms,1744946050138000000,1744946110306000000,0
workspaceModel.mutableEntityStorage.changeLog.addReplaceEventForNewChild.ms,1744946050138000000,1744946110306000000,1
workspaceModel.moduleManagerBridge.create.module.instance.ms,1744946050138000000,1744946110306000000,0
jps.load.project.to.empty.storage.ms,1744946050138000000,1744946110306000000,75
workspaceModel.mutableEntityStorage.mutable.vfurl.index.ms,1744946050138000000,1744946110306000000,0
workspaceModel.moduleBridge.update.option.ms,1744946050138000000,1744946110306000000,0
jps.app.storage.content.reader.load.component.ms,1744946050138000000,1744946110306000000,26
workspaceModel.mutableEntityStorage.apply.changes.from.ms,1744946050138000000,1744946110306000000,12
workspaceModel.orphan.listener.update.ms,1744946050138000000,1744946110306000000,4
workspaceModel.moduleManagerBridge.set.unloadedModules.ms,1744946050138000000,1744946110306000000,0
workspaceModel.mutableEntityStorage.changeLog.addReplaceEventForRemovedChild.ms,1744946050138000000,1744946110306000000,0
jps.global.get.libraries.ms,1744946050138000000,1744946110306000000,1
jps.load.initial.state.ms,1744946050138000000,1744946110306000000,145
jps.facet.change.listener.process.change.events.ms,1744946050138000000,1744946110306000000,2
jps.global.get.library.ms,1744946050138000000,1744946110306000000,0
jps.facet.change.listener.before.change.events.ms,1744946050138000000,1744946110306000000,0
workspaceModel.moduleBridge.facet.initialization.ms,1744946050138000000,1744946110306000000,1
jps.artifact.entities.serializer.load.entities.ms,1744946050138000000,1744946110306000000,0
jps.global.initialize.library.bridges.ms,1744946050138000000,1744946110306000000,0
workspaceModel.save.cache.to.file.ms,1744946050138000000,1744946110306000000,122
workspaceModel.mutableEntityStorage.collect.changes.ms,1744946050138000000,1744946110306000000,0
jps.module.iml.entities.serializer.save.entities.ms,1744946050138000000,1744946110306000000,0
jps.global.handle.changed.events.ms,1744946050138000000,1744946110306000000,0
workspaceModel.global.updates.ms,1744946050138000000,1744946110306000000,19
workspaceModel.mutableEntityStorage.referrers.ms,1744946050138000000,1744946110306000000,0
workspaceModel.mutableEntityStorage.changeLog.addReplaceEventForRemovedParent.ms,1744946050138000000,1744946110306000000,0
workspaceModel.moduleManagerBridge.newModule.ms,1744946050138000000,1744946110306000000,0
jps.project.serializers.load.ms,1744946050138000000,1744946110306000000,54
jps.module.iml.entities.serializer.load.entities.ms,1744946050138000000,1744946110306000000,34
workspaceModel.mutableEntityStorage.instances.count,1744946050138000000,1744946110306000000,27
workspaceModel.moduleManagerBridge.load.all.modules.ms,1744946050138000000,1744946110306000000,71
workspaceModel.moduleManagerBridge.new.nonPersistent.module.ms,1744946050138000000,1744946110306000000,0
workspaceModel.global.apply.state.to.project.builder.ms,1744946050138000000,1744946110306000000,15
workspaceModel.global.updates.count,1744946050138000000,1744946110306000000,1
jps.library.entities.serializer.save.entities.ms,1744946050138000000,1744946110306000000,0
workspaceModel.mutableEntityStorage.replace.by.source.ms,1744946050138000000,1744946110306000000,30
workspaceModel.mutableEntityStorage.remove.entity.ms,1744946050138000000,1744946110306000000,0
jps.global.initialize.library.bridges.after.loading.ms,1744946050138000000,1744946110306000000,1
workspaceModel.mutableEntityStorage.modify.entity.ms,1744946050138000000,1744946110306000000,5
workspaceModel.load.cache.metadata.from.file.ms,1744946050138000000,1744946110306000000,40
workspaceModel.mutableEntityStorage.has.same.entities.ms,1744946050138000000,1744946110306000000,0
workspaceModel.mutableEntityStorage.mutable.ext.mapping.ms,1744946050138000000,1744946110306000000,2
jps.reload.project.entities.ms,1744946050138000000,1744946110306000000,0
jps.apply.loaded.storage.ms,1744946050138000000,1744946110306000000,23
workspaceModel.delayed.project.synchronizer.sync.ms,1744946050138000000,1744946110306000000,102
workspaceModel.global.apply.state.to.project.ms,1744946050138000000,1744946110306000000,113
workspaceModel.sync.entities.ms,1744946050138000000,1744946110306000000,0
workspaceModel.mutableEntityStorage.to.snapshot.ms,1744946050138000000,1744946110306000000,7
jps.library.entities.serializer.load.entities.ms,1744946050138000000,1744946110306000000,0
jps.save.changed.project.entities.ms,1744946050138000000,1744946110306000000,0
IndexesFlusher.totalFlushesRetried,1744946050138000000,1744946110306000000,0
Indexing.writer_0.totalTimeSpentWritingMs,1744946050138000000,1744946110306000000,285
Indexing.writesQueuedMin,1744946050138000000,1744946110306000000,9223372036854775807
Indexing.cache.totalCacheAccesses,1744946050138000000,1744946110306000000,6890
Indexes.entries.lookupDurationMaxMs,1744946050138000000,1744946110306000000,0.0
Indexes.stubs.lookupDurationMaxMs,1744946050138000000,1744946110306000000,0.0
Indexes.entries.lookupDuration90PMs,1744946050138000000,1744946110306000000,0.0
Indexes.allKeys.lookupDurationMaxMs,1744946050138000000,1744946110306000000,0.0
Indexing.writer_2.totalTimeSpentWritingMs,1744946050138000000,1744946110306000000,303
Indexes.stubs.lookupDuration90PMs,1744946050138000000,1744946110306000000,0.0
Indexes.stubs.lookupDurationAvgMs,1744946050138000000,1744946110306000000,0.0
Indexes.entries.lookups,1744946050138000000,1744946110306000000,42
Indexing.writer_1.totalTimeSpentWritingMs,1744946050138000000,1744946110306000000,589
Indexes.allKeys.lookupDurationAvgMs,1744946050138000000,1744946110306000000,0.0
Indexing.writesQueuedMax,1744946050138000000,1744946110306000000,0
Indexing.cache.totalCacheMisses,1744946050138000000,1744946110306000000,6740
IndexesFlusher.totalFlushes,1744946050138000000,1744946110306000000,57
Indexes.stubs.lookups,1744946050138000000,1744946110306000000,36
Indexes.allKeys.lookupDuration90PMs,1744946050138000000,1744946110306000000,0.0
Indexing.cache.totalCacheEvicted,1744946050138000000,1744946110306000000,6722
Indexes.allKeys.lookups,1744946050138000000,1744946110306000000,0
IndexesFlusher.totalFlushingTimeUs,1744946050138000000,1744946110306000000,223662
Indexing.writer_3.totalTimeSpentWritingMs,1744946050138000000,1744946110306000000,0
Indexing.totalTimeIndexersSleptMs,1744946050138000000,1744946110306000000,0
Indexes.entries.lookupDurationAvgMs,1744946050138000000,1744946110306000000,0.0
IndexesFlusher.totalContentionQuotaSpent,1744946050138000000,1744946110306000000,0
JVM.totalTimeAtSafepointsMs,1744946050138000000,1744946110306000000,597
JVM.usedNativeBytes,1744946050138000000,1744946110306000000,361776992
OS.loadAverage,1744946050138000000,1744946110306000000,1.6103515625
JVM.maxHeapBytes,1744946050138000000,1744946110306000000,2147483648
JVM.usedHeapBytes,1744946050138000000,1744946110306000000,455081984
JVM.GC.collectionTimesMs,1744946050138000000,1744946110306000000,554
JVM.totalDirectByteBuffersBytes,1744946050138000000,1744946110306000000,158376102
JVM.totalSafepointCount,1744946050138000000,1744946110306000000,203
JVM.totalTimeToSafepointsMs,1744946050138000000,1744946110306000000,50
JVM.maxThreadCount,1744946050138000000,1744946110306000000,132
JVM.totalCpuTimeMs,1744946050138000000,1744946110306000000,123400
JVM.threadCount,1744946050138000000,1744946110306000000,129
JVM.newThreadsCount,1744946050138000000,1744946110306000000,150
JVM.GC.collections,1744946050138000000,1744946110306000000,46
JVM.totalBytesAllocated,1744946050138000000,1744946110306000000,1812491288
StreamlinedBlobStorage.recordsAllocated,1744946050138000000,1744946110306000000,31683
FileChannelInterruptsRetryer.totalRetriedAttempts,1744946050138000000,1744946110306000000,0
FilePageCacheLockFree.totalBytesRequested,1744946050138000000,1744946110306000000,0
FilePageCacheLockFree.totalPagesRequested,1744946050138000000,1744946110306000000,0
FilePageCache.disposedBuffers,1744946050138000000,1744946110306000000,3
DirectByteBufferAllocator.misses,1744946050138000000,1744946110306000000,163
FilePageCacheLockFree.totalNativeBytesReclaimed,1744946050138000000,1744946110306000000,0
StreamlinedBlobStorage.recordsDeleted,1744946050138000000,1744946110306000000,10
FilePageCache.pageLoadsAboveSizeThreshold,1744946050138000000,1744946110306000000,0
FilePageCache.pageFastCacheHits,1744946050138000000,1744946110306000000,25737
FilePageCacheLockFree.housekeeperTurnsSkipped,1744946050138000000,1744946110306000000,0
DirectByteBufferAllocator.totalSizeOfBuffersCachedInBytes,1744946050138000000,1744946110306000000,0
MappedFileStorage.storages,1744946050138000000,1744946110306000000,16
FilePageCache.uncachedFileAccess,1744946050138000000,1744946110306000000,142
MappedFileStorage.totalPagesMapped,1744946050138000000,1744946110306000000,16
FilePageCacheLockFree.totalPagesReclaimed,1744946050138000000,1744946110306000000,0
FilePageCacheLockFree.totalPagesRequestsMs,1744946050138000000,1744946110306000000,0
DirectByteBufferAllocator.reclaimed,1744946050138000000,1744946110306000000,3
FilePageCache.capacityInBytes,1744946050138000000,1744946110306000000,503316478
StorageLockContext.competingThreads.avg,1744946050138000000,1744946110306000000,0.0
FilePageCache.totalPageLoadsUs,1744946050138000000,1744946110306000000,620709
MappedFileStorage.totalTimeSpentOnMappingUs,1744946050138000000,1744946110306000000,41443
StorageLockContext.competingThreads.90P,1744946050138000000,1744946110306000000,0
FilePageCacheLockFree.totalBytesWritten,1744946050138000000,1744946110306000000,0
StreamlinedBlobStorage.totalLiveRecordsCapacityBytes,1744946050138000000,1744946110306000000,2225266
FilePageCache.pageHits,1744946050138000000,1744946110306000000,27
FilePageCacheLockFree.totalPagesHandedOver,1744946050138000000,1744946110306000000,0
FilePageCacheLockFree.totalPagesWritten,1744946050138000000,1744946110306000000,0
FilePageCacheLockFree.totalClosedStoragesReclaimed,1744946050138000000,1744946110306000000,0
FilePageCacheLockFree.totalPagesWriteMs,1744946050138000000,1744946110306000000,0
FilePageCacheLockFree.totalPageAllocationsWaited,1744946050138000000,1744946110306000000,0
FilePageCacheLockFree.nativeBytesInUse,1744946050138000000,1744946110306000000,0
MappedFileStorage.totalBytesMapped,1744946050138000000,1744946110306000000,202637312
DirectByteBufferAllocator.totalSizeOfBuffersAllocatedInBytes,1744946050138000000,1744946110306000000,154271744
StreamlinedBlobStorage.recordsRelocated,1744946050138000000,1744946110306000000,0
StreamlinedBlobStorage.totalLiveRecordsPayloadBytes,1744946050138000000,1744946110306000000,832594
FilePageCacheLockFree.totalBytesRead,1744946050138000000,1744946110306000000,0
FilePageCache.totalPageDisposalsUs,1744946050138000000,1744946110306000000,1524
FilePageCache.maxRegisteredFiles,1744946050138000000,1744946110306000000,261
DirectByteBufferAllocator.disposed,1744946050138000000,1744946110306000000,0
FilePageCache.pageLoads,1744946050138000000,1744946110306000000,166
FilePageCacheLockFree.totalPagesAllocated,1744946050138000000,1744946110306000000,0
FilePageCacheLockFree.totalHeapBytesReclaimed,1744946050138000000,1744946110306000000,0
FilePageCacheLockFree.heapBytesInUse,1744946050138000000,1744946110306000000,0
FilePageCache.maxCacheSizeInBytes,1744946050138000000,1744946110306000000,154271744
DirectByteBufferAllocator.hits,1744946050138000000,1744946110306000000,3
FilePageCacheLockFree.totalNativeBytesAllocated,1744946050138000000,1744946110306000000,0
FilePageCacheLockFree.totalHeapBytesAllocated,1744946050138000000,1744946110306000000,0
StorageLockContext.competingThreads.max,1744946050138000000,1744946110306000000,0
FilePageCacheLockFree.housekeeperTimeSpentMs,1744946050138000000,1744946110306000000,0
FilePageCacheLockFree.housekeeperTurnsDone,1744946050138000000,1744946110306000000,0
FilePageCacheLockFree.totalPagesReadMs,1744946050138000000,1744946110306000000,0
VFS.invertedFileNameIndex.requests,1744946110306000000,1744946170195000000,0
VFS.contentStorage.recordsDecompressionTimeUs,1744946110306000000,1744946170195000000,1100
VFS.contentStorage.recordsUncompressedSize,1744946110306000000,1744946170195000000,0
VFS.fileChildByName,1744946110306000000,1744946170195000000,41754
FileNameCache.queries,1744946110306000000,1744946170195000000,421568
VFS.contentStorage.recordsRead,1744946110306000000,1744946170195000000,29
VFS.contentStorage.recordsStoredCompressed,1744946110306000000,1744946170195000000,0
VFS.fileByIdCache.hits,1744946110306000000,1744946170195000000,0
VFS.contentStorage.recordsReadDecompressed,1744946110306000000,1744946170195000000,1
VFS.contentStorage.recordsReadSize,1744946110306000000,1744946170195000000,370773
VFS.contentStorage.recordsStored,1744946110306000000,1744946170195000000,0
VFS.contentStorage.recordsDeduplicated,1744946110306000000,1744946170195000000,1
FileNameCache.totalMisses,1744946110306000000,1744946170195000000,0
VFS.fileByIdCache.misses,1744946110306000000,1744946170195000000,4130
VFS.contentStorage.recordsStoredSize,1744946110306000000,1744946170195000000,0
DiskQueryRelay.taskWaitingTotalTimeUs,1744946110306000000,1744946170195000000,69448
DiskQueryRelay.tasksRequested,1744946110306000000,1744946170195000000,355
parser.Python.time.ns,1744946110306000000,1744946170195000000,50581836
parser.yaml.time.ns,1744946110306000000,1744946170195000000,165204
parser.JSON.size.bytes,1744946110306000000,1744946170195000000,333327
parser.Python.size.bytes,1744946110306000000,1744946170195000000,3693
lexer.yaml.time.ns,1744946110306000000,1744946170195000000,37219
writeAction.count,1744946110306000000,1744946170195000000,18
lexer.Python.size.bytes,1744946110306000000,1744946170195000000,3693
lexer.JSON.time.ns,1744946110306000000,1744946170195000000,53078837
writeAction.wait.ms,1744946110306000000,1744946170195000000,4
parser.yaml.size.bytes,1744946110306000000,1744946170195000000,0
writeAction.median.wait.ms,1744946110306000000,1744946170195000000,0
DiskQueryRelay.taskExecutionTotalTimeUs,1744946110306000000,1744946170195000000,65290
parser.JSON.time.ns,1744946110306000000,1744946170195000000,369676181
lexer.JSON.size.bytes,1744946110306000000,1744946170195000000,333327
DiskQueryRelay.tasksExecuted,1744946110306000000,1744946170195000000,355
lexer.yaml.size.bytes,1744946110306000000,1744946170195000000,0
writeAction.max.wait.ms,1744946110306000000,1744946170195000000,96
lexer.Python.time.ns,1744946110306000000,1744946170195000000,14409163
cacheStateStorage.set.counter,1744946110306000000,1744946170195000000,0
cacheStateStorage.set.duration,1744946110306000000,1744946170195000000,0
cacheStateStorage.get.duration,1744946110306000000,1744946170195000000,244
cacheStateStorage.get.counter,1744946110306000000,1744946170195000000,12
workspaceModel.cachedValueWithParameters.from.cache.count,1744946110306000000,1744946170195000000,0
workspaceModel.update.unloaded.entities.ms,1744946110306000000,1744946170195000000,0
workspaceModel.cachedValueWithParameters.clear.count,1744946110306000000,1744946170195000000,0
workspaceModel.cachedValue.clear.count,1744946110306000000,1744946170195000000,0
workspaceModel.workspaceFileIndexData.visitFileSets.ms,1744946110306000000,1744946170195000000,0
workspaceModel.cachedValue.from.cache.count,1744946110306000000,1744946170195000000,4738
workspaceModel.workspaceFileIndexContributor.registerFileSets.ms,1744946110306000000,1744946170195000000,0
workspaceModel.workspaceFileIndexData.init.ms,1744946110306000000,1744946170195000000,0
workspaceModel.pre.handlers.ms,1744946110306000000,1744946170195000000,0
workspaceModel.on.before.changed.ms,1744946110306000000,1744946170195000000,0
workspaceModel.updates.precise.ms,1744946110306000000,1744946170195000000,0
workspaceModel.entityStorageSnapshotImpl.instances.count,1744946110306000000,1744946170195000000,0
workspaceModel.check.recursive.update.ms,1744946110306000000,1744946170195000000,0
workspaceModel.loading.total.ms,1744946110306000000,1744946170195000000,0
workspaceModel.initializing.ms,1744946110306000000,1744946170195000000,0
workspaceModel.cachedValue.calculated.count,1744946110306000000,1744946170195000000,0
workspaceModel.on.changed.ms,1744946110306000000,1744946170195000000,0
workspaceModel.workspaceFileIndexData.processFileSets.ms,1744946110306000000,1744946170195000000,0
workspaceModel.workspaceFileIndexData.getFileInfo.ms,1744946110306000000,1744946170195000000,77
workspaceModel.full.replace.project.model.ms,1744946110306000000,1744946170195000000,0
workspaceModel.cachedValueWithParameters.total.get.count,1744946110306000000,1744946170195000000,0
workspaceModel.workspaceFileIndexData.getDirectoriesByPackageName.ms,1744946110306000000,1744946170195000000,0
workspaceModel.workspaceFileIndexData.updateDirtyEntities.ms,1744946110306000000,1744946170195000000,0
workspaceModel.replace.project.model.ms,1744946110306000000,1744946170195000000,0
workspaceModel.updates.count,1744946110306000000,1744946170195000000,0
workspaceModel.loading.from.cache.ms,1744946110306000000,1744946170195000000,0
workspaceModel.cachedValueWithParameters.calculated.count,1744946110306000000,1744946170195000000,0
workspaceModel.workspaceFileIndexData.instances.count,1744946110306000000,1744946170195000000,0
workspaceModel.workspaceFileIndexData.onEntitiesChanged.ms,1744946110306000000,1744946170195000000,0
workspaceModel.to.snapshot.ms,1744946110306000000,1744946170195000000,0
workspaceModel.workspaceFileIndexData.getPackageName.ms,1744946110306000000,1744946170195000000,0
workspaceModel.collect.changes.ms,1744946110306000000,1744946170195000000,0
workspaceModel.init.bridges.ms,1744946110306000000,1744946170195000000,0
workspaceModel.workspaceFileIndexData.markDirty.ms,1744946110306000000,1744946170195000000,0
workspaceModel.cachedValue.total.get.count,1744946110306000000,1744946170195000000,4738
workspaceModel.updates.ms,1744946110306000000,1744946170195000000,0
NonBlockingReadAction.finalizedExecutionTimeUs,1744946110306000000,1744946170195000000,324516
FlushQueue.queueSizeAvg,1744946110306000000,1744946170195000000,0.0
NonBlockingReadAction.failedExecutionTimeUs,1744946110306000000,1744946170195000000,0
NonBlockingReadAction.finalizedExecutionsCount,1744946110306000000,1744946170195000000,198
AWTEventQueue.dispatchTimeTotalNS,1744946110306000000,1744946170195000000,11294180963
FlushQueue.queueSizeMax,1744946110306000000,1744946170195000000,0
AWTEventQueue.eventsDispatched,1744946110306000000,1744946170195000000,0
FlushQueue.waitingTimeMaxNs,1744946110306000000,1744946170195000000,0
FlushQueue.queueSize90P,1744946110306000000,1744946170195000000,0
FlushQueue.waitingTimeAvgNs,1744946110306000000,1744946170195000000,0.0
FlushQueue.executionTimeAvgNs,1744946110306000000,1744946170195000000,0.0
FlushQueue.executionTimeMaxNs,1744946110306000000,1744946170195000000,0
AWTEventQueue.dispatchTimeAvgNs,1744946110306000000,1744946170195000000,0.0
ReadAction.executionsCount,1744946110306000000,1744946170195000000,611536
NonBlockingReadAction.failedExecutionsCount,1744946110306000000,1744946170195000000,0
FlushQueue.executionTime90PNs,1744946110306000000,1744946170195000000,0
AWTEventQueue.dispatchTime90PNs,1744946110306000000,1744946170195000000,0
FlushQueue.tasksExecuted,1744946110306000000,1744946170195000000,0
WriteAction.executionsCount,1744946110306000000,1744946170195000000,18
AWTEventQueue.dispatchTimeMaxNs,1744946110306000000,1744946170195000000,0
FlushQueue.waitingTime90PNs,1744946110306000000,1744946170195000000,0
workspaceModel.do.save.caches.ms,1744946110306000000,1744946170195000000,0
workspaceModel.moduleManagerBridge.load.module.ms,1744946110306000000,1744946170195000000,0
workspaceModel.mutableEntityStorage.put.entity.ms,1744946110306000000,1744946170195000000,0
workspaceModel.load.cache.from.file.ms,1744946110306000000,1744946170195000000,0
jps.global.get.library.by.name.ms,1744946110306000000,1744946170195000000,0
workspaceModel.mutableEntityStorage.add.entity.ms,1744946110306000000,1744946170195000000,0
workspaceModel.mutableEntityStorage.entities.by.source.ms,1744946110306000000,1744946170195000000,0
jps.global.handle.before.change.events.ms,1744946110306000000,1744946170195000000,0
jps.artifact.entities.serializer.save.entities.ms,1744946110306000000,1744946170195000000,0
jps.module.dependency.index.workspace.model.listener.on.changed.ms,1744946110306000000,1744946170195000000,0
workspaceModel.moduleBridge.before.changed.ms,1744946110306000000,1744946170195000000,0
workspaceModel.moduleManagerBridge.build.module.graph.ms,1744946110306000000,1744946170195000000,0
jps.project.serializers.save.ms,1744946110306000000,1744946170195000000,7
workspaceModel.mutableEntityStorage.changeLog.addReplaceEventForNewParent.ms,1744946110306000000,1744946170195000000,0
jps.app.storage.content.writer.save.component.ms,1744946110306000000,1744946170195000000,64
workspaceModel.mutableEntityStorage.resolve.ms,1744946110306000000,1744946170195000000,0
jps.save.global.entities.ms,1744946110306000000,1744946170195000000,146
workspaceModel.moduleManagerBridge.get.modules.ms,1744946110306000000,1744946170195000000,0
workspaceModel.moduleBridgeLoader.loading.modules.ms,1744946110306000000,1744946170195000000,0
jps.storage.jps.conf.reader.load.component.ms,1744946110306000000,1744946170195000000,0
workspaceModel.mutableEntityStorage.entities.ms,1744946110306000000,1744946170195000000,0
jps.facet.change.listener.init.bridge.ms,1744946110306000000,1744946170195000000,0
workspaceModel.mutableEntityStorage.changeLog.addReplaceEventForNewChild.ms,1744946110306000000,1744946170195000000,0
workspaceModel.moduleManagerBridge.create.module.instance.ms,1744946110306000000,1744946170195000000,0
jps.load.project.to.empty.storage.ms,1744946110306000000,1744946170195000000,0
workspaceModel.mutableEntityStorage.mutable.vfurl.index.ms,1744946110306000000,1744946170195000000,0
workspaceModel.moduleBridge.update.option.ms,1744946110306000000,1744946170195000000,0
jps.app.storage.content.reader.load.component.ms,1744946110306000000,1744946170195000000,0
workspaceModel.mutableEntityStorage.apply.changes.from.ms,1744946110306000000,1744946170195000000,0
workspaceModel.orphan.listener.update.ms,1744946110306000000,1744946170195000000,0
workspaceModel.moduleManagerBridge.set.unloadedModules.ms,1744946110306000000,1744946170195000000,0
workspaceModel.mutableEntityStorage.changeLog.addReplaceEventForRemovedChild.ms,1744946110306000000,1744946170195000000,0
jps.global.get.libraries.ms,1744946110306000000,1744946170195000000,0
jps.load.initial.state.ms,1744946110306000000,1744946170195000000,0
jps.facet.change.listener.process.change.events.ms,1744946110306000000,1744946170195000000,0
jps.global.get.library.ms,1744946110306000000,1744946170195000000,0
jps.facet.change.listener.before.change.events.ms,1744946110306000000,1744946170195000000,0
workspaceModel.moduleBridge.facet.initialization.ms,1744946110306000000,1744946170195000000,0
jps.artifact.entities.serializer.load.entities.ms,1744946110306000000,1744946170195000000,0
jps.global.initialize.library.bridges.ms,1744946110306000000,1744946170195000000,0
workspaceModel.save.cache.to.file.ms,1744946110306000000,1744946170195000000,0
workspaceModel.mutableEntityStorage.collect.changes.ms,1744946110306000000,1744946170195000000,0
jps.module.iml.entities.serializer.save.entities.ms,1744946110306000000,1744946170195000000,0
jps.global.handle.changed.events.ms,1744946110306000000,1744946170195000000,0
workspaceModel.global.updates.ms,1744946110306000000,1744946170195000000,0
workspaceModel.mutableEntityStorage.referrers.ms,1744946110306000000,1744946170195000000,0
workspaceModel.mutableEntityStorage.changeLog.addReplaceEventForRemovedParent.ms,1744946110306000000,1744946170195000000,0
workspaceModel.moduleManagerBridge.newModule.ms,1744946110306000000,1744946170195000000,0
jps.project.serializers.load.ms,1744946110306000000,1744946170195000000,0
jps.module.iml.entities.serializer.load.entities.ms,1744946110306000000,1744946170195000000,0
workspaceModel.mutableEntityStorage.instances.count,1744946110306000000,1744946170195000000,0
workspaceModel.moduleManagerBridge.load.all.modules.ms,1744946110306000000,1744946170195000000,0
workspaceModel.moduleManagerBridge.new.nonPersistent.module.ms,1744946110306000000,1744946170195000000,0
workspaceModel.global.apply.state.to.project.builder.ms,1744946110306000000,1744946170195000000,0
workspaceModel.global.updates.count,1744946110306000000,1744946170195000000,0
jps.library.entities.serializer.save.entities.ms,1744946110306000000,1744946170195000000,0
workspaceModel.mutableEntityStorage.replace.by.source.ms,1744946110306000000,1744946170195000000,0
workspaceModel.mutableEntityStorage.remove.entity.ms,1744946110306000000,1744946170195000000,0
jps.global.initialize.library.bridges.after.loading.ms,1744946110306000000,1744946170195000000,0
workspaceModel.mutableEntityStorage.modify.entity.ms,1744946110306000000,1744946170195000000,0
workspaceModel.load.cache.metadata.from.file.ms,1744946110306000000,1744946170195000000,0
workspaceModel.mutableEntityStorage.has.same.entities.ms,1744946110306000000,1744946170195000000,0
workspaceModel.mutableEntityStorage.mutable.ext.mapping.ms,1744946110306000000,1744946170195000000,0
jps.reload.project.entities.ms,1744946110306000000,1744946170195000000,0
jps.apply.loaded.storage.ms,1744946110306000000,1744946170195000000,0
workspaceModel.delayed.project.synchronizer.sync.ms,1744946110306000000,1744946170195000000,0
workspaceModel.global.apply.state.to.project.ms,1744946110306000000,1744946170195000000,0
workspaceModel.sync.entities.ms,1744946110306000000,1744946170195000000,0
workspaceModel.mutableEntityStorage.to.snapshot.ms,1744946110306000000,1744946170195000000,0
jps.library.entities.serializer.load.entities.ms,1744946110306000000,1744946170195000000,0
jps.save.changed.project.entities.ms,1744946110306000000,1744946170195000000,7
IndexesFlusher.totalFlushesRetried,1744946110306000000,1744946170195000000,0
Indexing.writer_0.totalTimeSpentWritingMs,1744946110306000000,1744946170195000000,0
Indexing.writesQueuedMin,1744946110306000000,1744946170195000000,9223372036854775807
Indexing.cache.totalCacheAccesses,1744946110306000000,1744946170195000000,92
Indexes.entries.lookupDurationMaxMs,1744946110306000000,1744946170195000000,0.0
Indexes.stubs.lookupDurationMaxMs,1744946110306000000,1744946170195000000,0.0
Indexes.entries.lookupDuration90PMs,1744946110306000000,1744946170195000000,0.0
Indexes.allKeys.lookupDurationMaxMs,1744946110306000000,1744946170195000000,0.0
Indexing.writer_2.totalTimeSpentWritingMs,1744946110306000000,1744946170195000000,0
Indexes.stubs.lookupDuration90PMs,1744946110306000000,1744946170195000000,0.0
Indexes.stubs.lookupDurationAvgMs,1744946110306000000,1744946170195000000,0.0
Indexes.entries.lookups,1744946110306000000,1744946170195000000,17
Indexing.writer_1.totalTimeSpentWritingMs,1744946110306000000,1744946170195000000,0
Indexes.allKeys.lookupDurationAvgMs,1744946110306000000,1744946170195000000,0.0
Indexing.writesQueuedMax,1744946110306000000,1744946170195000000,0
Indexing.cache.totalCacheMisses,1744946110306000000,1744946170195000000,20
IndexesFlusher.totalFlushes,1744946110306000000,1744946170195000000,60
Indexes.stubs.lookups,1744946110306000000,1744946170195000000,24
Indexes.allKeys.lookupDuration90PMs,1744946110306000000,1744946170195000000,0.0
Indexing.cache.totalCacheEvicted,1744946110306000000,1744946170195000000,20
Indexes.allKeys.lookups,1744946110306000000,1744946170195000000,0
IndexesFlusher.totalFlushingTimeUs,1744946110306000000,1744946170195000000,127033
Indexing.writer_3.totalTimeSpentWritingMs,1744946110306000000,1744946170195000000,0
Indexing.totalTimeIndexersSleptMs,1744946110306000000,1744946170195000000,0
Indexes.entries.lookupDurationAvgMs,1744946110306000000,1744946170195000000,0.0
IndexesFlusher.totalContentionQuotaSpent,1744946110306000000,1744946170195000000,0
JVM.totalTimeAtSafepointsMs,1744946110306000000,1744946170195000000,266
JVM.usedNativeBytes,1744946110306000000,1744946170195000000,380582008
OS.loadAverage,1744946110306000000,1744946170195000000,1.2685546875
JVM.maxHeapBytes,1744946110306000000,1744946170195000000,2147483648
JVM.usedHeapBytes,1744946110306000000,1744946170195000000,354843960
JVM.GC.collectionTimesMs,1744946110306000000,1744946170195000000,252
JVM.totalDirectByteBuffersBytes,1744946110306000000,1744946170195000000,156099213
JVM.totalSafepointCount,1744946110306000000,1744946170195000000,77
JVM.totalTimeToSafepointsMs,1744946110306000000,1744946170195000000,5
JVM.maxThreadCount,1744946110306000000,1744946170195000000,132
JVM.totalCpuTimeMs,1744946110306000000,1744946170195000000,56270
JVM.threadCount,1744946110306000000,1744946170195000000,75
JVM.newThreadsCount,1744946110306000000,1744946170195000000,3
JVM.GC.collections,1744946110306000000,1744946170195000000,13
JVM.totalBytesAllocated,1744946110306000000,1744946170195000000,798931040
StreamlinedBlobStorage.recordsAllocated,1744946110306000000,1744946170195000000,0
FileChannelInterruptsRetryer.totalRetriedAttempts,1744946110306000000,1744946170195000000,0
FilePageCacheLockFree.totalBytesRequested,1744946110306000000,1744946170195000000,0
FilePageCacheLockFree.totalPagesRequested,1744946110306000000,1744946170195000000,0
FilePageCache.disposedBuffers,1744946110306000000,1744946170195000000,0
DirectByteBufferAllocator.misses,1744946110306000000,1744946170195000000,1
FilePageCacheLockFree.totalNativeBytesReclaimed,1744946110306000000,1744946170195000000,0
StreamlinedBlobStorage.recordsDeleted,1744946110306000000,1744946170195000000,0
FilePageCache.pageLoadsAboveSizeThreshold,1744946110306000000,1744946170195000000,0
FilePageCache.pageFastCacheHits,1744946110306000000,1744946170195000000,171
FilePageCacheLockFree.housekeeperTurnsSkipped,1744946110306000000,1744946170195000000,0
DirectByteBufferAllocator.totalSizeOfBuffersCachedInBytes,1744946110306000000,1744946170195000000,0
MappedFileStorage.storages,1744946110306000000,1744946170195000000,16
FilePageCache.uncachedFileAccess,1744946110306000000,1744946170195000000,18
MappedFileStorage.totalPagesMapped,1744946110306000000,1744946170195000000,16
FilePageCacheLockFree.totalPagesReclaimed,1744946110306000000,1744946170195000000,0
FilePageCacheLockFree.totalPagesRequestsMs,1744946110306000000,1744946170195000000,0
DirectByteBufferAllocator.reclaimed,1744946110306000000,1744946170195000000,0
FilePageCache.capacityInBytes,1744946110306000000,1744946170195000000,503316478
StorageLockContext.competingThreads.avg,1744946110306000000,1744946170195000000,0.0
FilePageCache.totalPageLoadsUs,1744946110306000000,1744946170195000000,645
MappedFileStorage.totalTimeSpentOnMappingUs,1744946110306000000,1744946170195000000,41443
StorageLockContext.competingThreads.90P,1744946110306000000,1744946170195000000,0
FilePageCacheLockFree.totalBytesWritten,1744946110306000000,1744946170195000000,0
StreamlinedBlobStorage.totalLiveRecordsCapacityBytes,1744946110306000000,1744946170195000000,0
FilePageCache.pageHits,1744946110306000000,1744946170195000000,7
FilePageCacheLockFree.totalPagesHandedOver,1744946110306000000,1744946170195000000,0
FilePageCacheLockFree.totalPagesWritten,1744946110306000000,1744946170195000000,0
FilePageCacheLockFree.totalClosedStoragesReclaimed,1744946110306000000,1744946170195000000,0
FilePageCacheLockFree.totalPagesWriteMs,1744946110306000000,1744946170195000000,0
FilePageCacheLockFree.totalPageAllocationsWaited,1744946110306000000,1744946170195000000,0
FilePageCacheLockFree.nativeBytesInUse,1744946110306000000,1744946170195000000,0
MappedFileStorage.totalBytesMapped,1744946110306000000,1744946170195000000,202637312
DirectByteBufferAllocator.totalSizeOfBuffersAllocatedInBytes,1744946110306000000,1744946170195000000,154279936
StreamlinedBlobStorage.recordsRelocated,1744946110306000000,1744946170195000000,0
StreamlinedBlobStorage.totalLiveRecordsPayloadBytes,1744946110306000000,1744946170195000000,2
FilePageCacheLockFree.totalBytesRead,1744946110306000000,1744946170195000000,0
FilePageCache.totalPageDisposalsUs,1744946110306000000,1744946170195000000,6
FilePageCache.maxRegisteredFiles,1744946110306000000,1744946170195000000,261
DirectByteBufferAllocator.disposed,1744946110306000000,1744946170195000000,0
FilePageCache.pageLoads,1744946110306000000,1744946170195000000,1
FilePageCacheLockFree.totalPagesAllocated,1744946110306000000,1744946170195000000,0
FilePageCacheLockFree.totalHeapBytesReclaimed,1744946110306000000,1744946170195000000,0
FilePageCacheLockFree.heapBytesInUse,1744946110306000000,1744946170195000000,0
FilePageCache.maxCacheSizeInBytes,1744946110306000000,1744946170195000000,154279936
DirectByteBufferAllocator.hits,1744946110306000000,1744946170195000000,0
FilePageCacheLockFree.totalNativeBytesAllocated,1744946110306000000,1744946170195000000,0
FilePageCacheLockFree.totalHeapBytesAllocated,1744946110306000000,1744946170195000000,0
StorageLockContext.competingThreads.max,1744946110306000000,1744946170195000000,0
FilePageCacheLockFree.housekeeperTimeSpentMs,1744946110306000000,1744946170195000000,0
FilePageCacheLockFree.housekeeperTurnsDone,1744946110306000000,1744946170195000000,0
FilePageCacheLockFree.totalPagesReadMs,1744946110306000000,1744946170195000000,0
VFS.invertedFileNameIndex.requests,1744946170195000000,1744946230186000000,0
VFS.contentStorage.recordsDecompressionTimeUs,1744946170195000000,1744946230186000000,740
VFS.contentStorage.recordsUncompressedSize,1744946170195000000,1744946230186000000,0
VFS.fileChildByName,1744946170195000000,1744946230186000000,31970
FileNameCache.queries,1744946170195000000,1744946230186000000,359808
VFS.contentStorage.recordsRead,1744946170195000000,1744946230186000000,93
VFS.contentStorage.recordsStoredCompressed,1744946170195000000,1744946230186000000,0
VFS.fileByIdCache.hits,1744946170195000000,1744946230186000000,0
VFS.contentStorage.recordsReadDecompressed,1744946170195000000,1744946230186000000,4
VFS.contentStorage.recordsReadSize,1744946170195000000,1744946230186000000,381902
VFS.contentStorage.recordsStored,1744946170195000000,1744946230186000000,0
VFS.contentStorage.recordsDeduplicated,1744946170195000000,1744946230186000000,0
FileNameCache.totalMisses,1744946170195000000,1744946230186000000,0
VFS.fileByIdCache.misses,1744946170195000000,1744946230186000000,10366
VFS.contentStorage.recordsStoredSize,1744946170195000000,1744946230186000000,0
DiskQueryRelay.taskWaitingTotalTimeUs,1744946170195000000,1744946230186000000,732213
DiskQueryRelay.tasksRequested,1744946170195000000,1744946230186000000,2168
parser.Python.time.ns,1744946170195000000,1744946230186000000,172219516
parser.Python.size.bytes,1744946170195000000,1744946230186000000,28265
parser.PythonStub.time.ns,1744946170195000000,1744946230186000000,47005400
lexer.PythonStub.size.bytes,1744946170195000000,1744946230186000000,89280
writeAction.count,1744946170195000000,1744946230186000000,26
parser.PythonStub.size.bytes,1744946170195000000,1744946230186000000,89280
lexer.PythonStub.time.ns,1744946170195000000,1744946230186000000,17231104
lexer.Python.size.bytes,1744946170195000000,1744946230186000000,28265
writeAction.wait.ms,1744946170195000000,1744946230186000000,5
writeAction.median.wait.ms,1744946170195000000,1744946230186000000,0
DiskQueryRelay.taskExecutionTotalTimeUs,1744946170195000000,1744946230186000000,356929
DiskQueryRelay.tasksExecuted,1744946170195000000,1744946230186000000,2168
writeAction.max.wait.ms,1744946170195000000,1744946230186000000,96
lexer.Python.time.ns,1744946170195000000,1744946230186000000,68716527
cacheStateStorage.set.counter,1744946170195000000,1744946230186000000,0
cacheStateStorage.set.duration,1744946170195000000,1744946230186000000,0
cacheStateStorage.get.duration,1744946170195000000,1744946230186000000,17
cacheStateStorage.get.counter,1744946170195000000,1744946230186000000,2
workspaceModel.cachedValueWithParameters.from.cache.count,1744946170195000000,1744946230186000000,0
workspaceModel.update.unloaded.entities.ms,1744946170195000000,1744946230186000000,0
workspaceModel.cachedValueWithParameters.clear.count,1744946170195000000,1744946230186000000,0
workspaceModel.cachedValue.clear.count,1744946170195000000,1744946230186000000,0
workspaceModel.workspaceFileIndexData.visitFileSets.ms,1744946170195000000,1744946230186000000,0
workspaceModel.cachedValue.from.cache.count,1744946170195000000,1744946230186000000,7445
workspaceModel.workspaceFileIndexContributor.registerFileSets.ms,1744946170195000000,1744946230186000000,0
workspaceModel.workspaceFileIndexData.init.ms,1744946170195000000,1744946230186000000,0
workspaceModel.pre.handlers.ms,1744946170195000000,1744946230186000000,0
workspaceModel.on.before.changed.ms,1744946170195000000,1744946230186000000,0
workspaceModel.updates.precise.ms,1744946170195000000,1744946230186000000,0
workspaceModel.entityStorageSnapshotImpl.instances.count,1744946170195000000,1744946230186000000,0
workspaceModel.check.recursive.update.ms,1744946170195000000,1744946230186000000,0
workspaceModel.loading.total.ms,1744946170195000000,1744946230186000000,0
workspaceModel.initializing.ms,1744946170195000000,1744946230186000000,0
workspaceModel.cachedValue.calculated.count,1744946170195000000,1744946230186000000,0
workspaceModel.on.changed.ms,1744946170195000000,1744946230186000000,0
workspaceModel.workspaceFileIndexData.processFileSets.ms,1744946170195000000,1744946230186000000,0
workspaceModel.workspaceFileIndexData.getFileInfo.ms,1744946170195000000,1744946230186000000,94
workspaceModel.full.replace.project.model.ms,1744946170195000000,1744946230186000000,0
workspaceModel.cachedValueWithParameters.total.get.count,1744946170195000000,1744946230186000000,0
workspaceModel.workspaceFileIndexData.getDirectoriesByPackageName.ms,1744946170195000000,1744946230186000000,0
workspaceModel.workspaceFileIndexData.updateDirtyEntities.ms,1744946170195000000,1744946230186000000,0
workspaceModel.replace.project.model.ms,1744946170195000000,1744946230186000000,0
workspaceModel.updates.count,1744946170195000000,1744946230186000000,0
workspaceModel.loading.from.cache.ms,1744946170195000000,1744946230186000000,0
workspaceModel.cachedValueWithParameters.calculated.count,1744946170195000000,1744946230186000000,0
workspaceModel.workspaceFileIndexData.instances.count,1744946170195000000,1744946230186000000,0
workspaceModel.workspaceFileIndexData.onEntitiesChanged.ms,1744946170195000000,1744946230186000000,0
workspaceModel.to.snapshot.ms,1744946170195000000,1744946230186000000,0
workspaceModel.workspaceFileIndexData.getPackageName.ms,1744946170195000000,1744946230186000000,0
workspaceModel.collect.changes.ms,1744946170195000000,1744946230186000000,0
workspaceModel.init.bridges.ms,1744946170195000000,1744946230186000000,0
workspaceModel.workspaceFileIndexData.markDirty.ms,1744946170195000000,1744946230186000000,0
workspaceModel.cachedValue.total.get.count,1744946170195000000,1744946230186000000,7445
workspaceModel.updates.ms,1744946170195000000,1744946230186000000,0
NonBlockingReadAction.finalizedExecutionTimeUs,1744946170195000000,1744946230186000000,1148877
FlushQueue.queueSizeAvg,1744946170195000000,1744946230186000000,0.0
NonBlockingReadAction.failedExecutionTimeUs,1744946170195000000,1744946230186000000,145160
NonBlockingReadAction.finalizedExecutionsCount,1744946170195000000,1744946230186000000,493
AWTEventQueue.dispatchTimeTotalNS,1744946170195000000,1744946230186000000,8477824338
FlushQueue.queueSizeMax,1744946170195000000,1744946230186000000,0
AWTEventQueue.eventsDispatched,1744946170195000000,1744946230186000000,0
FlushQueue.waitingTimeMaxNs,1744946170195000000,1744946230186000000,0
FlushQueue.queueSize90P,1744946170195000000,1744946230186000000,0
FlushQueue.waitingTimeAvgNs,1744946170195000000,1744946230186000000,0.0
FlushQueue.executionTimeAvgNs,1744946170195000000,1744946230186000000,0.0
FlushQueue.executionTimeMaxNs,1744946170195000000,1744946230186000000,0
AWTEventQueue.dispatchTimeAvgNs,1744946170195000000,1744946230186000000,0.0
ReadAction.executionsCount,1744946170195000000,1744946230186000000,353673
NonBlockingReadAction.failedExecutionsCount,1744946170195000000,1744946230186000000,2
FlushQueue.executionTime90PNs,1744946170195000000,1744946230186000000,0
AWTEventQueue.dispatchTime90PNs,1744946170195000000,1744946230186000000,0
FlushQueue.tasksExecuted,1744946170195000000,1744946230186000000,0
WriteAction.executionsCount,1744946170195000000,1744946230186000000,26
AWTEventQueue.dispatchTimeMaxNs,1744946170195000000,1744946230186000000,0
FlushQueue.waitingTime90PNs,1744946170195000000,1744946230186000000,0
workspaceModel.do.save.caches.ms,1744946170195000000,1744946230186000000,0
workspaceModel.moduleManagerBridge.load.module.ms,1744946170195000000,1744946230186000000,0
workspaceModel.mutableEntityStorage.put.entity.ms,1744946170195000000,1744946230186000000,0
workspaceModel.load.cache.from.file.ms,1744946170195000000,1744946230186000000,0
jps.global.get.library.by.name.ms,1744946170195000000,1744946230186000000,0
workspaceModel.mutableEntityStorage.add.entity.ms,1744946170195000000,1744946230186000000,0
workspaceModel.mutableEntityStorage.entities.by.source.ms,1744946170195000000,1744946230186000000,0
jps.global.handle.before.change.events.ms,1744946170195000000,1744946230186000000,0
jps.artifact.entities.serializer.save.entities.ms,1744946170195000000,1744946230186000000,0
jps.module.dependency.index.workspace.model.listener.on.changed.ms,1744946170195000000,1744946230186000000,0
workspaceModel.moduleBridge.before.changed.ms,1744946170195000000,1744946230186000000,0
workspaceModel.moduleManagerBridge.build.module.graph.ms,1744946170195000000,1744946230186000000,0
jps.project.serializers.save.ms,1744946170195000000,1744946230186000000,0
workspaceModel.mutableEntityStorage.changeLog.addReplaceEventForNewParent.ms,1744946170195000000,1744946230186000000,0
jps.app.storage.content.writer.save.component.ms,1744946170195000000,1744946230186000000,0
workspaceModel.mutableEntityStorage.resolve.ms,1744946170195000000,1744946230186000000,0
jps.save.global.entities.ms,1744946170195000000,1744946230186000000,0
workspaceModel.moduleManagerBridge.get.modules.ms,1744946170195000000,1744946230186000000,0
workspaceModel.moduleBridgeLoader.loading.modules.ms,1744946170195000000,1744946230186000000,0
jps.storage.jps.conf.reader.load.component.ms,1744946170195000000,1744946230186000000,0
workspaceModel.mutableEntityStorage.entities.ms,1744946170195000000,1744946230186000000,0
jps.facet.change.listener.init.bridge.ms,1744946170195000000,1744946230186000000,0
workspaceModel.mutableEntityStorage.changeLog.addReplaceEventForNewChild.ms,1744946170195000000,1744946230186000000,0
workspaceModel.moduleManagerBridge.create.module.instance.ms,1744946170195000000,1744946230186000000,0
jps.load.project.to.empty.storage.ms,1744946170195000000,1744946230186000000,0
workspaceModel.mutableEntityStorage.mutable.vfurl.index.ms,1744946170195000000,1744946230186000000,0
workspaceModel.moduleBridge.update.option.ms,1744946170195000000,1744946230186000000,0
jps.app.storage.content.reader.load.component.ms,1744946170195000000,1744946230186000000,0
workspaceModel.mutableEntityStorage.apply.changes.from.ms,1744946170195000000,1744946230186000000,0
workspaceModel.orphan.listener.update.ms,1744946170195000000,1744946230186000000,0
workspaceModel.moduleManagerBridge.set.unloadedModules.ms,1744946170195000000,1744946230186000000,0
workspaceModel.mutableEntityStorage.changeLog.addReplaceEventForRemovedChild.ms,1744946170195000000,1744946230186000000,0
jps.global.get.libraries.ms,1744946170195000000,1744946230186000000,0
jps.load.initial.state.ms,1744946170195000000,1744946230186000000,0
jps.facet.change.listener.process.change.events.ms,1744946170195000000,1744946230186000000,0
jps.global.get.library.ms,1744946170195000000,1744946230186000000,0
jps.facet.change.listener.before.change.events.ms,1744946170195000000,1744946230186000000,0
workspaceModel.moduleBridge.facet.initialization.ms,1744946170195000000,1744946230186000000,0
jps.artifact.entities.serializer.load.entities.ms,1744946170195000000,1744946230186000000,0
jps.global.initialize.library.bridges.ms,1744946170195000000,1744946230186000000,0
workspaceModel.save.cache.to.file.ms,1744946170195000000,1744946230186000000,0
workspaceModel.mutableEntityStorage.collect.changes.ms,1744946170195000000,1744946230186000000,0
jps.module.iml.entities.serializer.save.entities.ms,1744946170195000000,1744946230186000000,0
jps.global.handle.changed.events.ms,1744946170195000000,1744946230186000000,0
workspaceModel.global.updates.ms,1744946170195000000,1744946230186000000,0
workspaceModel.mutableEntityStorage.referrers.ms,1744946170195000000,1744946230186000000,0
workspaceModel.mutableEntityStorage.changeLog.addReplaceEventForRemovedParent.ms,1744946170195000000,1744946230186000000,0
workspaceModel.moduleManagerBridge.newModule.ms,1744946170195000000,1744946230186000000,0
jps.project.serializers.load.ms,1744946170195000000,1744946230186000000,0
jps.module.iml.entities.serializer.load.entities.ms,1744946170195000000,1744946230186000000,0
workspaceModel.mutableEntityStorage.instances.count,1744946170195000000,1744946230186000000,0
workspaceModel.moduleManagerBridge.load.all.modules.ms,1744946170195000000,1744946230186000000,0
workspaceModel.moduleManagerBridge.new.nonPersistent.module.ms,1744946170195000000,1744946230186000000,0
workspaceModel.global.apply.state.to.project.builder.ms,1744946170195000000,1744946230186000000,0
workspaceModel.global.updates.count,1744946170195000000,1744946230186000000,0
jps.library.entities.serializer.save.entities.ms,1744946170195000000,1744946230186000000,0
workspaceModel.mutableEntityStorage.replace.by.source.ms,1744946170195000000,1744946230186000000,0
workspaceModel.mutableEntityStorage.remove.entity.ms,1744946170195000000,1744946230186000000,0
jps.global.initialize.library.bridges.after.loading.ms,1744946170195000000,1744946230186000000,0
workspaceModel.mutableEntityStorage.modify.entity.ms,1744946170195000000,1744946230186000000,0
workspaceModel.load.cache.metadata.from.file.ms,1744946170195000000,1744946230186000000,0
workspaceModel.mutableEntityStorage.has.same.entities.ms,1744946170195000000,1744946230186000000,0
workspaceModel.mutableEntityStorage.mutable.ext.mapping.ms,1744946170195000000,1744946230186000000,0
jps.reload.project.entities.ms,1744946170195000000,1744946230186000000,0
jps.apply.loaded.storage.ms,1744946170195000000,1744946230186000000,0
workspaceModel.delayed.project.synchronizer.sync.ms,1744946170195000000,1744946230186000000,0
workspaceModel.global.apply.state.to.project.ms,1744946170195000000,1744946230186000000,0
workspaceModel.sync.entities.ms,1744946170195000000,1744946230186000000,0
workspaceModel.mutableEntityStorage.to.snapshot.ms,1744946170195000000,1744946230186000000,0
jps.library.entities.serializer.load.entities.ms,1744946170195000000,1744946230186000000,0
jps.save.changed.project.entities.ms,1744946170195000000,1744946230186000000,0
IndexesFlusher.totalFlushesRetried,1744946170195000000,1744946230186000000,0
Indexing.writer_0.totalTimeSpentWritingMs,1744946170195000000,1744946230186000000,0
Indexing.writesQueuedMin,1744946170195000000,1744946230186000000,9223372036854775807
Indexing.cache.totalCacheAccesses,1744946170195000000,1744946230186000000,2079
Indexes.entries.lookupDurationMaxMs,1744946170195000000,1744946230186000000,0.0
Indexes.stubs.lookupDurationMaxMs,1744946170195000000,1744946230186000000,0.0
Indexes.entries.lookupDuration90PMs,1744946170195000000,1744946230186000000,0.0
Indexes.allKeys.lookupDurationMaxMs,1744946170195000000,1744946230186000000,0.0
Indexing.writer_2.totalTimeSpentWritingMs,1744946170195000000,1744946230186000000,0
Indexes.stubs.lookupDuration90PMs,1744946170195000000,1744946230186000000,0.0
Indexes.stubs.lookupDurationAvgMs,1744946170195000000,1744946230186000000,0.0
Indexes.entries.lookups,1744946170195000000,1744946230186000000,90
Indexing.writer_1.totalTimeSpentWritingMs,1744946170195000000,1744946230186000000,0
Indexes.allKeys.lookupDurationAvgMs,1744946170195000000,1744946230186000000,0.0
Indexing.writesQueuedMax,1744946170195000000,1744946230186000000,0
Indexing.cache.totalCacheMisses,1744946170195000000,1744946230186000000,1852
IndexesFlusher.totalFlushes,1744946170195000000,1744946230186000000,59
Indexes.stubs.lookups,1744946170195000000,1744946230186000000,47
Indexes.allKeys.lookupDuration90PMs,1744946170195000000,1744946230186000000,0.0
Indexing.cache.totalCacheEvicted,1744946170195000000,1744946230186000000,1823
Indexes.allKeys.lookups,1744946170195000000,1744946230186000000,0
IndexesFlusher.totalFlushingTimeUs,1744946170195000000,1744946230186000000,134284
Indexing.writer_3.totalTimeSpentWritingMs,1744946170195000000,1744946230186000000,0
Indexing.totalTimeIndexersSleptMs,1744946170195000000,1744946230186000000,0
Indexes.entries.lookupDurationAvgMs,1744946170195000000,1744946230186000000,0.0
IndexesFlusher.totalContentionQuotaSpent,1744946170195000000,1744946230186000000,0
JVM.totalTimeAtSafepointsMs,1744946170195000000,1744946230186000000,284
JVM.usedNativeBytes,1744946170195000000,1744946230186000000,400897024
OS.loadAverage,1744946170195000000,1744946230186000000,1.53271484375
JVM.maxHeapBytes,1744946170195000000,1744946230186000000,2147483648
JVM.usedHeapBytes,1744946170195000000,1744946230186000000,538968064
JVM.GC.collectionTimesMs,1744946170195000000,1744946230186000000,275
JVM.totalDirectByteBuffersBytes,1744946170195000000,1744946230186000000,158229044
JVM.totalSafepointCount,1744946170195000000,1744946230186000000,70
JVM.totalTimeToSafepointsMs,1744946170195000000,1744946230186000000,2
JVM.maxThreadCount,1744946170195000000,1744946230186000000,132
JVM.totalCpuTimeMs,1744946170195000000,1744946230186000000,53860
JVM.threadCount,1744946170195000000,1744946230186000000,80
JVM.newThreadsCount,1744946170195000000,1744946230186000000,6
JVM.GC.collections,1744946170195000000,1744946230186000000,12
JVM.totalBytesAllocated,1744946170195000000,1744946230186000000,1145056344
StreamlinedBlobStorage.recordsAllocated,1744946170195000000,1744946230186000000,0
FileChannelInterruptsRetryer.totalRetriedAttempts,1744946170195000000,1744946230186000000,0
FilePageCacheLockFree.totalBytesRequested,1744946170195000000,1744946230186000000,0
FilePageCacheLockFree.totalPagesRequested,1744946170195000000,1744946230186000000,0
FilePageCache.disposedBuffers,1744946170195000000,1744946230186000000,0
DirectByteBufferAllocator.misses,1744946170195000000,1744946230186000000,2
FilePageCacheLockFree.totalNativeBytesReclaimed,1744946170195000000,1744946230186000000,0
StreamlinedBlobStorage.recordsDeleted,1744946170195000000,1744946230186000000,0
FilePageCache.pageLoadsAboveSizeThreshold,1744946170195000000,1744946230186000000,0
FilePageCache.pageFastCacheHits,1744946170195000000,1744946230186000000,3980
FilePageCacheLockFree.housekeeperTurnsSkipped,1744946170195000000,1744946230186000000,0
DirectByteBufferAllocator.totalSizeOfBuffersCachedInBytes,1744946170195000000,1744946230186000000,0
MappedFileStorage.storages,1744946170195000000,1744946230186000000,16
FilePageCache.uncachedFileAccess,1744946170195000000,1744946230186000000,2
MappedFileStorage.totalPagesMapped,1744946170195000000,1744946230186000000,16
FilePageCacheLockFree.totalPagesReclaimed,1744946170195000000,1744946230186000000,0
FilePageCacheLockFree.totalPagesRequestsMs,1744946170195000000,1744946230186000000,0
DirectByteBufferAllocator.reclaimed,1744946170195000000,1744946230186000000,0
FilePageCache.capacityInBytes,1744946170195000000,1744946230186000000,503316478
StorageLockContext.competingThreads.avg,1744946170195000000,1744946230186000000,0.0
FilePageCache.totalPageLoadsUs,1744946170195000000,1744946230186000000,27103
MappedFileStorage.totalTimeSpentOnMappingUs,1744946170195000000,1744946230186000000,41443
StorageLockContext.competingThreads.90P,1744946170195000000,1744946230186000000,0
FilePageCacheLockFree.totalBytesWritten,1744946170195000000,1744946230186000000,0
StreamlinedBlobStorage.totalLiveRecordsCapacityBytes,1744946170195000000,1744946230186000000,0
FilePageCache.pageHits,1744946170195000000,1744946230186000000,23
FilePageCacheLockFree.totalPagesHandedOver,1744946170195000000,1744946230186000000,0
FilePageCacheLockFree.totalPagesWritten,1744946170195000000,1744946230186000000,0
FilePageCacheLockFree.totalClosedStoragesReclaimed,1744946170195000000,1744946230186000000,0
FilePageCacheLockFree.totalPagesWriteMs,1744946170195000000,1744946230186000000,0
FilePageCacheLockFree.totalPageAllocationsWaited,1744946170195000000,1744946230186000000,0
FilePageCacheLockFree.nativeBytesInUse,1744946170195000000,1744946230186000000,0
MappedFileStorage.totalBytesMapped,1744946170195000000,1744946230186000000,202637312
DirectByteBufferAllocator.totalSizeOfBuffersAllocatedInBytes,1744946170195000000,1744946230186000000,156377088
StreamlinedBlobStorage.recordsRelocated,1744946170195000000,1744946230186000000,0
StreamlinedBlobStorage.totalLiveRecordsPayloadBytes,1744946170195000000,1744946230186000000,0
FilePageCacheLockFree.totalBytesRead,1744946170195000000,1744946230186000000,0
FilePageCache.totalPageDisposalsUs,1744946170195000000,1744946230186000000,47
FilePageCache.maxRegisteredFiles,1744946170195000000,1744946230186000000,261
DirectByteBufferAllocator.disposed,1744946170195000000,1744946230186000000,0
FilePageCache.pageLoads,1744946170195000000,1744946230186000000,2
FilePageCacheLockFree.totalPagesAllocated,1744946170195000000,1744946230186000000,0
FilePageCacheLockFree.totalHeapBytesReclaimed,1744946170195000000,1744946230186000000,0
FilePageCacheLockFree.heapBytesInUse,1744946170195000000,1744946230186000000,0
FilePageCache.maxCacheSizeInBytes,1744946170195000000,1744946230186000000,156377088
DirectByteBufferAllocator.hits,1744946170195000000,1744946230186000000,0
FilePageCacheLockFree.totalNativeBytesAllocated,1744946170195000000,1744946230186000000,0
FilePageCacheLockFree.totalHeapBytesAllocated,1744946170195000000,1744946230186000000,0
StorageLockContext.competingThreads.max,1744946170195000000,1744946230186000000,0
FilePageCacheLockFree.housekeeperTimeSpentMs,1744946170195000000,1744946230186000000,0
FilePageCacheLockFree.housekeeperTurnsDone,1744946170195000000,1744946230186000000,0
FilePageCacheLockFree.totalPagesReadMs,1744946170195000000,1744946230186000000,0
VFS.invertedFileNameIndex.requests,1744946230186000000,1744946290177000000,0
VFS.contentStorage.recordsDecompressionTimeUs,1744946230186000000,1744946290177000000,0
VFS.contentStorage.recordsUncompressedSize,1744946230186000000,1744946290177000000,0
VFS.fileChildByName,1744946230186000000,1744946290177000000,26069
FileNameCache.queries,1744946230186000000,1744946290177000000,0
VFS.contentStorage.recordsRead,1744946230186000000,1744946290177000000,122
VFS.contentStorage.recordsStoredCompressed,1744946230186000000,1744946290177000000,0
VFS.fileByIdCache.hits,1744946230186000000,1744946290177000000,0
VFS.contentStorage.recordsReadDecompressed,1744946230186000000,1744946290177000000,0
VFS.contentStorage.recordsReadSize,1744946230186000000,1744946290177000000,198960
VFS.contentStorage.recordsStored,1744946230186000000,1744946290177000000,0
VFS.contentStorage.recordsDeduplicated,1744946230186000000,1744946290177000000,0
FileNameCache.totalMisses,1744946230186000000,1744946290177000000,0
VFS.fileByIdCache.misses,1744946230186000000,1744946290177000000,0
VFS.contentStorage.recordsStoredSize,1744946230186000000,1744946290177000000,0
DiskQueryRelay.taskWaitingTotalTimeUs,1744946230186000000,1744946290177000000,130
DiskQueryRelay.tasksRequested,1744946230186000000,1744946290177000000,1
writeAction.count,1744946230186000000,1744946290177000000,156
writeAction.wait.ms,1744946230186000000,1744946290177000000,4
writeAction.median.wait.ms,1744946230186000000,1744946290177000000,100
DiskQueryRelay.taskExecutionTotalTimeUs,1744946230186000000,1744946290177000000,127
DiskQueryRelay.tasksExecuted,1744946230186000000,1744946290177000000,1
writeAction.max.wait.ms,1744946230186000000,1744946290177000000,96
cacheStateStorage.set.counter,1744946230186000000,1744946290177000000,0
cacheStateStorage.set.duration,1744946230186000000,1744946290177000000,0
cacheStateStorage.get.duration,1744946230186000000,1744946290177000000,0
cacheStateStorage.get.counter,1744946230186000000,1744946290177000000,0
workspaceModel.cachedValueWithParameters.from.cache.count,1744946230186000000,1744946290177000000,0
workspaceModel.update.unloaded.entities.ms,1744946230186000000,1744946290177000000,0
workspaceModel.cachedValueWithParameters.clear.count,1744946230186000000,1744946290177000000,0
workspaceModel.cachedValue.clear.count,1744946230186000000,1744946290177000000,0
workspaceModel.workspaceFileIndexData.visitFileSets.ms,1744946230186000000,1744946290177000000,0
workspaceModel.cachedValue.from.cache.count,1744946230186000000,1744946290177000000,2041
workspaceModel.workspaceFileIndexContributor.registerFileSets.ms,1744946230186000000,1744946290177000000,0
workspaceModel.workspaceFileIndexData.init.ms,1744946230186000000,1744946290177000000,0
workspaceModel.pre.handlers.ms,1744946230186000000,1744946290177000000,0
workspaceModel.on.before.changed.ms,1744946230186000000,1744946290177000000,0
workspaceModel.updates.precise.ms,1744946230186000000,1744946290177000000,0
workspaceModel.entityStorageSnapshotImpl.instances.count,1744946230186000000,1744946290177000000,0
workspaceModel.check.recursive.update.ms,1744946230186000000,1744946290177000000,0
workspaceModel.loading.total.ms,1744946230186000000,1744946290177000000,0
workspaceModel.initializing.ms,1744946230186000000,1744946290177000000,0
workspaceModel.cachedValue.calculated.count,1744946230186000000,1744946290177000000,0
workspaceModel.on.changed.ms,1744946230186000000,1744946290177000000,0
workspaceModel.workspaceFileIndexData.processFileSets.ms,1744946230186000000,1744946290177000000,0
workspaceModel.workspaceFileIndexData.getFileInfo.ms,1744946230186000000,1744946290177000000,29
workspaceModel.full.replace.project.model.ms,1744946230186000000,1744946290177000000,0
workspaceModel.cachedValueWithParameters.total.get.count,1744946230186000000,1744946290177000000,0
workspaceModel.workspaceFileIndexData.getDirectoriesByPackageName.ms,1744946230186000000,1744946290177000000,0
workspaceModel.workspaceFileIndexData.updateDirtyEntities.ms,1744946230186000000,1744946290177000000,0
workspaceModel.replace.project.model.ms,1744946230186000000,1744946290177000000,0
workspaceModel.updates.count,1744946230186000000,1744946290177000000,0
workspaceModel.loading.from.cache.ms,1744946230186000000,1744946290177000000,0
workspaceModel.cachedValueWithParameters.calculated.count,1744946230186000000,1744946290177000000,0
workspaceModel.workspaceFileIndexData.instances.count,1744946230186000000,1744946290177000000,0
workspaceModel.workspaceFileIndexData.onEntitiesChanged.ms,1744946230186000000,1744946290177000000,0
workspaceModel.to.snapshot.ms,1744946230186000000,1744946290177000000,0
workspaceModel.workspaceFileIndexData.getPackageName.ms,1744946230186000000,1744946290177000000,0
workspaceModel.collect.changes.ms,1744946230186000000,1744946290177000000,0
workspaceModel.init.bridges.ms,1744946230186000000,1744946290177000000,0
workspaceModel.workspaceFileIndexData.markDirty.ms,1744946230186000000,1744946290177000000,0
workspaceModel.cachedValue.total.get.count,1744946230186000000,1744946290177000000,2041
workspaceModel.updates.ms,1744946230186000000,1744946290177000000,0
NonBlockingReadAction.finalizedExecutionTimeUs,1744946230186000000,1744946290177000000,472978
FlushQueue.queueSizeAvg,1744946230186000000,1744946290177000000,0.0
NonBlockingReadAction.failedExecutionTimeUs,1744946230186000000,1744946290177000000,0
NonBlockingReadAction.finalizedExecutionsCount,1744946230186000000,1744946290177000000,454
AWTEventQueue.dispatchTimeTotalNS,1744946230186000000,1744946290177000000,6433704563
FlushQueue.queueSizeMax,1744946230186000000,1744946290177000000,0
AWTEventQueue.eventsDispatched,1744946230186000000,1744946290177000000,0
FlushQueue.waitingTimeMaxNs,1744946230186000000,1744946290177000000,0
FlushQueue.queueSize90P,1744946230186000000,1744946290177000000,0
FlushQueue.waitingTimeAvgNs,1744946230186000000,1744946290177000000,0.0
FlushQueue.executionTimeAvgNs,1744946230186000000,1744946290177000000,0.0
FlushQueue.executionTimeMaxNs,1744946230186000000,1744946290177000000,0
AWTEventQueue.dispatchTimeAvgNs,1744946230186000000,1744946290177000000,0.0
ReadAction.executionsCount,1744946230186000000,1744946290177000000,244084
NonBlockingReadAction.failedExecutionsCount,1744946230186000000,1744946290177000000,0
FlushQueue.executionTime90PNs,1744946230186000000,1744946290177000000,0
AWTEventQueue.dispatchTime90PNs,1744946230186000000,1744946290177000000,0
FlushQueue.tasksExecuted,1744946230186000000,1744946290177000000,0
WriteAction.executionsCount,1744946230186000000,1744946290177000000,156
AWTEventQueue.dispatchTimeMaxNs,1744946230186000000,1744946290177000000,0
FlushQueue.waitingTime90PNs,1744946230186000000,1744946290177000000,0
workspaceModel.do.save.caches.ms,1744946230186000000,1744946290177000000,0
workspaceModel.moduleManagerBridge.load.module.ms,1744946230186000000,1744946290177000000,0
workspaceModel.mutableEntityStorage.put.entity.ms,1744946230186000000,1744946290177000000,0
workspaceModel.load.cache.from.file.ms,1744946230186000000,1744946290177000000,0
jps.global.get.library.by.name.ms,1744946230186000000,1744946290177000000,0
workspaceModel.mutableEntityStorage.add.entity.ms,1744946230186000000,1744946290177000000,0
workspaceModel.mutableEntityStorage.entities.by.source.ms,1744946230186000000,1744946290177000000,0
jps.global.handle.before.change.events.ms,1744946230186000000,1744946290177000000,0
jps.artifact.entities.serializer.save.entities.ms,1744946230186000000,1744946290177000000,0
jps.module.dependency.index.workspace.model.listener.on.changed.ms,1744946230186000000,1744946290177000000,0
workspaceModel.moduleBridge.before.changed.ms,1744946230186000000,1744946290177000000,0
workspaceModel.moduleManagerBridge.build.module.graph.ms,1744946230186000000,1744946290177000000,0
jps.project.serializers.save.ms,1744946230186000000,1744946290177000000,0
workspaceModel.mutableEntityStorage.changeLog.addReplaceEventForNewParent.ms,1744946230186000000,1744946290177000000,0
jps.app.storage.content.writer.save.component.ms,1744946230186000000,1744946290177000000,0
workspaceModel.mutableEntityStorage.resolve.ms,1744946230186000000,1744946290177000000,0
jps.save.global.entities.ms,1744946230186000000,1744946290177000000,0
workspaceModel.moduleManagerBridge.get.modules.ms,1744946230186000000,1744946290177000000,0
workspaceModel.moduleBridgeLoader.loading.modules.ms,1744946230186000000,1744946290177000000,0
jps.storage.jps.conf.reader.load.component.ms,1744946230186000000,1744946290177000000,0
workspaceModel.mutableEntityStorage.entities.ms,1744946230186000000,1744946290177000000,0
jps.facet.change.listener.init.bridge.ms,1744946230186000000,1744946290177000000,0
workspaceModel.mutableEntityStorage.changeLog.addReplaceEventForNewChild.ms,1744946230186000000,1744946290177000000,0
workspaceModel.moduleManagerBridge.create.module.instance.ms,1744946230186000000,1744946290177000000,0
jps.load.project.to.empty.storage.ms,1744946230186000000,1744946290177000000,0
workspaceModel.mutableEntityStorage.mutable.vfurl.index.ms,1744946230186000000,1744946290177000000,0
workspaceModel.moduleBridge.update.option.ms,1744946230186000000,1744946290177000000,0
jps.app.storage.content.reader.load.component.ms,1744946230186000000,1744946290177000000,0
workspaceModel.mutableEntityStorage.apply.changes.from.ms,1744946230186000000,1744946290177000000,0
workspaceModel.orphan.listener.update.ms,1744946230186000000,1744946290177000000,0
workspaceModel.moduleManagerBridge.set.unloadedModules.ms,1744946230186000000,1744946290177000000,0
workspaceModel.mutableEntityStorage.changeLog.addReplaceEventForRemovedChild.ms,1744946230186000000,1744946290177000000,0
jps.global.get.libraries.ms,1744946230186000000,1744946290177000000,0
jps.load.initial.state.ms,1744946230186000000,1744946290177000000,0
jps.facet.change.listener.process.change.events.ms,1744946230186000000,1744946290177000000,0
jps.global.get.library.ms,1744946230186000000,1744946290177000000,0
jps.facet.change.listener.before.change.events.ms,1744946230186000000,1744946290177000000,0
workspaceModel.moduleBridge.facet.initialization.ms,1744946230186000000,1744946290177000000,0
jps.artifact.entities.serializer.load.entities.ms,1744946230186000000,1744946290177000000,0
jps.global.initialize.library.bridges.ms,1744946230186000000,1744946290177000000,0
workspaceModel.save.cache.to.file.ms,1744946230186000000,1744946290177000000,0
workspaceModel.mutableEntityStorage.collect.changes.ms,1744946230186000000,1744946290177000000,0
jps.module.iml.entities.serializer.save.entities.ms,1744946230186000000,1744946290177000000,0
jps.global.handle.changed.events.ms,1744946230186000000,1744946290177000000,0
workspaceModel.global.updates.ms,1744946230186000000,1744946290177000000,0
workspaceModel.mutableEntityStorage.referrers.ms,1744946230186000000,1744946290177000000,0
workspaceModel.mutableEntityStorage.changeLog.addReplaceEventForRemovedParent.ms,1744946230186000000,1744946290177000000,0
workspaceModel.moduleManagerBridge.newModule.ms,1744946230186000000,1744946290177000000,0
jps.project.serializers.load.ms,1744946230186000000,1744946290177000000,0
jps.module.iml.entities.serializer.load.entities.ms,1744946230186000000,1744946290177000000,0
workspaceModel.mutableEntityStorage.instances.count,1744946230186000000,1744946290177000000,0
workspaceModel.moduleManagerBridge.load.all.modules.ms,1744946230186000000,1744946290177000000,0
workspaceModel.moduleManagerBridge.new.nonPersistent.module.ms,1744946230186000000,1744946290177000000,0
workspaceModel.global.apply.state.to.project.builder.ms,1744946230186000000,1744946290177000000,0
workspaceModel.global.updates.count,1744946230186000000,1744946290177000000,0
jps.library.entities.serializer.save.entities.ms,1744946230186000000,1744946290177000000,0
workspaceModel.mutableEntityStorage.replace.by.source.ms,1744946230186000000,1744946290177000000,0
workspaceModel.mutableEntityStorage.remove.entity.ms,1744946230186000000,1744946290177000000,0
jps.global.initialize.library.bridges.after.loading.ms,1744946230186000000,1744946290177000000,0
workspaceModel.mutableEntityStorage.modify.entity.ms,1744946230186000000,1744946290177000000,0
workspaceModel.load.cache.metadata.from.file.ms,1744946230186000000,1744946290177000000,0
workspaceModel.mutableEntityStorage.has.same.entities.ms,1744946230186000000,1744946290177000000,0
workspaceModel.mutableEntityStorage.mutable.ext.mapping.ms,1744946230186000000,1744946290177000000,0
jps.reload.project.entities.ms,1744946230186000000,1744946290177000000,0
jps.apply.loaded.storage.ms,1744946230186000000,1744946290177000000,0
workspaceModel.delayed.project.synchronizer.sync.ms,1744946230186000000,1744946290177000000,0
workspaceModel.global.apply.state.to.project.ms,1744946230186000000,1744946290177000000,0
workspaceModel.sync.entities.ms,1744946230186000000,1744946290177000000,0
workspaceModel.mutableEntityStorage.to.snapshot.ms,1744946230186000000,1744946290177000000,0
jps.library.entities.serializer.load.entities.ms,1744946230186000000,1744946290177000000,0
jps.save.changed.project.entities.ms,1744946230186000000,1744946290177000000,0
IndexesFlusher.totalFlushesRetried,1744946230186000000,1744946290177000000,0
Indexing.writer_0.totalTimeSpentWritingMs,1744946230186000000,1744946290177000000,0
Indexing.writesQueuedMin,1744946230186000000,1744946290177000000,9223372036854775807
Indexing.cache.totalCacheAccesses,1744946230186000000,1744946290177000000,41
Indexes.entries.lookupDurationMaxMs,1744946230186000000,1744946290177000000,0.0
Indexes.stubs.lookupDurationMaxMs,1744946230186000000,1744946290177000000,0.0
Indexes.entries.lookupDuration90PMs,1744946230186000000,1744946290177000000,0.0
Indexes.allKeys.lookupDurationMaxMs,1744946230186000000,1744946290177000000,0.0
Indexing.writer_2.totalTimeSpentWritingMs,1744946230186000000,1744946290177000000,0
Indexes.stubs.lookupDuration90PMs,1744946230186000000,1744946290177000000,0.0
Indexes.stubs.lookupDurationAvgMs,1744946230186000000,1744946290177000000,0.0
Indexes.entries.lookups,1744946230186000000,1744946290177000000,0
Indexing.writer_1.totalTimeSpentWritingMs,1744946230186000000,1744946290177000000,0
Indexes.allKeys.lookupDurationAvgMs,1744946230186000000,1744946290177000000,0.0
Indexing.writesQueuedMax,1744946230186000000,1744946290177000000,0
Indexing.cache.totalCacheMisses,1744946230186000000,1744946290177000000,34
IndexesFlusher.totalFlushes,1744946230186000000,1744946290177000000,60
Indexes.stubs.lookups,1744946230186000000,1744946290177000000,0
Indexes.allKeys.lookupDuration90PMs,1744946230186000000,1744946290177000000,0.0
Indexing.cache.totalCacheEvicted,1744946230186000000,1744946290177000000,33
Indexes.allKeys.lookups,1744946230186000000,1744946290177000000,0
IndexesFlusher.totalFlushingTimeUs,1744946230186000000,1744946290177000000,111225
Indexing.writer_3.totalTimeSpentWritingMs,1744946230186000000,1744946290177000000,0
Indexing.totalTimeIndexersSleptMs,1744946230186000000,1744946290177000000,0
Indexes.entries.lookupDurationAvgMs,1744946230186000000,1744946290177000000,0.0
IndexesFlusher.totalContentionQuotaSpent,1744946230186000000,1744946290177000000,0
JVM.totalTimeAtSafepointsMs,1744946230186000000,1744946290177000000,98
JVM.usedNativeBytes,1744946230186000000,1744946290177000000,405913000
OS.loadAverage,1744946230186000000,1744946290177000000,0.89208984375
JVM.maxHeapBytes,1744946230186000000,1744946290177000000,2147483648
JVM.usedHeapBytes,1744946230186000000,1744946290177000000,534027120
JVM.GC.collectionTimesMs,1744946230186000000,1744946290177000000,91
JVM.totalDirectByteBuffersBytes,1744946230186000000,1744946290177000000,158220852
JVM.totalSafepointCount,1744946230186000000,1744946290177000000,57
JVM.totalTimeToSafepointsMs,1744946230186000000,1744946290177000000,2
JVM.maxThreadCount,1744946230186000000,1744946290177000000,132
JVM.totalCpuTimeMs,1744946230186000000,1744946290177000000,38760
JVM.threadCount,1744946230186000000,1744946290177000000,72
JVM.newThreadsCount,1744946230186000000,1744946290177000000,0
JVM.GC.collections,1744946230186000000,1744946290177000000,5
JVM.totalBytesAllocated,1744946230186000000,1744946290177000000,549572704
StreamlinedBlobStorage.recordsAllocated,1744946230186000000,1744946290177000000,0
FileChannelInterruptsRetryer.totalRetriedAttempts,1744946230186000000,1744946290177000000,0
FilePageCacheLockFree.totalBytesRequested,1744946230186000000,1744946290177000000,0
FilePageCacheLockFree.totalPagesRequested,1744946230186000000,1744946290177000000,0
FilePageCache.disposedBuffers,1744946230186000000,1744946290177000000,0
DirectByteBufferAllocator.misses,1744946230186000000,1744946290177000000,0
FilePageCacheLockFree.totalNativeBytesReclaimed,1744946230186000000,1744946290177000000,0
StreamlinedBlobStorage.recordsDeleted,1744946230186000000,1744946290177000000,0
FilePageCache.pageLoadsAboveSizeThreshold,1744946230186000000,1744946290177000000,0
FilePageCache.pageFastCacheHits,1744946230186000000,1744946290177000000,0
FilePageCacheLockFree.housekeeperTurnsSkipped,1744946230186000000,1744946290177000000,0
DirectByteBufferAllocator.totalSizeOfBuffersCachedInBytes,1744946230186000000,1744946290177000000,0
MappedFileStorage.storages,1744946230186000000,1744946290177000000,16
FilePageCache.uncachedFileAccess,1744946230186000000,1744946290177000000,0
MappedFileStorage.totalPagesMapped,1744946230186000000,1744946290177000000,16
FilePageCacheLockFree.totalPagesReclaimed,1744946230186000000,1744946290177000000,0
FilePageCacheLockFree.totalPagesRequestsMs,1744946230186000000,1744946290177000000,0
DirectByteBufferAllocator.reclaimed,1744946230186000000,1744946290177000000,0
FilePageCache.capacityInBytes,1744946230186000000,1744946290177000000,503316478
StorageLockContext.competingThreads.avg,1744946230186000000,1744946290177000000,0.0
FilePageCache.totalPageLoadsUs,1744946230186000000,1744946290177000000,0
MappedFileStorage.totalTimeSpentOnMappingUs,1744946230186000000,1744946290177000000,41443
StorageLockContext.competingThreads.90P,1744946230186000000,1744946290177000000,0
FilePageCacheLockFree.totalBytesWritten,1744946230186000000,1744946290177000000,0
StreamlinedBlobStorage.totalLiveRecordsCapacityBytes,1744946230186000000,1744946290177000000,0
FilePageCache.pageHits,1744946230186000000,1744946290177000000,0
FilePageCacheLockFree.totalPagesHandedOver,1744946230186000000,1744946290177000000,0
FilePageCacheLockFree.totalPagesWritten,1744946230186000000,1744946290177000000,0
FilePageCacheLockFree.totalClosedStoragesReclaimed,1744946230186000000,1744946290177000000,0
FilePageCacheLockFree.totalPagesWriteMs,1744946230186000000,1744946290177000000,0
FilePageCacheLockFree.totalPageAllocationsWaited,1744946230186000000,1744946290177000000,0
FilePageCacheLockFree.nativeBytesInUse,1744946230186000000,1744946290177000000,0
MappedFileStorage.totalBytesMapped,1744946230186000000,1744946290177000000,202637312
DirectByteBufferAllocator.totalSizeOfBuffersAllocatedInBytes,1744946230186000000,1744946290177000000,156377088
StreamlinedBlobStorage.recordsRelocated,1744946230186000000,1744946290177000000,0
StreamlinedBlobStorage.totalLiveRecordsPayloadBytes,1744946230186000000,1744946290177000000,0
FilePageCacheLockFree.totalBytesRead,1744946230186000000,1744946290177000000,0
FilePageCache.totalPageDisposalsUs,1744946230186000000,1744946290177000000,0
FilePageCache.maxRegisteredFiles,1744946230186000000,1744946290177000000,261
DirectByteBufferAllocator.disposed,1744946230186000000,1744946290177000000,0
FilePageCache.pageLoads,1744946230186000000,1744946290177000000,0
FilePageCacheLockFree.totalPagesAllocated,1744946230186000000,1744946290177000000,0
FilePageCacheLockFree.totalHeapBytesReclaimed,1744946230186000000,1744946290177000000,0
FilePageCacheLockFree.heapBytesInUse,1744946230186000000,1744946290177000000,0
FilePageCache.maxCacheSizeInBytes,1744946230186000000,1744946290177000000,156377088
DirectByteBufferAllocator.hits,1744946230186000000,1744946290177000000,0
FilePageCacheLockFree.totalNativeBytesAllocated,1744946230186000000,1744946290177000000,0
FilePageCacheLockFree.totalHeapBytesAllocated,1744946230186000000,1744946290177000000,0
StorageLockContext.competingThreads.max,1744946230186000000,1744946290177000000,0
FilePageCacheLockFree.housekeeperTimeSpentMs,1744946230186000000,1744946290177000000,0
FilePageCacheLockFree.housekeeperTurnsDone,1744946230186000000,1744946290177000000,0
FilePageCacheLockFree.totalPagesReadMs,1744946230186000000,1744946290177000000,0
VFS.invertedFileNameIndex.requests,1744946290177000000,1744946350174000000,0
VFS.contentStorage.recordsDecompressionTimeUs,1744946290177000000,1744946350174000000,0
VFS.contentStorage.recordsUncompressedSize,1744946290177000000,1744946350174000000,0
VFS.fileChildByName,1744946290177000000,1744946350174000000,22095
FileNameCache.queries,1744946290177000000,1744946350174000000,2816
VFS.contentStorage.recordsRead,1744946290177000000,1744946350174000000,135
VFS.contentStorage.recordsStoredCompressed,1744946290177000000,1744946350174000000,0
VFS.fileByIdCache.hits,1744946290177000000,1744946350174000000,0
VFS.contentStorage.recordsReadDecompressed,1744946290177000000,1744946350174000000,0
VFS.contentStorage.recordsReadSize,1744946290177000000,1744946350174000000,254499
VFS.contentStorage.recordsStored,1744946290177000000,1744946350174000000,0
VFS.contentStorage.recordsDeduplicated,1744946290177000000,1744946350174000000,0
FileNameCache.totalMisses,1744946290177000000,1744946350174000000,0
VFS.fileByIdCache.misses,1744946290177000000,1744946350174000000,58
VFS.contentStorage.recordsStoredSize,1744946290177000000,1744946350174000000,0
DiskQueryRelay.taskWaitingTotalTimeUs,1744946290177000000,1744946350174000000,305
DiskQueryRelay.tasksRequested,1744946290177000000,1744946350174000000,2
parser.Python.time.ns,1744946290177000000,1744946350174000000,88729980
parser.Python.size.bytes,1744946290177000000,1744946350174000000,15285
writeAction.count,1744946290177000000,1744946350174000000,138
lexer.Python.size.bytes,1744946290177000000,1744946350174000000,15285
writeAction.wait.ms,1744946290177000000,1744946350174000000,6
writeAction.median.wait.ms,1744946290177000000,1744946350174000000,200
DiskQueryRelay.taskExecutionTotalTimeUs,1744946290177000000,1744946350174000000,282
DiskQueryRelay.tasksExecuted,1744946290177000000,1744946350174000000,2
writeAction.max.wait.ms,1744946290177000000,1744946350174000000,96
lexer.Python.time.ns,1744946290177000000,1744946350174000000,17592220
cacheStateStorage.set.counter,1744946290177000000,1744946350174000000,0
cacheStateStorage.set.duration,1744946290177000000,1744946350174000000,0
cacheStateStorage.get.duration,1744946290177000000,1744946350174000000,0
cacheStateStorage.get.counter,1744946290177000000,1744946350174000000,0
workspaceModel.cachedValueWithParameters.from.cache.count,1744946290177000000,1744946350174000000,0
workspaceModel.update.unloaded.entities.ms,1744946290177000000,1744946350174000000,0
workspaceModel.cachedValueWithParameters.clear.count,1744946290177000000,1744946350174000000,0
workspaceModel.cachedValue.clear.count,1744946290177000000,1744946350174000000,0
workspaceModel.workspaceFileIndexData.visitFileSets.ms,1744946290177000000,1744946350174000000,0
workspaceModel.cachedValue.from.cache.count,1744946290177000000,1744946350174000000,3765
workspaceModel.workspaceFileIndexContributor.registerFileSets.ms,1744946290177000000,1744946350174000000,0
workspaceModel.workspaceFileIndexData.init.ms,1744946290177000000,1744946350174000000,0
workspaceModel.pre.handlers.ms,1744946290177000000,1744946350174000000,0
workspaceModel.on.before.changed.ms,1744946290177000000,1744946350174000000,0
workspaceModel.updates.precise.ms,1744946290177000000,1744946350174000000,0
workspaceModel.entityStorageSnapshotImpl.instances.count,1744946290177000000,1744946350174000000,0
workspaceModel.check.recursive.update.ms,1744946290177000000,1744946350174000000,0
workspaceModel.loading.total.ms,1744946290177000000,1744946350174000000,0
workspaceModel.initializing.ms,1744946290177000000,1744946350174000000,0
workspaceModel.cachedValue.calculated.count,1744946290177000000,1744946350174000000,0
workspaceModel.on.changed.ms,1744946290177000000,1744946350174000000,0
workspaceModel.workspaceFileIndexData.processFileSets.ms,1744946290177000000,1744946350174000000,0
workspaceModel.workspaceFileIndexData.getFileInfo.ms,1744946290177000000,1744946350174000000,42
workspaceModel.full.replace.project.model.ms,1744946290177000000,1744946350174000000,0
workspaceModel.cachedValueWithParameters.total.get.count,1744946290177000000,1744946350174000000,0
workspaceModel.workspaceFileIndexData.getDirectoriesByPackageName.ms,1744946290177000000,1744946350174000000,0
workspaceModel.workspaceFileIndexData.updateDirtyEntities.ms,1744946290177000000,1744946350174000000,0
workspaceModel.replace.project.model.ms,1744946290177000000,1744946350174000000,0
workspaceModel.updates.count,1744946290177000000,1744946350174000000,0
workspaceModel.loading.from.cache.ms,1744946290177000000,1744946350174000000,0
workspaceModel.cachedValueWithParameters.calculated.count,1744946290177000000,1744946350174000000,0
workspaceModel.workspaceFileIndexData.instances.count,1744946290177000000,1744946350174000000,0
workspaceModel.workspaceFileIndexData.onEntitiesChanged.ms,1744946290177000000,1744946350174000000,0
workspaceModel.to.snapshot.ms,1744946290177000000,1744946350174000000,0
workspaceModel.workspaceFileIndexData.getPackageName.ms,1744946290177000000,1744946350174000000,0
workspaceModel.collect.changes.ms,1744946290177000000,1744946350174000000,0
workspaceModel.init.bridges.ms,1744946290177000000,1744946350174000000,0
workspaceModel.workspaceFileIndexData.markDirty.ms,1744946290177000000,1744946350174000000,0
workspaceModel.cachedValue.total.get.count,1744946290177000000,1744946350174000000,3765
workspaceModel.updates.ms,1744946290177000000,1744946350174000000,0
NonBlockingReadAction.finalizedExecutionTimeUs,1744946290177000000,1744946350174000000,616847
FlushQueue.queueSizeAvg,1744946290177000000,1744946350174000000,0.0
NonBlockingReadAction.failedExecutionTimeUs,1744946290177000000,1744946350174000000,0
NonBlockingReadAction.finalizedExecutionsCount,1744946290177000000,1744946350174000000,414
AWTEventQueue.dispatchTimeTotalNS,1744946290177000000,1744946350174000000,4521679462
FlushQueue.queueSizeMax,1744946290177000000,1744946350174000000,0
AWTEventQueue.eventsDispatched,1744946290177000000,1744946350174000000,0
FlushQueue.waitingTimeMaxNs,1744946290177000000,1744946350174000000,0
FlushQueue.queueSize90P,1744946290177000000,1744946350174000000,0
FlushQueue.waitingTimeAvgNs,1744946290177000000,1744946350174000000,0.0
FlushQueue.executionTimeAvgNs,1744946290177000000,1744946350174000000,0.0
FlushQueue.executionTimeMaxNs,1744946290177000000,1744946350174000000,0
AWTEventQueue.dispatchTimeAvgNs,1744946290177000000,1744946350174000000,0.0
ReadAction.executionsCount,1744946290177000000,1744946350174000000,127408
NonBlockingReadAction.failedExecutionsCount,1744946290177000000,1744946350174000000,0
FlushQueue.executionTime90PNs,1744946290177000000,1744946350174000000,0
AWTEventQueue.dispatchTime90PNs,1744946290177000000,1744946350174000000,0
FlushQueue.tasksExecuted,1744946290177000000,1744946350174000000,0
WriteAction.executionsCount,1744946290177000000,1744946350174000000,138
AWTEventQueue.dispatchTimeMaxNs,1744946290177000000,1744946350174000000,0
FlushQueue.waitingTime90PNs,1744946290177000000,1744946350174000000,0
workspaceModel.do.save.caches.ms,1744946290177000000,1744946350174000000,0
workspaceModel.moduleManagerBridge.load.module.ms,1744946290177000000,1744946350174000000,0
workspaceModel.mutableEntityStorage.put.entity.ms,1744946290177000000,1744946350174000000,0
workspaceModel.load.cache.from.file.ms,1744946290177000000,1744946350174000000,0
jps.global.get.library.by.name.ms,1744946290177000000,1744946350174000000,0
workspaceModel.mutableEntityStorage.add.entity.ms,1744946290177000000,1744946350174000000,0
workspaceModel.mutableEntityStorage.entities.by.source.ms,1744946290177000000,1744946350174000000,0
jps.global.handle.before.change.events.ms,1744946290177000000,1744946350174000000,0
jps.artifact.entities.serializer.save.entities.ms,1744946290177000000,1744946350174000000,0
jps.module.dependency.index.workspace.model.listener.on.changed.ms,1744946290177000000,1744946350174000000,0
workspaceModel.moduleBridge.before.changed.ms,1744946290177000000,1744946350174000000,0
workspaceModel.moduleManagerBridge.build.module.graph.ms,1744946290177000000,1744946350174000000,0
jps.project.serializers.save.ms,1744946290177000000,1744946350174000000,0
workspaceModel.mutableEntityStorage.changeLog.addReplaceEventForNewParent.ms,1744946290177000000,1744946350174000000,0
jps.app.storage.content.writer.save.component.ms,1744946290177000000,1744946350174000000,0
workspaceModel.mutableEntityStorage.resolve.ms,1744946290177000000,1744946350174000000,0
jps.save.global.entities.ms,1744946290177000000,1744946350174000000,0
workspaceModel.moduleManagerBridge.get.modules.ms,1744946290177000000,1744946350174000000,0
workspaceModel.moduleBridgeLoader.loading.modules.ms,1744946290177000000,1744946350174000000,0
jps.storage.jps.conf.reader.load.component.ms,1744946290177000000,1744946350174000000,0
workspaceModel.mutableEntityStorage.entities.ms,1744946290177000000,1744946350174000000,0
jps.facet.change.listener.init.bridge.ms,1744946290177000000,1744946350174000000,0
workspaceModel.mutableEntityStorage.changeLog.addReplaceEventForNewChild.ms,1744946290177000000,1744946350174000000,0
workspaceModel.moduleManagerBridge.create.module.instance.ms,1744946290177000000,1744946350174000000,0
jps.load.project.to.empty.storage.ms,1744946290177000000,1744946350174000000,0
workspaceModel.mutableEntityStorage.mutable.vfurl.index.ms,1744946290177000000,1744946350174000000,0
workspaceModel.moduleBridge.update.option.ms,1744946290177000000,1744946350174000000,0
jps.app.storage.content.reader.load.component.ms,1744946290177000000,1744946350174000000,0
workspaceModel.mutableEntityStorage.apply.changes.from.ms,1744946290177000000,1744946350174000000,0
workspaceModel.orphan.listener.update.ms,1744946290177000000,1744946350174000000,0
workspaceModel.moduleManagerBridge.set.unloadedModules.ms,1744946290177000000,1744946350174000000,0
workspaceModel.mutableEntityStorage.changeLog.addReplaceEventForRemovedChild.ms,1744946290177000000,1744946350174000000,0
jps.global.get.libraries.ms,1744946290177000000,1744946350174000000,0
jps.load.initial.state.ms,1744946290177000000,1744946350174000000,0
jps.facet.change.listener.process.change.events.ms,1744946290177000000,1744946350174000000,0
jps.global.get.library.ms,1744946290177000000,1744946350174000000,0
jps.facet.change.listener.before.change.events.ms,1744946290177000000,1744946350174000000,0
workspaceModel.moduleBridge.facet.initialization.ms,1744946290177000000,1744946350174000000,0
jps.artifact.entities.serializer.load.entities.ms,1744946290177000000,1744946350174000000,0
jps.global.initialize.library.bridges.ms,1744946290177000000,1744946350174000000,0
workspaceModel.save.cache.to.file.ms,1744946290177000000,1744946350174000000,0
workspaceModel.mutableEntityStorage.collect.changes.ms,1744946290177000000,1744946350174000000,0
jps.module.iml.entities.serializer.save.entities.ms,1744946290177000000,1744946350174000000,0
jps.global.handle.changed.events.ms,1744946290177000000,1744946350174000000,0
workspaceModel.global.updates.ms,1744946290177000000,1744946350174000000,0
workspaceModel.mutableEntityStorage.referrers.ms,1744946290177000000,1744946350174000000,0
workspaceModel.mutableEntityStorage.changeLog.addReplaceEventForRemovedParent.ms,1744946290177000000,1744946350174000000,0
workspaceModel.moduleManagerBridge.newModule.ms,1744946290177000000,1744946350174000000,0
jps.project.serializers.load.ms,1744946290177000000,1744946350174000000,0
jps.module.iml.entities.serializer.load.entities.ms,1744946290177000000,1744946350174000000,0
workspaceModel.mutableEntityStorage.instances.count,1744946290177000000,1744946350174000000,0
workspaceModel.moduleManagerBridge.load.all.modules.ms,1744946290177000000,1744946350174000000,0
workspaceModel.moduleManagerBridge.new.nonPersistent.module.ms,1744946290177000000,1744946350174000000,0
workspaceModel.global.apply.state.to.project.builder.ms,1744946290177000000,1744946350174000000,0
workspaceModel.global.updates.count,1744946290177000000,1744946350174000000,0
jps.library.entities.serializer.save.entities.ms,1744946290177000000,1744946350174000000,0
workspaceModel.mutableEntityStorage.replace.by.source.ms,1744946290177000000,1744946350174000000,0
workspaceModel.mutableEntityStorage.remove.entity.ms,1744946290177000000,1744946350174000000,0
jps.global.initialize.library.bridges.after.loading.ms,1744946290177000000,1744946350174000000,0
workspaceModel.mutableEntityStorage.modify.entity.ms,1744946290177000000,1744946350174000000,0
workspaceModel.load.cache.metadata.from.file.ms,1744946290177000000,1744946350174000000,0
workspaceModel.mutableEntityStorage.has.same.entities.ms,1744946290177000000,1744946350174000000,0
workspaceModel.mutableEntityStorage.mutable.ext.mapping.ms,1744946290177000000,1744946350174000000,0
jps.reload.project.entities.ms,1744946290177000000,1744946350174000000,0
jps.apply.loaded.storage.ms,1744946290177000000,1744946350174000000,0
workspaceModel.delayed.project.synchronizer.sync.ms,1744946290177000000,1744946350174000000,0
workspaceModel.global.apply.state.to.project.ms,1744946290177000000,1744946350174000000,0
workspaceModel.sync.entities.ms,1744946290177000000,1744946350174000000,0
workspaceModel.mutableEntityStorage.to.snapshot.ms,1744946290177000000,1744946350174000000,0
jps.library.entities.serializer.load.entities.ms,1744946290177000000,1744946350174000000,0
jps.save.changed.project.entities.ms,1744946290177000000,1744946350174000000,0
IndexesFlusher.totalFlushesRetried,1744946290177000000,1744946350174000000,0
Indexing.writer_0.totalTimeSpentWritingMs,1744946290177000000,1744946350174000000,0
Indexing.writesQueuedMin,1744946290177000000,1744946350174000000,9223372036854775807
Indexing.cache.totalCacheAccesses,1744946290177000000,1744946350174000000,128
Indexes.entries.lookupDurationMaxMs,1744946290177000000,1744946350174000000,0.0
Indexes.stubs.lookupDurationMaxMs,1744946290177000000,1744946350174000000,0.0
Indexes.entries.lookupDuration90PMs,1744946290177000000,1744946350174000000,0.0
Indexes.allKeys.lookupDurationMaxMs,1744946290177000000,1744946350174000000,0.0
Indexing.writer_2.totalTimeSpentWritingMs,1744946290177000000,1744946350174000000,0
Indexes.stubs.lookupDuration90PMs,1744946290177000000,1744946350174000000,0.0
Indexes.stubs.lookupDurationAvgMs,1744946290177000000,1744946350174000000,0.0
Indexes.entries.lookups,1744946290177000000,1744946350174000000,40
Indexing.writer_1.totalTimeSpentWritingMs,1744946290177000000,1744946350174000000,0
Indexes.allKeys.lookupDurationAvgMs,1744946290177000000,1744946350174000000,0.0
Indexing.writesQueuedMax,1744946290177000000,1744946350174000000,0
Indexing.cache.totalCacheMisses,1744946290177000000,1744946350174000000,42
IndexesFlusher.totalFlushes,1744946290177000000,1744946350174000000,60
Indexes.stubs.lookups,1744946290177000000,1744946350174000000,4
Indexes.allKeys.lookupDuration90PMs,1744946290177000000,1744946350174000000,0.0
Indexing.cache.totalCacheEvicted,1744946290177000000,1744946350174000000,42
Indexes.allKeys.lookups,1744946290177000000,1744946350174000000,0
IndexesFlusher.totalFlushingTimeUs,1744946290177000000,1744946350174000000,111363
Indexing.writer_3.totalTimeSpentWritingMs,1744946290177000000,1744946350174000000,0
Indexing.totalTimeIndexersSleptMs,1744946290177000000,1744946350174000000,0
Indexes.entries.lookupDurationAvgMs,1744946290177000000,1744946350174000000,0.0
IndexesFlusher.totalContentionQuotaSpent,1744946290177000000,1744946350174000000,0
JVM.totalTimeAtSafepointsMs,1744946290177000000,1744946350174000000,97
JVM.usedNativeBytes,1744946290177000000,1744946350174000000,415465248
OS.loadAverage,1744946290177000000,1744946350174000000,0.97998046875
JVM.maxHeapBytes,1744946290177000000,1744946350174000000,2147483648
JVM.usedHeapBytes,1744946290177000000,1744946350174000000,424238336
JVM.GC.collectionTimesMs,1744946290177000000,1744946350174000000,91
JVM.totalDirectByteBuffersBytes,1744946290177000000,1744946350174000000,157638877
JVM.totalSafepointCount,1744946290177000000,1744946350174000000,55
JVM.totalTimeToSafepointsMs,1744946290177000000,1744946350174000000,2
JVM.maxThreadCount,1744946290177000000,1744946350174000000,132
JVM.totalCpuTimeMs,1744946290177000000,1744946350174000000,32700
JVM.threadCount,1744946290177000000,1744946350174000000,76
JVM.newThreadsCount,1744946290177000000,1744946350174000000,5
JVM.GC.collections,1744946290177000000,1744946350174000000,6
JVM.totalBytesAllocated,1744946290177000000,1744946350174000000,570054640
StreamlinedBlobStorage.recordsAllocated,1744946290177000000,1744946350174000000,0
FileChannelInterruptsRetryer.totalRetriedAttempts,1744946290177000000,1744946350174000000,0
FilePageCacheLockFree.totalBytesRequested,1744946290177000000,1744946350174000000,0
FilePageCacheLockFree.totalPagesRequested,1744946290177000000,1744946350174000000,0
FilePageCache.disposedBuffers,1744946290177000000,1744946350174000000,0
DirectByteBufferAllocator.misses,1744946290177000000,1744946350174000000,0
FilePageCacheLockFree.totalNativeBytesReclaimed,1744946290177000000,1744946350174000000,0
StreamlinedBlobStorage.recordsDeleted,1744946290177000000,1744946350174000000,0
FilePageCache.pageLoadsAboveSizeThreshold,1744946290177000000,1744946350174000000,0
FilePageCache.pageFastCacheHits,1744946290177000000,1744946350174000000,5
FilePageCacheLockFree.housekeeperTurnsSkipped,1744946290177000000,1744946350174000000,0
DirectByteBufferAllocator.totalSizeOfBuffersCachedInBytes,1744946290177000000,1744946350174000000,0
MappedFileStorage.storages,1744946290177000000,1744946350174000000,16
FilePageCache.uncachedFileAccess,1744946290177000000,1744946350174000000,0
MappedFileStorage.totalPagesMapped,1744946290177000000,1744946350174000000,16
FilePageCacheLockFree.totalPagesReclaimed,1744946290177000000,1744946350174000000,0
FilePageCacheLockFree.totalPagesRequestsMs,1744946290177000000,1744946350174000000,0
DirectByteBufferAllocator.reclaimed,1744946290177000000,1744946350174000000,0
FilePageCache.capacityInBytes,1744946290177000000,1744946350174000000,503316478
StorageLockContext.competingThreads.avg,1744946290177000000,1744946350174000000,0.0
FilePageCache.totalPageLoadsUs,1744946290177000000,1744946350174000000,0
MappedFileStorage.totalTimeSpentOnMappingUs,1744946290177000000,1744946350174000000,41443
StorageLockContext.competingThreads.90P,1744946290177000000,1744946350174000000,0
FilePageCacheLockFree.totalBytesWritten,1744946290177000000,1744946350174000000,0
StreamlinedBlobStorage.totalLiveRecordsCapacityBytes,1744946290177000000,1744946350174000000,0
FilePageCache.pageHits,1744946290177000000,1744946350174000000,7
FilePageCacheLockFree.totalPagesHandedOver,1744946290177000000,1744946350174000000,0
FilePageCacheLockFree.totalPagesWritten,1744946290177000000,1744946350174000000,0
FilePageCacheLockFree.totalClosedStoragesReclaimed,1744946290177000000,1744946350174000000,0
FilePageCacheLockFree.totalPagesWriteMs,1744946290177000000,1744946350174000000,0
FilePageCacheLockFree.totalPageAllocationsWaited,1744946290177000000,1744946350174000000,0
FilePageCacheLockFree.nativeBytesInUse,1744946290177000000,1744946350174000000,0
MappedFileStorage.totalBytesMapped,1744946290177000000,1744946350174000000,202637312
DirectByteBufferAllocator.totalSizeOfBuffersAllocatedInBytes,1744946290177000000,1744946350174000000,156377088
StreamlinedBlobStorage.recordsRelocated,1744946290177000000,1744946350174000000,0
StreamlinedBlobStorage.totalLiveRecordsPayloadBytes,1744946290177000000,1744946350174000000,0
FilePageCacheLockFree.totalBytesRead,1744946290177000000,1744946350174000000,0
FilePageCache.totalPageDisposalsUs,1744946290177000000,1744946350174000000,0
FilePageCache.maxRegisteredFiles,1744946290177000000,1744946350174000000,261
DirectByteBufferAllocator.disposed,1744946290177000000,1744946350174000000,0
FilePageCache.pageLoads,1744946290177000000,1744946350174000000,0
FilePageCacheLockFree.totalPagesAllocated,1744946290177000000,1744946350174000000,0
FilePageCacheLockFree.totalHeapBytesReclaimed,1744946290177000000,1744946350174000000,0
FilePageCacheLockFree.heapBytesInUse,1744946290177000000,1744946350174000000,0
FilePageCache.maxCacheSizeInBytes,1744946290177000000,1744946350174000000,156377088
DirectByteBufferAllocator.hits,1744946290177000000,1744946350174000000,0
FilePageCacheLockFree.totalNativeBytesAllocated,1744946290177000000,1744946350174000000,0
FilePageCacheLockFree.totalHeapBytesAllocated,1744946290177000000,1744946350174000000,0
StorageLockContext.competingThreads.max,1744946290177000000,1744946350174000000,0
FilePageCacheLockFree.housekeeperTimeSpentMs,1744946290177000000,1744946350174000000,0
FilePageCacheLockFree.housekeeperTurnsDone,1744946290177000000,1744946350174000000,0
FilePageCacheLockFree.totalPagesReadMs,1744946290177000000,1744946350174000000,0
VFS.invertedFileNameIndex.requests,1744946350174000000,1744946410175000000,0
VFS.contentStorage.recordsDecompressionTimeUs,1744946350174000000,1744946410175000000,0
VFS.contentStorage.recordsUncompressedSize,1744946350174000000,1744946410175000000,0
VFS.fileChildByName,1744946350174000000,1744946410175000000,10142
FileNameCache.queries,1744946350174000000,1744946410175000000,49280
VFS.contentStorage.recordsRead,1744946350174000000,1744946410175000000,86
VFS.contentStorage.recordsStoredCompressed,1744946350174000000,1744946410175000000,0
VFS.fileByIdCache.hits,1744946350174000000,1744946410175000000,0
VFS.contentStorage.recordsReadDecompressed,1744946350174000000,1744946410175000000,0
VFS.contentStorage.recordsReadSize,1744946350174000000,1744946410175000000,289057
VFS.contentStorage.recordsStored,1744946350174000000,1744946410175000000,0
VFS.contentStorage.recordsDeduplicated,1744946350174000000,1744946410175000000,0
FileNameCache.totalMisses,1744946350174000000,1744946410175000000,3200
VFS.fileByIdCache.misses,1744946350174000000,1744946410175000000,361
VFS.contentStorage.recordsStoredSize,1744946350174000000,1744946410175000000,0
DiskQueryRelay.taskWaitingTotalTimeUs,1744946350174000000,1744946410175000000,7134
DiskQueryRelay.tasksRequested,1744946350174000000,1744946410175000000,17
parser.Python.time.ns,1744946350174000000,1744946410175000000,167682583
parser.Python.size.bytes,1744946350174000000,1744946410175000000,36449
writeAction.count,1744946350174000000,1744946410175000000,36
lexer.Python.size.bytes,1744946350174000000,1744946410175000000,36449
writeAction.wait.ms,1744946350174000000,1744946410175000000,2
writeAction.median.wait.ms,1744946350174000000,1744946410175000000,200
DiskQueryRelay.taskExecutionTotalTimeUs,1744946350174000000,1744946410175000000,3875
DiskQueryRelay.tasksExecuted,1744946350174000000,1744946410175000000,17
writeAction.max.wait.ms,1744946350174000000,1744946410175000000,96
lexer.Python.time.ns,1744946350174000000,1744946410175000000,88197118
cacheStateStorage.set.counter,1744946350174000000,1744946410175000000,0
cacheStateStorage.set.duration,1744946350174000000,1744946410175000000,0
cacheStateStorage.get.duration,1744946350174000000,1744946410175000000,5
cacheStateStorage.get.counter,1744946350174000000,1744946410175000000,1
workspaceModel.cachedValueWithParameters.from.cache.count,1744946350174000000,1744946410175000000,0
workspaceModel.update.unloaded.entities.ms,1744946350174000000,1744946410175000000,0
workspaceModel.cachedValueWithParameters.clear.count,1744946350174000000,1744946410175000000,0
workspaceModel.cachedValue.clear.count,1744946350174000000,1744946410175000000,0
workspaceModel.workspaceFileIndexData.visitFileSets.ms,1744946350174000000,1744946410175000000,3
workspaceModel.cachedValue.from.cache.count,1744946350174000000,1744946410175000000,3146
workspaceModel.workspaceFileIndexContributor.registerFileSets.ms,1744946350174000000,1744946410175000000,0
workspaceModel.workspaceFileIndexData.init.ms,1744946350174000000,1744946410175000000,0
workspaceModel.pre.handlers.ms,1744946350174000000,1744946410175000000,0
workspaceModel.on.before.changed.ms,1744946350174000000,1744946410175000000,0
workspaceModel.updates.precise.ms,1744946350174000000,1744946410175000000,0
workspaceModel.entityStorageSnapshotImpl.instances.count,1744946350174000000,1744946410175000000,0
workspaceModel.check.recursive.update.ms,1744946350174000000,1744946410175000000,0
workspaceModel.loading.total.ms,1744946350174000000,1744946410175000000,0
workspaceModel.initializing.ms,1744946350174000000,1744946410175000000,0
workspaceModel.cachedValue.calculated.count,1744946350174000000,1744946410175000000,2
workspaceModel.on.changed.ms,1744946350174000000,1744946410175000000,0
workspaceModel.workspaceFileIndexData.processFileSets.ms,1744946350174000000,1744946410175000000,0
workspaceModel.workspaceFileIndexData.getFileInfo.ms,1744946350174000000,1744946410175000000,80
workspaceModel.full.replace.project.model.ms,1744946350174000000,1744946410175000000,0
workspaceModel.cachedValueWithParameters.total.get.count,1744946350174000000,1744946410175000000,0
workspaceModel.workspaceFileIndexData.getDirectoriesByPackageName.ms,1744946350174000000,1744946410175000000,0
workspaceModel.workspaceFileIndexData.updateDirtyEntities.ms,1744946350174000000,1744946410175000000,0
workspaceModel.replace.project.model.ms,1744946350174000000,1744946410175000000,0
workspaceModel.updates.count,1744946350174000000,1744946410175000000,0
workspaceModel.loading.from.cache.ms,1744946350174000000,1744946410175000000,0
workspaceModel.cachedValueWithParameters.calculated.count,1744946350174000000,1744946410175000000,0
workspaceModel.workspaceFileIndexData.instances.count,1744946350174000000,1744946410175000000,0
workspaceModel.workspaceFileIndexData.onEntitiesChanged.ms,1744946350174000000,1744946410175000000,0
workspaceModel.to.snapshot.ms,1744946350174000000,1744946410175000000,0
workspaceModel.workspaceFileIndexData.getPackageName.ms,1744946350174000000,1744946410175000000,0
workspaceModel.collect.changes.ms,1744946350174000000,1744946410175000000,0
workspaceModel.init.bridges.ms,1744946350174000000,1744946410175000000,0
workspaceModel.workspaceFileIndexData.markDirty.ms,1744946350174000000,1744946410175000000,0
workspaceModel.cachedValue.total.get.count,1744946350174000000,1744946410175000000,3148
workspaceModel.updates.ms,1744946350174000000,1744946410175000000,0
NonBlockingReadAction.finalizedExecutionTimeUs,1744946350174000000,1744946410175000000,249515
FlushQueue.queueSizeAvg,1744946350174000000,1744946410175000000,0.0
NonBlockingReadAction.failedExecutionTimeUs,1744946350174000000,1744946410175000000,4621
NonBlockingReadAction.finalizedExecutionsCount,1744946350174000000,1744946410175000000,352
AWTEventQueue.dispatchTimeTotalNS,1744946350174000000,1744946410175000000,3187292462
FlushQueue.queueSizeMax,1744946350174000000,1744946410175000000,0
AWTEventQueue.eventsDispatched,1744946350174000000,1744946410175000000,0
FlushQueue.waitingTimeMaxNs,1744946350174000000,1744946410175000000,0
FlushQueue.queueSize90P,1744946350174000000,1744946410175000000,0
FlushQueue.waitingTimeAvgNs,1744946350174000000,1744946410175000000,0.0
FlushQueue.executionTimeAvgNs,1744946350174000000,1744946410175000000,0.0
FlushQueue.executionTimeMaxNs,1744946350174000000,1744946410175000000,0
AWTEventQueue.dispatchTimeAvgNs,1744946350174000000,1744946410175000000,0.0
ReadAction.executionsCount,1744946350174000000,1744946410175000000,199126
NonBlockingReadAction.failedExecutionsCount,1744946350174000000,1744946410175000000,2
FlushQueue.executionTime90PNs,1744946350174000000,1744946410175000000,0
AWTEventQueue.dispatchTime90PNs,1744946350174000000,1744946410175000000,0
FlushQueue.tasksExecuted,1744946350174000000,1744946410175000000,0
WriteAction.executionsCount,1744946350174000000,1744946410175000000,36
AWTEventQueue.dispatchTimeMaxNs,1744946350174000000,1744946410175000000,0
FlushQueue.waitingTime90PNs,1744946350174000000,1744946410175000000,0
workspaceModel.do.save.caches.ms,1744946350174000000,1744946410175000000,0
workspaceModel.moduleManagerBridge.load.module.ms,1744946350174000000,1744946410175000000,0
workspaceModel.mutableEntityStorage.put.entity.ms,1744946350174000000,1744946410175000000,0
workspaceModel.load.cache.from.file.ms,1744946350174000000,1744946410175000000,0
jps.global.get.library.by.name.ms,1744946350174000000,1744946410175000000,0
workspaceModel.mutableEntityStorage.add.entity.ms,1744946350174000000,1744946410175000000,0
workspaceModel.mutableEntityStorage.entities.by.source.ms,1744946350174000000,1744946410175000000,0
jps.global.handle.before.change.events.ms,1744946350174000000,1744946410175000000,0
jps.artifact.entities.serializer.save.entities.ms,1744946350174000000,1744946410175000000,0
jps.module.dependency.index.workspace.model.listener.on.changed.ms,1744946350174000000,1744946410175000000,0
workspaceModel.moduleBridge.before.changed.ms,1744946350174000000,1744946410175000000,0
workspaceModel.moduleManagerBridge.build.module.graph.ms,1744946350174000000,1744946410175000000,0
jps.project.serializers.save.ms,1744946350174000000,1744946410175000000,0
workspaceModel.mutableEntityStorage.changeLog.addReplaceEventForNewParent.ms,1744946350174000000,1744946410175000000,0
jps.app.storage.content.writer.save.component.ms,1744946350174000000,1744946410175000000,0
workspaceModel.mutableEntityStorage.resolve.ms,1744946350174000000,1744946410175000000,0
jps.save.global.entities.ms,1744946350174000000,1744946410175000000,0
workspaceModel.moduleManagerBridge.get.modules.ms,1744946350174000000,1744946410175000000,0
workspaceModel.moduleBridgeLoader.loading.modules.ms,1744946350174000000,1744946410175000000,0
jps.storage.jps.conf.reader.load.component.ms,1744946350174000000,1744946410175000000,0
workspaceModel.mutableEntityStorage.entities.ms,1744946350174000000,1744946410175000000,0
jps.facet.change.listener.init.bridge.ms,1744946350174000000,1744946410175000000,0
workspaceModel.mutableEntityStorage.changeLog.addReplaceEventForNewChild.ms,1744946350174000000,1744946410175000000,0
workspaceModel.moduleManagerBridge.create.module.instance.ms,1744946350174000000,1744946410175000000,0
jps.load.project.to.empty.storage.ms,1744946350174000000,1744946410175000000,0
workspaceModel.mutableEntityStorage.mutable.vfurl.index.ms,1744946350174000000,1744946410175000000,0
workspaceModel.moduleBridge.update.option.ms,1744946350174000000,1744946410175000000,0
jps.app.storage.content.reader.load.component.ms,1744946350174000000,1744946410175000000,0
workspaceModel.mutableEntityStorage.apply.changes.from.ms,1744946350174000000,1744946410175000000,0
workspaceModel.orphan.listener.update.ms,1744946350174000000,1744946410175000000,0
workspaceModel.moduleManagerBridge.set.unloadedModules.ms,1744946350174000000,1744946410175000000,0
workspaceModel.mutableEntityStorage.changeLog.addReplaceEventForRemovedChild.ms,1744946350174000000,1744946410175000000,0
jps.global.get.libraries.ms,1744946350174000000,1744946410175000000,0
jps.load.initial.state.ms,1744946350174000000,1744946410175000000,0
jps.facet.change.listener.process.change.events.ms,1744946350174000000,1744946410175000000,0
jps.global.get.library.ms,1744946350174000000,1744946410175000000,0
jps.facet.change.listener.before.change.events.ms,1744946350174000000,1744946410175000000,0
workspaceModel.moduleBridge.facet.initialization.ms,1744946350174000000,1744946410175000000,0
jps.artifact.entities.serializer.load.entities.ms,1744946350174000000,1744946410175000000,0
jps.global.initialize.library.bridges.ms,1744946350174000000,1744946410175000000,0
workspaceModel.save.cache.to.file.ms,1744946350174000000,1744946410175000000,0
workspaceModel.mutableEntityStorage.collect.changes.ms,1744946350174000000,1744946410175000000,0
jps.module.iml.entities.serializer.save.entities.ms,1744946350174000000,1744946410175000000,0
jps.global.handle.changed.events.ms,1744946350174000000,1744946410175000000,0
workspaceModel.global.updates.ms,1744946350174000000,1744946410175000000,0
workspaceModel.mutableEntityStorage.referrers.ms,1744946350174000000,1744946410175000000,0
workspaceModel.mutableEntityStorage.changeLog.addReplaceEventForRemovedParent.ms,1744946350174000000,1744946410175000000,0
workspaceModel.moduleManagerBridge.newModule.ms,1744946350174000000,1744946410175000000,0
jps.project.serializers.load.ms,1744946350174000000,1744946410175000000,0
jps.module.iml.entities.serializer.load.entities.ms,1744946350174000000,1744946410175000000,0
workspaceModel.mutableEntityStorage.instances.count,1744946350174000000,1744946410175000000,0
workspaceModel.moduleManagerBridge.load.all.modules.ms,1744946350174000000,1744946410175000000,0
workspaceModel.moduleManagerBridge.new.nonPersistent.module.ms,1744946350174000000,1744946410175000000,0
workspaceModel.global.apply.state.to.project.builder.ms,1744946350174000000,1744946410175000000,0
workspaceModel.global.updates.count,1744946350174000000,1744946410175000000,0
jps.library.entities.serializer.save.entities.ms,1744946350174000000,1744946410175000000,0
workspaceModel.mutableEntityStorage.replace.by.source.ms,1744946350174000000,1744946410175000000,0
workspaceModel.mutableEntityStorage.remove.entity.ms,1744946350174000000,1744946410175000000,0
jps.global.initialize.library.bridges.after.loading.ms,1744946350174000000,1744946410175000000,0
workspaceModel.mutableEntityStorage.modify.entity.ms,1744946350174000000,1744946410175000000,0
workspaceModel.load.cache.metadata.from.file.ms,1744946350174000000,1744946410175000000,0
workspaceModel.mutableEntityStorage.has.same.entities.ms,1744946350174000000,1744946410175000000,0
workspaceModel.mutableEntityStorage.mutable.ext.mapping.ms,1744946350174000000,1744946410175000000,0
jps.reload.project.entities.ms,1744946350174000000,1744946410175000000,0
jps.apply.loaded.storage.ms,1744946350174000000,1744946410175000000,0
workspaceModel.delayed.project.synchronizer.sync.ms,1744946350174000000,1744946410175000000,0
workspaceModel.global.apply.state.to.project.ms,1744946350174000000,1744946410175000000,0
workspaceModel.sync.entities.ms,1744946350174000000,1744946410175000000,0
workspaceModel.mutableEntityStorage.to.snapshot.ms,1744946350174000000,1744946410175000000,0
jps.library.entities.serializer.load.entities.ms,1744946350174000000,1744946410175000000,0
jps.save.changed.project.entities.ms,1744946350174000000,1744946410175000000,0
IndexesFlusher.totalFlushesRetried,1744946350174000000,1744946410175000000,0
Indexing.writer_0.totalTimeSpentWritingMs,1744946350174000000,1744946410175000000,0
Indexing.writesQueuedMin,1744946350174000000,1744946410175000000,9223372036854775807
Indexing.cache.totalCacheAccesses,1744946350174000000,1744946410175000000,414
Indexes.entries.lookupDurationMaxMs,1744946350174000000,1744946410175000000,0.0
Indexes.stubs.lookupDurationMaxMs,1744946350174000000,1744946410175000000,0.0
Indexes.entries.lookupDuration90PMs,1744946350174000000,1744946410175000000,0.0
Indexes.allKeys.lookupDurationMaxMs,1744946350174000000,1744946410175000000,0.0
Indexing.writer_2.totalTimeSpentWritingMs,1744946350174000000,1744946410175000000,0
Indexes.stubs.lookupDuration90PMs,1744946350174000000,1744946410175000000,0.0
Indexes.stubs.lookupDurationAvgMs,1744946350174000000,1744946410175000000,0.0
Indexes.entries.lookups,1744946350174000000,1744946410175000000,68
Indexing.writer_1.totalTimeSpentWritingMs,1744946350174000000,1744946410175000000,0
Indexes.allKeys.lookupDurationAvgMs,1744946350174000000,1744946410175000000,0.0
Indexing.writesQueuedMax,1744946350174000000,1744946410175000000,0
Indexing.cache.totalCacheMisses,1744946350174000000,1744946410175000000,299
IndexesFlusher.totalFlushes,1744946350174000000,1744946410175000000,60
Indexes.stubs.lookups,1744946350174000000,1744946410175000000,4
Indexes.allKeys.lookupDuration90PMs,1744946350174000000,1744946410175000000,0.0
Indexing.cache.totalCacheEvicted,1744946350174000000,1744946410175000000,284
Indexes.allKeys.lookups,1744946350174000000,1744946410175000000,0
IndexesFlusher.totalFlushingTimeUs,1744946350174000000,1744946410175000000,122313
Indexing.writer_3.totalTimeSpentWritingMs,1744946350174000000,1744946410175000000,0
Indexing.totalTimeIndexersSleptMs,1744946350174000000,1744946410175000000,0
Indexes.entries.lookupDurationAvgMs,1744946350174000000,1744946410175000000,0.0
IndexesFlusher.totalContentionQuotaSpent,1744946350174000000,1744946410175000000,0
JVM.totalTimeAtSafepointsMs,1744946350174000000,1744946410175000000,51
JVM.usedNativeBytes,1744946350174000000,1744946410175000000,421869624
OS.loadAverage,1744946350174000000,1744946410175000000,0.60546875
JVM.maxHeapBytes,1744946350174000000,1744946410175000000,2147483648
JVM.usedHeapBytes,1744946350174000000,1744946410175000000,599822016
JVM.GC.collectionTimesMs,1744946350174000000,1744946410175000000,48
JVM.totalDirectByteBuffersBytes,1744946350174000000,1744946410175000000,159772173
JVM.totalSafepointCount,1744946350174000000,1744946410175000000,31
JVM.totalTimeToSafepointsMs,1744946350174000000,1744946410175000000,2
JVM.maxThreadCount,1744946350174000000,1744946410175000000,132
JVM.totalCpuTimeMs,1744946350174000000,1744946410175000000,22940
JVM.threadCount,1744946350174000000,1744946410175000000,77
JVM.newThreadsCount,1744946350174000000,1744946410175000000,5
JVM.GC.collections,1744946350174000000,1744946410175000000,3
JVM.totalBytesAllocated,1744946350174000000,1744946410175000000,413499648
StreamlinedBlobStorage.recordsAllocated,1744946350174000000,1744946410175000000,0
FileChannelInterruptsRetryer.totalRetriedAttempts,1744946350174000000,1744946410175000000,0
FilePageCacheLockFree.totalBytesRequested,1744946350174000000,1744946410175000000,0
FilePageCacheLockFree.totalPagesRequested,1744946350174000000,1744946410175000000,0
FilePageCache.disposedBuffers,1744946350174000000,1744946410175000000,0
DirectByteBufferAllocator.misses,1744946350174000000,1744946410175000000,2
FilePageCacheLockFree.totalNativeBytesReclaimed,1744946350174000000,1744946410175000000,0
StreamlinedBlobStorage.recordsDeleted,1744946350174000000,1744946410175000000,0
FilePageCache.pageLoadsAboveSizeThreshold,1744946350174000000,1744946410175000000,0
FilePageCache.pageFastCacheHits,1744946350174000000,1744946410175000000,670
FilePageCacheLockFree.housekeeperTurnsSkipped,1744946350174000000,1744946410175000000,0
DirectByteBufferAllocator.totalSizeOfBuffersCachedInBytes,1744946350174000000,1744946410175000000,0
MappedFileStorage.storages,1744946350174000000,1744946410175000000,16
FilePageCache.uncachedFileAccess,1744946350174000000,1744946410175000000,1
MappedFileStorage.totalPagesMapped,1744946350174000000,1744946410175000000,16
FilePageCacheLockFree.totalPagesReclaimed,1744946350174000000,1744946410175000000,0
FilePageCacheLockFree.totalPagesRequestsMs,1744946350174000000,1744946410175000000,0
DirectByteBufferAllocator.reclaimed,1744946350174000000,1744946410175000000,0
FilePageCache.capacityInBytes,1744946350174000000,1744946410175000000,503316478
StorageLockContext.competingThreads.avg,1744946350174000000,1744946410175000000,0.0
FilePageCache.totalPageLoadsUs,1744946350174000000,1744946410175000000,20392
MappedFileStorage.totalTimeSpentOnMappingUs,1744946350174000000,1744946410175000000,41443
StorageLockContext.competingThreads.90P,1744946350174000000,1744946410175000000,0
FilePageCacheLockFree.totalBytesWritten,1744946350174000000,1744946410175000000,0
StreamlinedBlobStorage.totalLiveRecordsCapacityBytes,1744946350174000000,1744946410175000000,0
FilePageCache.pageHits,1744946350174000000,1744946410175000000,21
FilePageCacheLockFree.totalPagesHandedOver,1744946350174000000,1744946410175000000,0
FilePageCacheLockFree.totalPagesWritten,1744946350174000000,1744946410175000000,0
FilePageCacheLockFree.totalClosedStoragesReclaimed,1744946350174000000,1744946410175000000,0
FilePageCacheLockFree.totalPagesWriteMs,1744946350174000000,1744946410175000000,0
FilePageCacheLockFree.totalPageAllocationsWaited,1744946350174000000,1744946410175000000,0
FilePageCacheLockFree.nativeBytesInUse,1744946350174000000,1744946410175000000,0
MappedFileStorage.totalBytesMapped,1744946350174000000,1744946410175000000,202637312
DirectByteBufferAllocator.totalSizeOfBuffersAllocatedInBytes,1744946350174000000,1744946410175000000,158474240
StreamlinedBlobStorage.recordsRelocated,1744946350174000000,1744946410175000000,0
StreamlinedBlobStorage.totalLiveRecordsPayloadBytes,1744946350174000000,1744946410175000000,0
FilePageCacheLockFree.totalBytesRead,1744946350174000000,1744946410175000000,0
FilePageCache.totalPageDisposalsUs,1744946350174000000,1744946410175000000,22
FilePageCache.maxRegisteredFiles,1744946350174000000,1744946410175000000,261
DirectByteBufferAllocator.disposed,1744946350174000000,1744946410175000000,0
FilePageCache.pageLoads,1744946350174000000,1744946410175000000,2
FilePageCacheLockFree.totalPagesAllocated,1744946350174000000,1744946410175000000,0
FilePageCacheLockFree.totalHeapBytesReclaimed,1744946350174000000,1744946410175000000,0
FilePageCacheLockFree.heapBytesInUse,1744946350174000000,1744946410175000000,0
FilePageCache.maxCacheSizeInBytes,1744946350174000000,1744946410175000000,158474240
DirectByteBufferAllocator.hits,1744946350174000000,1744946410175000000,0
FilePageCacheLockFree.totalNativeBytesAllocated,1744946350174000000,1744946410175000000,0
FilePageCacheLockFree.totalHeapBytesAllocated,1744946350174000000,1744946410175000000,0
StorageLockContext.competingThreads.max,1744946350174000000,1744946410175000000,0
FilePageCacheLockFree.housekeeperTimeSpentMs,1744946350174000000,1744946410175000000,0
FilePageCacheLockFree.housekeeperTurnsDone,1744946350174000000,1744946410175000000,0
FilePageCacheLockFree.totalPagesReadMs,1744946350174000000,1744946410175000000,0
VFS.invertedFileNameIndex.requests,1744946410175000000,1744946470171000000,0
VFS.contentStorage.recordsDecompressionTimeUs,1744946410175000000,1744946470171000000,0
VFS.contentStorage.recordsUncompressedSize,1744946410175000000,1744946470171000000,0
VFS.fileChildByName,1744946410175000000,1744946470171000000,10744
FileNameCache.queries,1744946410175000000,1744946470171000000,0
VFS.contentStorage.recordsRead,1744946410175000000,1744946470171000000,54
VFS.contentStorage.recordsStoredCompressed,1744946410175000000,1744946470171000000,0
VFS.fileByIdCache.hits,1744946410175000000,1744946470171000000,0
VFS.contentStorage.recordsReadDecompressed,1744946410175000000,1744946470171000000,0
VFS.contentStorage.recordsReadSize,1744946410175000000,1744946470171000000,89532
VFS.contentStorage.recordsStored,1744946410175000000,1744946470171000000,0
VFS.contentStorage.recordsDeduplicated,1744946410175000000,1744946470171000000,0
FileNameCache.totalMisses,1744946410175000000,1744946470171000000,0
VFS.fileByIdCache.misses,1744946410175000000,1744946470171000000,0
VFS.contentStorage.recordsStoredSize,1744946410175000000,1744946470171000000,0
DiskQueryRelay.taskWaitingTotalTimeUs,1744946410175000000,1744946470171000000,0
DiskQueryRelay.tasksRequested,1744946410175000000,1744946470171000000,0
writeAction.count,1744946410175000000,1744946470171000000,66
writeAction.wait.ms,1744946410175000000,1744946470171000000,3
writeAction.median.wait.ms,1744946410175000000,1744946470171000000,200
DiskQueryRelay.taskExecutionTotalTimeUs,1744946410175000000,1744946470171000000,0
DiskQueryRelay.tasksExecuted,1744946410175000000,1744946470171000000,0
writeAction.max.wait.ms,1744946410175000000,1744946470171000000,96
cacheStateStorage.set.counter,1744946410175000000,1744946470171000000,0
cacheStateStorage.set.duration,1744946410175000000,1744946470171000000,0
cacheStateStorage.get.duration,1744946410175000000,1744946470171000000,0
cacheStateStorage.get.counter,1744946410175000000,1744946470171000000,0
workspaceModel.cachedValueWithParameters.from.cache.count,1744946410175000000,1744946470171000000,0
workspaceModel.update.unloaded.entities.ms,1744946410175000000,1744946470171000000,0
workspaceModel.cachedValueWithParameters.clear.count,1744946410175000000,1744946470171000000,0
workspaceModel.cachedValue.clear.count,1744946410175000000,1744946470171000000,0
workspaceModel.workspaceFileIndexData.visitFileSets.ms,1744946410175000000,1744946470171000000,0
workspaceModel.cachedValue.from.cache.count,1744946410175000000,1744946470171000000,848
workspaceModel.workspaceFileIndexContributor.registerFileSets.ms,1744946410175000000,1744946470171000000,0
workspaceModel.workspaceFileIndexData.init.ms,1744946410175000000,1744946470171000000,0
workspaceModel.pre.handlers.ms,1744946410175000000,1744946470171000000,0
workspaceModel.on.before.changed.ms,1744946410175000000,1744946470171000000,0
workspaceModel.updates.precise.ms,1744946410175000000,1744946470171000000,0
workspaceModel.entityStorageSnapshotImpl.instances.count,1744946410175000000,1744946470171000000,0
workspaceModel.check.recursive.update.ms,1744946410175000000,1744946470171000000,0
workspaceModel.loading.total.ms,1744946410175000000,1744946470171000000,0
workspaceModel.initializing.ms,1744946410175000000,1744946470171000000,0
workspaceModel.cachedValue.calculated.count,1744946410175000000,1744946470171000000,0
workspaceModel.on.changed.ms,1744946410175000000,1744946470171000000,0
workspaceModel.workspaceFileIndexData.processFileSets.ms,1744946410175000000,1744946470171000000,0
workspaceModel.workspaceFileIndexData.getFileInfo.ms,1744946410175000000,1744946470171000000,13
workspaceModel.full.replace.project.model.ms,1744946410175000000,1744946470171000000,0
workspaceModel.cachedValueWithParameters.total.get.count,1744946410175000000,1744946470171000000,0
workspaceModel.workspaceFileIndexData.getDirectoriesByPackageName.ms,1744946410175000000,1744946470171000000,0
workspaceModel.workspaceFileIndexData.updateDirtyEntities.ms,1744946410175000000,1744946470171000000,0
workspaceModel.replace.project.model.ms,1744946410175000000,1744946470171000000,0
workspaceModel.updates.count,1744946410175000000,1744946470171000000,0
workspaceModel.loading.from.cache.ms,1744946410175000000,1744946470171000000,0
workspaceModel.cachedValueWithParameters.calculated.count,1744946410175000000,1744946470171000000,0
workspaceModel.workspaceFileIndexData.instances.count,1744946410175000000,1744946470171000000,0
workspaceModel.workspaceFileIndexData.onEntitiesChanged.ms,1744946410175000000,1744946470171000000,0
workspaceModel.to.snapshot.ms,1744946410175000000,1744946470171000000,0
workspaceModel.workspaceFileIndexData.getPackageName.ms,1744946410175000000,1744946470171000000,0
workspaceModel.collect.changes.ms,1744946410175000000,1744946470171000000,0
workspaceModel.init.bridges.ms,1744946410175000000,1744946470171000000,0
workspaceModel.workspaceFileIndexData.markDirty.ms,1744946410175000000,1744946470171000000,0
workspaceModel.cachedValue.total.get.count,1744946410175000000,1744946470171000000,848
workspaceModel.updates.ms,1744946410175000000,1744946470171000000,0
NonBlockingReadAction.finalizedExecutionTimeUs,1744946410175000000,1744946470171000000,176012
FlushQueue.queueSizeAvg,1744946410175000000,1744946470171000000,0.0
NonBlockingReadAction.failedExecutionTimeUs,1744946410175000000,1744946470171000000,0
NonBlockingReadAction.finalizedExecutionsCount,1744946410175000000,1744946470171000000,164
AWTEventQueue.dispatchTimeTotalNS,1744946410175000000,1744946470171000000,1789042412
FlushQueue.queueSizeMax,1744946410175000000,1744946470171000000,0
AWTEventQueue.eventsDispatched,1744946410175000000,1744946470171000000,0
FlushQueue.waitingTimeMaxNs,1744946410175000000,1744946470171000000,0
FlushQueue.queueSize90P,1744946410175000000,1744946470171000000,0
FlushQueue.waitingTimeAvgNs,1744946410175000000,1744946470171000000,0.0
FlushQueue.executionTimeAvgNs,1744946410175000000,1744946470171000000,0.0
FlushQueue.executionTimeMaxNs,1744946410175000000,1744946470171000000,0
AWTEventQueue.dispatchTimeAvgNs,1744946410175000000,1744946470171000000,0.0
ReadAction.executionsCount,1744946410175000000,1744946470171000000,56167
NonBlockingReadAction.failedExecutionsCount,1744946410175000000,1744946470171000000,0
FlushQueue.executionTime90PNs,1744946410175000000,1744946470171000000,0
AWTEventQueue.dispatchTime90PNs,1744946410175000000,1744946470171000000,0
FlushQueue.tasksExecuted,1744946410175000000,1744946470171000000,0
WriteAction.executionsCount,1744946410175000000,1744946470171000000,66
AWTEventQueue.dispatchTimeMaxNs,1744946410175000000,1744946470171000000,0
FlushQueue.waitingTime90PNs,1744946410175000000,1744946470171000000,0
workspaceModel.do.save.caches.ms,1744946410175000000,1744946470171000000,0
workspaceModel.moduleManagerBridge.load.module.ms,1744946410175000000,1744946470171000000,0
workspaceModel.mutableEntityStorage.put.entity.ms,1744946410175000000,1744946470171000000,0
workspaceModel.load.cache.from.file.ms,1744946410175000000,1744946470171000000,0
jps.global.get.library.by.name.ms,1744946410175000000,1744946470171000000,0
workspaceModel.mutableEntityStorage.add.entity.ms,1744946410175000000,1744946470171000000,0
workspaceModel.mutableEntityStorage.entities.by.source.ms,1744946410175000000,1744946470171000000,0
jps.global.handle.before.change.events.ms,1744946410175000000,1744946470171000000,0
jps.artifact.entities.serializer.save.entities.ms,1744946410175000000,1744946470171000000,0
jps.module.dependency.index.workspace.model.listener.on.changed.ms,1744946410175000000,1744946470171000000,0
workspaceModel.moduleBridge.before.changed.ms,1744946410175000000,1744946470171000000,0
workspaceModel.moduleManagerBridge.build.module.graph.ms,1744946410175000000,1744946470171000000,0
jps.project.serializers.save.ms,1744946410175000000,1744946470171000000,0
workspaceModel.mutableEntityStorage.changeLog.addReplaceEventForNewParent.ms,1744946410175000000,1744946470171000000,0
jps.app.storage.content.writer.save.component.ms,1744946410175000000,1744946470171000000,0
workspaceModel.mutableEntityStorage.resolve.ms,1744946410175000000,1744946470171000000,0
jps.save.global.entities.ms,1744946410175000000,1744946470171000000,0
workspaceModel.moduleManagerBridge.get.modules.ms,1744946410175000000,1744946470171000000,0
workspaceModel.moduleBridgeLoader.loading.modules.ms,1744946410175000000,1744946470171000000,0
jps.storage.jps.conf.reader.load.component.ms,1744946410175000000,1744946470171000000,0
workspaceModel.mutableEntityStorage.entities.ms,1744946410175000000,1744946470171000000,0
jps.facet.change.listener.init.bridge.ms,1744946410175000000,1744946470171000000,0
workspaceModel.mutableEntityStorage.changeLog.addReplaceEventForNewChild.ms,1744946410175000000,1744946470171000000,0
workspaceModel.moduleManagerBridge.create.module.instance.ms,1744946410175000000,1744946470171000000,0
jps.load.project.to.empty.storage.ms,1744946410175000000,1744946470171000000,0
workspaceModel.mutableEntityStorage.mutable.vfurl.index.ms,1744946410175000000,1744946470171000000,0
workspaceModel.moduleBridge.update.option.ms,1744946410175000000,1744946470171000000,0
jps.app.storage.content.reader.load.component.ms,1744946410175000000,1744946470171000000,0
workspaceModel.mutableEntityStorage.apply.changes.from.ms,1744946410175000000,1744946470171000000,0
workspaceModel.orphan.listener.update.ms,1744946410175000000,1744946470171000000,0
workspaceModel.moduleManagerBridge.set.unloadedModules.ms,1744946410175000000,1744946470171000000,0
workspaceModel.mutableEntityStorage.changeLog.addReplaceEventForRemovedChild.ms,1744946410175000000,1744946470171000000,0
jps.global.get.libraries.ms,1744946410175000000,1744946470171000000,0
jps.load.initial.state.ms,1744946410175000000,1744946470171000000,0
jps.facet.change.listener.process.change.events.ms,1744946410175000000,1744946470171000000,0
jps.global.get.library.ms,1744946410175000000,1744946470171000000,0
jps.facet.change.listener.before.change.events.ms,1744946410175000000,1744946470171000000,0
workspaceModel.moduleBridge.facet.initialization.ms,1744946410175000000,1744946470171000000,0
jps.artifact.entities.serializer.load.entities.ms,1744946410175000000,1744946470171000000,0
jps.global.initialize.library.bridges.ms,1744946410175000000,1744946470171000000,0
workspaceModel.save.cache.to.file.ms,1744946410175000000,1744946470171000000,0
workspaceModel.mutableEntityStorage.collect.changes.ms,1744946410175000000,1744946470171000000,0
jps.module.iml.entities.serializer.save.entities.ms,1744946410175000000,1744946470171000000,0
jps.global.handle.changed.events.ms,1744946410175000000,1744946470171000000,0
workspaceModel.global.updates.ms,1744946410175000000,1744946470171000000,0
workspaceModel.mutableEntityStorage.referrers.ms,1744946410175000000,1744946470171000000,0
workspaceModel.mutableEntityStorage.changeLog.addReplaceEventForRemovedParent.ms,1744946410175000000,1744946470171000000,0
workspaceModel.moduleManagerBridge.newModule.ms,1744946410175000000,1744946470171000000,0
jps.project.serializers.load.ms,1744946410175000000,1744946470171000000,0
jps.module.iml.entities.serializer.load.entities.ms,1744946410175000000,1744946470171000000,0
workspaceModel.mutableEntityStorage.instances.count,1744946410175000000,1744946470171000000,0
workspaceModel.moduleManagerBridge.load.all.modules.ms,1744946410175000000,1744946470171000000,0
workspaceModel.moduleManagerBridge.new.nonPersistent.module.ms,1744946410175000000,1744946470171000000,0
workspaceModel.global.apply.state.to.project.builder.ms,1744946410175000000,1744946470171000000,0
workspaceModel.global.updates.count,1744946410175000000,1744946470171000000,0
jps.library.entities.serializer.save.entities.ms,1744946410175000000,1744946470171000000,0
workspaceModel.mutableEntityStorage.replace.by.source.ms,1744946410175000000,1744946470171000000,0
workspaceModel.mutableEntityStorage.remove.entity.ms,1744946410175000000,1744946470171000000,0
jps.global.initialize.library.bridges.after.loading.ms,1744946410175000000,1744946470171000000,0
workspaceModel.mutableEntityStorage.modify.entity.ms,1744946410175000000,1744946470171000000,0
workspaceModel.load.cache.metadata.from.file.ms,1744946410175000000,1744946470171000000,0
workspaceModel.mutableEntityStorage.has.same.entities.ms,1744946410175000000,1744946470171000000,0
workspaceModel.mutableEntityStorage.mutable.ext.mapping.ms,1744946410175000000,1744946470171000000,0
jps.reload.project.entities.ms,1744946410175000000,1744946470171000000,0
jps.apply.loaded.storage.ms,1744946410175000000,1744946470171000000,0
workspaceModel.delayed.project.synchronizer.sync.ms,1744946410175000000,1744946470171000000,0
workspaceModel.global.apply.state.to.project.ms,1744946410175000000,1744946470171000000,0
workspaceModel.sync.entities.ms,1744946410175000000,1744946470171000000,0
workspaceModel.mutableEntityStorage.to.snapshot.ms,1744946410175000000,1744946470171000000,0
jps.library.entities.serializer.load.entities.ms,1744946410175000000,1744946470171000000,0
jps.save.changed.project.entities.ms,1744946410175000000,1744946470171000000,0
IndexesFlusher.totalFlushesRetried,1744946410175000000,1744946470171000000,0
Indexing.writer_0.totalTimeSpentWritingMs,1744946410175000000,1744946470171000000,0
Indexing.writesQueuedMin,1744946410175000000,1744946470171000000,9223372036854775807
Indexing.cache.totalCacheAccesses,1744946410175000000,1744946470171000000,18
Indexes.entries.lookupDurationMaxMs,1744946410175000000,1744946470171000000,0.0
Indexes.stubs.lookupDurationMaxMs,1744946410175000000,1744946470171000000,0.0
Indexes.entries.lookupDuration90PMs,1744946410175000000,1744946470171000000,0.0
Indexes.allKeys.lookupDurationMaxMs,1744946410175000000,1744946470171000000,0.0
Indexing.writer_2.totalTimeSpentWritingMs,1744946410175000000,1744946470171000000,0
Indexes.stubs.lookupDuration90PMs,1744946410175000000,1744946470171000000,0.0
Indexes.stubs.lookupDurationAvgMs,1744946410175000000,1744946470171000000,0.0
Indexes.entries.lookups,1744946410175000000,1744946470171000000,0
Indexing.writer_1.totalTimeSpentWritingMs,1744946410175000000,1744946470171000000,0
Indexes.allKeys.lookupDurationAvgMs,1744946410175000000,1744946470171000000,0.0
Indexing.writesQueuedMax,1744946410175000000,1744946470171000000,0
Indexing.cache.totalCacheMisses,1744946410175000000,1744946470171000000,13
IndexesFlusher.totalFlushes,1744946410175000000,1744946470171000000,59
Indexes.stubs.lookups,1744946410175000000,1744946470171000000,0
Indexes.allKeys.lookupDuration90PMs,1744946410175000000,1744946470171000000,0.0
Indexing.cache.totalCacheEvicted,1744946410175000000,1744946470171000000,12
Indexes.allKeys.lookups,1744946410175000000,1744946470171000000,0
IndexesFlusher.totalFlushingTimeUs,1744946410175000000,1744946470171000000,94522
Indexing.writer_3.totalTimeSpentWritingMs,1744946410175000000,1744946470171000000,0
Indexing.totalTimeIndexersSleptMs,1744946410175000000,1744946470171000000,0
Indexes.entries.lookupDurationAvgMs,1744946410175000000,1744946470171000000,0.0
IndexesFlusher.totalContentionQuotaSpent,1744946410175000000,1744946470171000000,0
JVM.totalTimeAtSafepointsMs,1744946410175000000,1744946470171000000,61
JVM.usedNativeBytes,1744946410175000000,1744946470171000000,426575840
OS.loadAverage,1744946410175000000,1744946470171000000,0.3525390625
JVM.maxHeapBytes,1744946410175000000,1744946470171000000,2147483648
JVM.usedHeapBytes,1744946410175000000,1744946470171000000,449839104
JVM.GC.collectionTimesMs,1744946410175000000,1744946470171000000,60
JVM.totalDirectByteBuffersBytes,1744946410175000000,1744946470171000000,159662727
JVM.totalSafepointCount,1744946410175000000,1744946470171000000,27
JVM.totalTimeToSafepointsMs,1744946410175000000,1744946470171000000,0
JVM.maxThreadCount,1744946410175000000,1744946470171000000,132
JVM.totalCpuTimeMs,1744946410175000000,1744946470171000000,12350
JVM.threadCount,1744946410175000000,1744946470171000000,66
JVM.newThreadsCount,1744946410175000000,1744946470171000000,0
JVM.GC.collections,1744946410175000000,1744946470171000000,2
JVM.totalBytesAllocated,1744946410175000000,1744946470171000000,225038184
StreamlinedBlobStorage.recordsAllocated,1744946410175000000,1744946470171000000,0
FileChannelInterruptsRetryer.totalRetriedAttempts,1744946410175000000,1744946470171000000,0
FilePageCacheLockFree.totalBytesRequested,1744946410175000000,1744946470171000000,0
FilePageCacheLockFree.totalPagesRequested,1744946410175000000,1744946470171000000,0
FilePageCache.disposedBuffers,1744946410175000000,1744946470171000000,0
DirectByteBufferAllocator.misses,1744946410175000000,1744946470171000000,0
FilePageCacheLockFree.totalNativeBytesReclaimed,1744946410175000000,1744946470171000000,0
StreamlinedBlobStorage.recordsDeleted,1744946410175000000,1744946470171000000,0
FilePageCache.pageLoadsAboveSizeThreshold,1744946410175000000,1744946470171000000,0
FilePageCache.pageFastCacheHits,1744946410175000000,1744946470171000000,0
FilePageCacheLockFree.housekeeperTurnsSkipped,1744946410175000000,1744946470171000000,0
DirectByteBufferAllocator.totalSizeOfBuffersCachedInBytes,1744946410175000000,1744946470171000000,0
MappedFileStorage.storages,1744946410175000000,1744946470171000000,16
FilePageCache.uncachedFileAccess,1744946410175000000,1744946470171000000,0
MappedFileStorage.totalPagesMapped,1744946410175000000,1744946470171000000,16
FilePageCacheLockFree.totalPagesReclaimed,1744946410175000000,1744946470171000000,0
FilePageCacheLockFree.totalPagesRequestsMs,1744946410175000000,1744946470171000000,0
DirectByteBufferAllocator.reclaimed,1744946410175000000,1744946470171000000,0
FilePageCache.capacityInBytes,1744946410175000000,1744946470171000000,503316478
StorageLockContext.competingThreads.avg,1744946410175000000,1744946470171000000,0.0
FilePageCache.totalPageLoadsUs,1744946410175000000,1744946470171000000,0
MappedFileStorage.totalTimeSpentOnMappingUs,1744946410175000000,1744946470171000000,41443
StorageLockContext.competingThreads.90P,1744946410175000000,1744946470171000000,0
FilePageCacheLockFree.totalBytesWritten,1744946410175000000,1744946470171000000,0
StreamlinedBlobStorage.totalLiveRecordsCapacityBytes,1744946410175000000,1744946470171000000,0
FilePageCache.pageHits,1744946410175000000,1744946470171000000,0
FilePageCacheLockFree.totalPagesHandedOver,1744946410175000000,1744946470171000000,0
FilePageCacheLockFree.totalPagesWritten,1744946410175000000,1744946470171000000,0
FilePageCacheLockFree.totalClosedStoragesReclaimed,1744946410175000000,1744946470171000000,0
FilePageCacheLockFree.totalPagesWriteMs,1744946410175000000,1744946470171000000,0
FilePageCacheLockFree.totalPageAllocationsWaited,1744946410175000000,1744946470171000000,0
FilePageCacheLockFree.nativeBytesInUse,1744946410175000000,1744946470171000000,0
MappedFileStorage.totalBytesMapped,1744946410175000000,1744946470171000000,202637312
DirectByteBufferAllocator.totalSizeOfBuffersAllocatedInBytes,1744946410175000000,1744946470171000000,158474240
StreamlinedBlobStorage.recordsRelocated,1744946410175000000,1744946470171000000,0
StreamlinedBlobStorage.totalLiveRecordsPayloadBytes,1744946410175000000,1744946470171000000,0
FilePageCacheLockFree.totalBytesRead,1744946410175000000,1744946470171000000,0
FilePageCache.totalPageDisposalsUs,1744946410175000000,1744946470171000000,0
FilePageCache.maxRegisteredFiles,1744946410175000000,1744946470171000000,261
DirectByteBufferAllocator.disposed,1744946410175000000,1744946470171000000,0
FilePageCache.pageLoads,1744946410175000000,1744946470171000000,0
FilePageCacheLockFree.totalPagesAllocated,1744946410175000000,1744946470171000000,0
FilePageCacheLockFree.totalHeapBytesReclaimed,1744946410175000000,1744946470171000000,0
FilePageCacheLockFree.heapBytesInUse,1744946410175000000,1744946470171000000,0
FilePageCache.maxCacheSizeInBytes,1744946410175000000,1744946470171000000,158474240
DirectByteBufferAllocator.hits,1744946410175000000,1744946470171000000,0
FilePageCacheLockFree.totalNativeBytesAllocated,1744946410175000000,1744946470171000000,0
FilePageCacheLockFree.totalHeapBytesAllocated,1744946410175000000,1744946470171000000,0
StorageLockContext.competingThreads.max,1744946410175000000,1744946470171000000,0
FilePageCacheLockFree.housekeeperTimeSpentMs,1744946410175000000,1744946470171000000,0
FilePageCacheLockFree.housekeeperTurnsDone,1744946410175000000,1744946470171000000,0
FilePageCacheLockFree.totalPagesReadMs,1744946410175000000,1744946470171000000,0
VFS.invertedFileNameIndex.requests,1744946470171000000,1744946530181000000,0
VFS.contentStorage.recordsDecompressionTimeUs,1744946470171000000,1744946530181000000,0
VFS.contentStorage.recordsUncompressedSize,1744946470171000000,1744946530181000000,0
VFS.fileChildByName,1744946470171000000,1744946530181000000,22324
FileNameCache.queries,1744946470171000000,1744946530181000000,0
VFS.contentStorage.recordsRead,1744946470171000000,1744946530181000000,128
VFS.contentStorage.recordsStoredCompressed,1744946470171000000,1744946530181000000,0
VFS.fileByIdCache.hits,1744946470171000000,1744946530181000000,0
VFS.contentStorage.recordsReadDecompressed,1744946470171000000,1744946530181000000,0
VFS.contentStorage.recordsReadSize,1744946470171000000,1744946530181000000,211395
VFS.contentStorage.recordsStored,1744946470171000000,1744946530181000000,0
VFS.contentStorage.recordsDeduplicated,1744946470171000000,1744946530181000000,0
FileNameCache.totalMisses,1744946470171000000,1744946530181000000,0
VFS.fileByIdCache.misses,1744946470171000000,1744946530181000000,0
VFS.contentStorage.recordsStoredSize,1744946470171000000,1744946530181000000,0
DiskQueryRelay.taskWaitingTotalTimeUs,1744946470171000000,1744946530181000000,0
DiskQueryRelay.tasksRequested,1744946470171000000,1744946530181000000,0
writeAction.count,1744946470171000000,1744946530181000000,148
writeAction.wait.ms,1744946470171000000,1744946530181000000,6
writeAction.median.wait.ms,1744946470171000000,1744946530181000000,200
DiskQueryRelay.taskExecutionTotalTimeUs,1744946470171000000,1744946530181000000,0
DiskQueryRelay.tasksExecuted,1744946470171000000,1744946530181000000,0
writeAction.max.wait.ms,1744946470171000000,1744946530181000000,96
cacheStateStorage.set.counter,1744946470171000000,1744946530181000000,0
cacheStateStorage.set.duration,1744946470171000000,1744946530181000000,0
cacheStateStorage.get.duration,1744946470171000000,1744946530181000000,0
cacheStateStorage.get.counter,1744946470171000000,1744946530181000000,0
workspaceModel.cachedValueWithParameters.from.cache.count,1744946470171000000,1744946530181000000,0
workspaceModel.update.unloaded.entities.ms,1744946470171000000,1744946530181000000,0
workspaceModel.cachedValueWithParameters.clear.count,1744946470171000000,1744946530181000000,0
workspaceModel.cachedValue.clear.count,1744946470171000000,1744946530181000000,0
workspaceModel.workspaceFileIndexData.visitFileSets.ms,1744946470171000000,1744946530181000000,0
workspaceModel.cachedValue.from.cache.count,1744946470171000000,1744946530181000000,1755
workspaceModel.workspaceFileIndexContributor.registerFileSets.ms,1744946470171000000,1744946530181000000,0
workspaceModel.workspaceFileIndexData.init.ms,1744946470171000000,1744946530181000000,0
workspaceModel.pre.handlers.ms,1744946470171000000,1744946530181000000,0
workspaceModel.on.before.changed.ms,1744946470171000000,1744946530181000000,0
workspaceModel.updates.precise.ms,1744946470171000000,1744946530181000000,0
workspaceModel.entityStorageSnapshotImpl.instances.count,1744946470171000000,1744946530181000000,0
workspaceModel.check.recursive.update.ms,1744946470171000000,1744946530181000000,0
workspaceModel.loading.total.ms,1744946470171000000,1744946530181000000,0
workspaceModel.initializing.ms,1744946470171000000,1744946530181000000,0
workspaceModel.cachedValue.calculated.count,1744946470171000000,1744946530181000000,0
workspaceModel.on.changed.ms,1744946470171000000,1744946530181000000,0
workspaceModel.workspaceFileIndexData.processFileSets.ms,1744946470171000000,1744946530181000000,0
workspaceModel.workspaceFileIndexData.getFileInfo.ms,1744946470171000000,1744946530181000000,25
workspaceModel.full.replace.project.model.ms,1744946470171000000,1744946530181000000,0
workspaceModel.cachedValueWithParameters.total.get.count,1744946470171000000,1744946530181000000,0
workspaceModel.workspaceFileIndexData.getDirectoriesByPackageName.ms,1744946470171000000,1744946530181000000,0
workspaceModel.workspaceFileIndexData.updateDirtyEntities.ms,1744946470171000000,1744946530181000000,0
workspaceModel.replace.project.model.ms,1744946470171000000,1744946530181000000,0
workspaceModel.updates.count,1744946470171000000,1744946530181000000,0
workspaceModel.loading.from.cache.ms,1744946470171000000,1744946530181000000,0
workspaceModel.cachedValueWithParameters.calculated.count,1744946470171000000,1744946530181000000,0
workspaceModel.workspaceFileIndexData.instances.count,1744946470171000000,1744946530181000000,0
workspaceModel.workspaceFileIndexData.onEntitiesChanged.ms,1744946470171000000,1744946530181000000,0
workspaceModel.to.snapshot.ms,1744946470171000000,1744946530181000000,0
workspaceModel.workspaceFileIndexData.getPackageName.ms,1744946470171000000,1744946530181000000,0
workspaceModel.collect.changes.ms,1744946470171000000,1744946530181000000,0
workspaceModel.init.bridges.ms,1744946470171000000,1744946530181000000,0
workspaceModel.workspaceFileIndexData.markDirty.ms,1744946470171000000,1744946530181000000,0
workspaceModel.cachedValue.total.get.count,1744946470171000000,1744946530181000000,1755
workspaceModel.updates.ms,1744946470171000000,1744946530181000000,0
NonBlockingReadAction.finalizedExecutionTimeUs,1744946470171000000,1744946530181000000,384018
FlushQueue.queueSizeAvg,1744946470171000000,1744946530181000000,0.0
NonBlockingReadAction.failedExecutionTimeUs,1744946470171000000,1744946530181000000,0
NonBlockingReadAction.finalizedExecutionsCount,1744946470171000000,1744946530181000000,348
AWTEventQueue.dispatchTimeTotalNS,1744946470171000000,1744946530181000000,3556201945
FlushQueue.queueSizeMax,1744946470171000000,1744946530181000000,0
AWTEventQueue.eventsDispatched,1744946470171000000,1744946530181000000,0
FlushQueue.waitingTimeMaxNs,1744946470171000000,1744946530181000000,0
FlushQueue.queueSize90P,1744946470171000000,1744946530181000000,0
FlushQueue.waitingTimeAvgNs,1744946470171000000,1744946530181000000,0.0
FlushQueue.executionTimeAvgNs,1744946470171000000,1744946530181000000,0.0
FlushQueue.executionTimeMaxNs,1744946470171000000,1744946530181000000,0
AWTEventQueue.dispatchTimeAvgNs,1744946470171000000,1744946530181000000,0.0
ReadAction.executionsCount,1744946470171000000,1744946530181000000,121625
NonBlockingReadAction.failedExecutionsCount,1744946470171000000,1744946530181000000,0
FlushQueue.executionTime90PNs,1744946470171000000,1744946530181000000,0
AWTEventQueue.dispatchTime90PNs,1744946470171000000,1744946530181000000,0
FlushQueue.tasksExecuted,1744946470171000000,1744946530181000000,0
WriteAction.executionsCount,1744946470171000000,1744946530181000000,148
AWTEventQueue.dispatchTimeMaxNs,1744946470171000000,1744946530181000000,0
FlushQueue.waitingTime90PNs,1744946470171000000,1744946530181000000,0
workspaceModel.do.save.caches.ms,1744946470171000000,1744946530181000000,0
workspaceModel.moduleManagerBridge.load.module.ms,1744946470171000000,1744946530181000000,0
workspaceModel.mutableEntityStorage.put.entity.ms,1744946470171000000,1744946530181000000,0
workspaceModel.load.cache.from.file.ms,1744946470171000000,1744946530181000000,0
jps.global.get.library.by.name.ms,1744946470171000000,1744946530181000000,0
workspaceModel.mutableEntityStorage.add.entity.ms,1744946470171000000,1744946530181000000,0
workspaceModel.mutableEntityStorage.entities.by.source.ms,1744946470171000000,1744946530181000000,0
jps.global.handle.before.change.events.ms,1744946470171000000,1744946530181000000,0
jps.artifact.entities.serializer.save.entities.ms,1744946470171000000,1744946530181000000,0
jps.module.dependency.index.workspace.model.listener.on.changed.ms,1744946470171000000,1744946530181000000,0
workspaceModel.moduleBridge.before.changed.ms,1744946470171000000,1744946530181000000,0
workspaceModel.moduleManagerBridge.build.module.graph.ms,1744946470171000000,1744946530181000000,0
jps.project.serializers.save.ms,1744946470171000000,1744946530181000000,0
workspaceModel.mutableEntityStorage.changeLog.addReplaceEventForNewParent.ms,1744946470171000000,1744946530181000000,0
jps.app.storage.content.writer.save.component.ms,1744946470171000000,1744946530181000000,0
workspaceModel.mutableEntityStorage.resolve.ms,1744946470171000000,1744946530181000000,0
jps.save.global.entities.ms,1744946470171000000,1744946530181000000,0
workspaceModel.moduleManagerBridge.get.modules.ms,1744946470171000000,1744946530181000000,0
workspaceModel.moduleBridgeLoader.loading.modules.ms,1744946470171000000,1744946530181000000,0
jps.storage.jps.conf.reader.load.component.ms,1744946470171000000,1744946530181000000,0
workspaceModel.mutableEntityStorage.entities.ms,1744946470171000000,1744946530181000000,0
jps.facet.change.listener.init.bridge.ms,1744946470171000000,1744946530181000000,0
workspaceModel.mutableEntityStorage.changeLog.addReplaceEventForNewChild.ms,1744946470171000000,1744946530181000000,0
workspaceModel.moduleManagerBridge.create.module.instance.ms,1744946470171000000,1744946530181000000,0
jps.load.project.to.empty.storage.ms,1744946470171000000,1744946530181000000,0
workspaceModel.mutableEntityStorage.mutable.vfurl.index.ms,1744946470171000000,1744946530181000000,0
workspaceModel.moduleBridge.update.option.ms,1744946470171000000,1744946530181000000,0
jps.app.storage.content.reader.load.component.ms,1744946470171000000,1744946530181000000,0
workspaceModel.mutableEntityStorage.apply.changes.from.ms,1744946470171000000,1744946530181000000,0
workspaceModel.orphan.listener.update.ms,1744946470171000000,1744946530181000000,0
workspaceModel.moduleManagerBridge.set.unloadedModules.ms,1744946470171000000,1744946530181000000,0
workspaceModel.mutableEntityStorage.changeLog.addReplaceEventForRemovedChild.ms,1744946470171000000,1744946530181000000,0
jps.global.get.libraries.ms,1744946470171000000,1744946530181000000,0
jps.load.initial.state.ms,1744946470171000000,1744946530181000000,0
jps.facet.change.listener.process.change.events.ms,1744946470171000000,1744946530181000000,0
jps.global.get.library.ms,1744946470171000000,1744946530181000000,0
jps.facet.change.listener.before.change.events.ms,1744946470171000000,1744946530181000000,0
workspaceModel.moduleBridge.facet.initialization.ms,1744946470171000000,1744946530181000000,0
jps.artifact.entities.serializer.load.entities.ms,1744946470171000000,1744946530181000000,0
jps.global.initialize.library.bridges.ms,1744946470171000000,1744946530181000000,0
workspaceModel.save.cache.to.file.ms,1744946470171000000,1744946530181000000,0
workspaceModel.mutableEntityStorage.collect.changes.ms,1744946470171000000,1744946530181000000,0
jps.module.iml.entities.serializer.save.entities.ms,1744946470171000000,1744946530181000000,0
jps.global.handle.changed.events.ms,1744946470171000000,1744946530181000000,0
workspaceModel.global.updates.ms,1744946470171000000,1744946530181000000,0
workspaceModel.mutableEntityStorage.referrers.ms,1744946470171000000,1744946530181000000,0
workspaceModel.mutableEntityStorage.changeLog.addReplaceEventForRemovedParent.ms,1744946470171000000,1744946530181000000,0
workspaceModel.moduleManagerBridge.newModule.ms,1744946470171000000,1744946530181000000,0
jps.project.serializers.load.ms,1744946470171000000,1744946530181000000,0
jps.module.iml.entities.serializer.load.entities.ms,1744946470171000000,1744946530181000000,0
workspaceModel.mutableEntityStorage.instances.count,1744946470171000000,1744946530181000000,0
workspaceModel.moduleManagerBridge.load.all.modules.ms,1744946470171000000,1744946530181000000,0
workspaceModel.moduleManagerBridge.new.nonPersistent.module.ms,1744946470171000000,1744946530181000000,0
workspaceModel.global.apply.state.to.project.builder.ms,1744946470171000000,1744946530181000000,0
workspaceModel.global.updates.count,1744946470171000000,1744946530181000000,0
jps.library.entities.serializer.save.entities.ms,1744946470171000000,1744946530181000000,0
workspaceModel.mutableEntityStorage.replace.by.source.ms,1744946470171000000,1744946530181000000,0
workspaceModel.mutableEntityStorage.remove.entity.ms,1744946470171000000,1744946530181000000,0
jps.global.initialize.library.bridges.after.loading.ms,1744946470171000000,1744946530181000000,0
workspaceModel.mutableEntityStorage.modify.entity.ms,1744946470171000000,1744946530181000000,0
workspaceModel.load.cache.metadata.from.file.ms,1744946470171000000,1744946530181000000,0
workspaceModel.mutableEntityStorage.has.same.entities.ms,1744946470171000000,1744946530181000000,0
workspaceModel.mutableEntityStorage.mutable.ext.mapping.ms,1744946470171000000,1744946530181000000,0
jps.reload.project.entities.ms,1744946470171000000,1744946530181000000,0
jps.apply.loaded.storage.ms,1744946470171000000,1744946530181000000,0
workspaceModel.delayed.project.synchronizer.sync.ms,1744946470171000000,1744946530181000000,0
workspaceModel.global.apply.state.to.project.ms,1744946470171000000,1744946530181000000,0
workspaceModel.sync.entities.ms,1744946470171000000,1744946530181000000,0
workspaceModel.mutableEntityStorage.to.snapshot.ms,1744946470171000000,1744946530181000000,0
jps.library.entities.serializer.load.entities.ms,1744946470171000000,1744946530181000000,0
jps.save.changed.project.entities.ms,1744946470171000000,1744946530181000000,0
IndexesFlusher.totalFlushesRetried,1744946470171000000,1744946530181000000,0
Indexing.writer_0.totalTimeSpentWritingMs,1744946470171000000,1744946530181000000,0
Indexing.writesQueuedMin,1744946470171000000,1744946530181000000,9223372036854775807
Indexing.cache.totalCacheAccesses,1744946470171000000,1744946530181000000,43
Indexes.entries.lookupDurationMaxMs,1744946470171000000,1744946530181000000,0.0
Indexes.stubs.lookupDurationMaxMs,1744946470171000000,1744946530181000000,0.0
Indexes.entries.lookupDuration90PMs,1744946470171000000,1744946530181000000,0.0
Indexes.allKeys.lookupDurationMaxMs,1744946470171000000,1744946530181000000,0.0
Indexing.writer_2.totalTimeSpentWritingMs,1744946470171000000,1744946530181000000,0
Indexes.stubs.lookupDuration90PMs,1744946470171000000,1744946530181000000,0.0
Indexes.stubs.lookupDurationAvgMs,1744946470171000000,1744946530181000000,0.0
Indexes.entries.lookups,1744946470171000000,1744946530181000000,0
Indexing.writer_1.totalTimeSpentWritingMs,1744946470171000000,1744946530181000000,0
Indexes.allKeys.lookupDurationAvgMs,1744946470171000000,1744946530181000000,0.0
Indexing.writesQueuedMax,1744946470171000000,1744946530181000000,0
Indexing.cache.totalCacheMisses,1744946470171000000,1744946530181000000,30
IndexesFlusher.totalFlushes,1744946470171000000,1744946530181000000,60
Indexes.stubs.lookups,1744946470171000000,1744946530181000000,0
Indexes.allKeys.lookupDuration90PMs,1744946470171000000,1744946530181000000,0.0
Indexing.cache.totalCacheEvicted,1744946470171000000,1744946530181000000,30
Indexes.allKeys.lookups,1744946470171000000,1744946530181000000,0
IndexesFlusher.totalFlushingTimeUs,1744946470171000000,1744946530181000000,100055
Indexing.writer_3.totalTimeSpentWritingMs,1744946470171000000,1744946530181000000,0
Indexing.totalTimeIndexersSleptMs,1744946470171000000,1744946530181000000,0
Indexes.entries.lookupDurationAvgMs,1744946470171000000,1744946530181000000,0.0
IndexesFlusher.totalContentionQuotaSpent,1744946470171000000,1744946530181000000,0
JVM.totalTimeAtSafepointsMs,1744946470171000000,1744946530181000000,50
JVM.usedNativeBytes,1744946470171000000,1744946530181000000,426454472
OS.loadAverage,1744946470171000000,1744946530181000000,0.22998046875
JVM.maxHeapBytes,1744946470171000000,1744946530181000000,2147483648
JVM.usedHeapBytes,1744946470171000000,1744946530181000000,445644800
JVM.GC.collectionTimesMs,1744946470171000000,1744946530181000000,44
JVM.totalDirectByteBuffersBytes,1744946470171000000,1744946530181000000,159662727
JVM.totalSafepointCount,1744946470171000000,1744946530181000000,45
JVM.totalTimeToSafepointsMs,1744946470171000000,1744946530181000000,2
JVM.maxThreadCount,1744946470171000000,1744946530181000000,132
JVM.totalCpuTimeMs,1744946470171000000,1744946530181000000,24670
JVM.threadCount,1744946470171000000,1744946530181000000,67
JVM.newThreadsCount,1744946470171000000,1744946530181000000,1
JVM.GC.collections,1744946470171000000,1744946530181000000,4
JVM.totalBytesAllocated,1744946470171000000,1744946530181000000,452395480
StreamlinedBlobStorage.recordsAllocated,1744946470171000000,1744946530181000000,0
FileChannelInterruptsRetryer.totalRetriedAttempts,1744946470171000000,1744946530181000000,0
FilePageCacheLockFree.totalBytesRequested,1744946470171000000,1744946530181000000,0
FilePageCacheLockFree.totalPagesRequested,1744946470171000000,1744946530181000000,0
FilePageCache.disposedBuffers,1744946470171000000,1744946530181000000,0
DirectByteBufferAllocator.misses,1744946470171000000,1744946530181000000,0
FilePageCacheLockFree.totalNativeBytesReclaimed,1744946470171000000,1744946530181000000,0
StreamlinedBlobStorage.recordsDeleted,1744946470171000000,1744946530181000000,0
FilePageCache.pageLoadsAboveSizeThreshold,1744946470171000000,1744946530181000000,0
FilePageCache.pageFastCacheHits,1744946470171000000,1744946530181000000,0
FilePageCacheLockFree.housekeeperTurnsSkipped,1744946470171000000,1744946530181000000,0
DirectByteBufferAllocator.totalSizeOfBuffersCachedInBytes,1744946470171000000,1744946530181000000,0
MappedFileStorage.storages,1744946470171000000,1744946530181000000,16
FilePageCache.uncachedFileAccess,1744946470171000000,1744946530181000000,0
MappedFileStorage.totalPagesMapped,1744946470171000000,1744946530181000000,16
FilePageCacheLockFree.totalPagesReclaimed,1744946470171000000,1744946530181000000,0
FilePageCacheLockFree.totalPagesRequestsMs,1744946470171000000,1744946530181000000,0
DirectByteBufferAllocator.reclaimed,1744946470171000000,1744946530181000000,0
FilePageCache.capacityInBytes,1744946470171000000,1744946530181000000,503316478
StorageLockContext.competingThreads.avg,1744946470171000000,1744946530181000000,0.0
FilePageCache.totalPageLoadsUs,1744946470171000000,1744946530181000000,0
MappedFileStorage.totalTimeSpentOnMappingUs,1744946470171000000,1744946530181000000,41443
StorageLockContext.competingThreads.90P,1744946470171000000,1744946530181000000,0
FilePageCacheLockFree.totalBytesWritten,1744946470171000000,1744946530181000000,0
StreamlinedBlobStorage.totalLiveRecordsCapacityBytes,1744946470171000000,1744946530181000000,0
FilePageCache.pageHits,1744946470171000000,1744946530181000000,0
FilePageCacheLockFree.totalPagesHandedOver,1744946470171000000,1744946530181000000,0
FilePageCacheLockFree.totalPagesWritten,1744946470171000000,1744946530181000000,0
FilePageCacheLockFree.totalClosedStoragesReclaimed,1744946470171000000,1744946530181000000,0
FilePageCacheLockFree.totalPagesWriteMs,1744946470171000000,1744946530181000000,0
FilePageCacheLockFree.totalPageAllocationsWaited,1744946470171000000,1744946530181000000,0
FilePageCacheLockFree.nativeBytesInUse,1744946470171000000,1744946530181000000,0
MappedFileStorage.totalBytesMapped,1744946470171000000,1744946530181000000,202637312
DirectByteBufferAllocator.totalSizeOfBuffersAllocatedInBytes,1744946470171000000,1744946530181000000,158474240
StreamlinedBlobStorage.recordsRelocated,1744946470171000000,1744946530181000000,0
StreamlinedBlobStorage.totalLiveRecordsPayloadBytes,1744946470171000000,1744946530181000000,0
FilePageCacheLockFree.totalBytesRead,1744946470171000000,1744946530181000000,0
FilePageCache.totalPageDisposalsUs,1744946470171000000,1744946530181000000,0
FilePageCache.maxRegisteredFiles,1744946470171000000,1744946530181000000,261
DirectByteBufferAllocator.disposed,1744946470171000000,1744946530181000000,0
FilePageCache.pageLoads,1744946470171000000,1744946530181000000,0
FilePageCacheLockFree.totalPagesAllocated,1744946470171000000,1744946530181000000,0
FilePageCacheLockFree.totalHeapBytesReclaimed,1744946470171000000,1744946530181000000,0
FilePageCacheLockFree.heapBytesInUse,1744946470171000000,1744946530181000000,0
FilePageCache.maxCacheSizeInBytes,1744946470171000000,1744946530181000000,158474240
DirectByteBufferAllocator.hits,1744946470171000000,1744946530181000000,0
FilePageCacheLockFree.totalNativeBytesAllocated,1744946470171000000,1744946530181000000,0
FilePageCacheLockFree.totalHeapBytesAllocated,1744946470171000000,1744946530181000000,0
StorageLockContext.competingThreads.max,1744946470171000000,1744946530181000000,0
FilePageCacheLockFree.housekeeperTimeSpentMs,1744946470171000000,1744946530181000000,0
FilePageCacheLockFree.housekeeperTurnsDone,1744946470171000000,1744946530181000000,0
FilePageCacheLockFree.totalPagesReadMs,1744946470171000000,1744946530181000000,0
VFS.invertedFileNameIndex.requests,1744946530181000000,1744946590178000000,0
VFS.contentStorage.recordsDecompressionTimeUs,1744946530181000000,1744946590178000000,0
VFS.contentStorage.recordsUncompressedSize,1744946530181000000,1744946590178000000,0
VFS.fileChildByName,1744946530181000000,1744946590178000000,24661
FileNameCache.queries,1744946530181000000,1744946590178000000,17344
VFS.contentStorage.recordsRead,1744946530181000000,1744946590178000000,121
VFS.contentStorage.recordsStoredCompressed,1744946530181000000,1744946590178000000,0
VFS.fileByIdCache.hits,1744946530181000000,1744946590178000000,0
VFS.contentStorage.recordsReadDecompressed,1744946530181000000,1744946590178000000,0
VFS.contentStorage.recordsReadSize,1744946530181000000,1744946590178000000,202722
VFS.contentStorage.recordsStored,1744946530181000000,1744946590178000000,0
VFS.contentStorage.recordsDeduplicated,1744946530181000000,1744946590178000000,0
FileNameCache.totalMisses,1744946530181000000,1744946590178000000,0
VFS.fileByIdCache.misses,1744946530181000000,1744946590178000000,4130
VFS.contentStorage.recordsStoredSize,1744946530181000000,1744946590178000000,0
DiskQueryRelay.taskWaitingTotalTimeUs,1744946530181000000,1744946590178000000,206
DiskQueryRelay.tasksRequested,1744946530181000000,1744946590178000000,1
parser.Python.time.ns,1744946530181000000,1744946590178000000,32509777
parser.Python.size.bytes,1744946530181000000,1744946590178000000,3829
writeAction.count,1744946530181000000,1744946590178000000,138
lexer.Python.size.bytes,1744946530181000000,1744946590178000000,3829
writeAction.wait.ms,1744946530181000000,1744946590178000000,4
writeAction.median.wait.ms,1744946530181000000,1744946590178000000,200
DiskQueryRelay.taskExecutionTotalTimeUs,1744946530181000000,1744946590178000000,197
DiskQueryRelay.tasksExecuted,1744946530181000000,1744946590178000000,1
writeAction.max.wait.ms,1744946530181000000,1744946590178000000,96
lexer.Python.time.ns,1744946530181000000,1744946590178000000,4116584
cacheStateStorage.set.counter,1744946530181000000,1744946590178000000,0
cacheStateStorage.set.duration,1744946530181000000,1744946590178000000,0
cacheStateStorage.get.duration,1744946530181000000,1744946590178000000,0
cacheStateStorage.get.counter,1744946530181000000,1744946590178000000,0
workspaceModel.cachedValueWithParameters.from.cache.count,1744946530181000000,1744946590178000000,0
workspaceModel.update.unloaded.entities.ms,1744946530181000000,1744946590178000000,0
workspaceModel.cachedValueWithParameters.clear.count,1744946530181000000,1744946590178000000,0
workspaceModel.cachedValue.clear.count,1744946530181000000,1744946590178000000,0
workspaceModel.workspaceFileIndexData.visitFileSets.ms,1744946530181000000,1744946590178000000,0
workspaceModel.cachedValue.from.cache.count,1744946530181000000,1744946590178000000,3402
workspaceModel.workspaceFileIndexContributor.registerFileSets.ms,1744946530181000000,1744946590178000000,0
workspaceModel.workspaceFileIndexData.init.ms,1744946530181000000,1744946590178000000,0
workspaceModel.pre.handlers.ms,1744946530181000000,1744946590178000000,0
workspaceModel.on.before.changed.ms,1744946530181000000,1744946590178000000,0
workspaceModel.updates.precise.ms,1744946530181000000,1744946590178000000,0
workspaceModel.entityStorageSnapshotImpl.instances.count,1744946530181000000,1744946590178000000,0
workspaceModel.check.recursive.update.ms,1744946530181000000,1744946590178000000,0
workspaceModel.loading.total.ms,1744946530181000000,1744946590178000000,0
workspaceModel.initializing.ms,1744946530181000000,1744946590178000000,0
workspaceModel.cachedValue.calculated.count,1744946530181000000,1744946590178000000,0
workspaceModel.on.changed.ms,1744946530181000000,1744946590178000000,0
workspaceModel.workspaceFileIndexData.processFileSets.ms,1744946530181000000,1744946590178000000,0
workspaceModel.workspaceFileIndexData.getFileInfo.ms,1744946530181000000,1744946590178000000,32
workspaceModel.full.replace.project.model.ms,1744946530181000000,1744946590178000000,0
workspaceModel.cachedValueWithParameters.total.get.count,1744946530181000000,1744946590178000000,0
workspaceModel.workspaceFileIndexData.getDirectoriesByPackageName.ms,1744946530181000000,1744946590178000000,0
workspaceModel.workspaceFileIndexData.updateDirtyEntities.ms,1744946530181000000,1744946590178000000,0
workspaceModel.replace.project.model.ms,1744946530181000000,1744946590178000000,0
workspaceModel.updates.count,1744946530181000000,1744946590178000000,0
workspaceModel.loading.from.cache.ms,1744946530181000000,1744946590178000000,0
workspaceModel.cachedValueWithParameters.calculated.count,1744946530181000000,1744946590178000000,0
workspaceModel.workspaceFileIndexData.instances.count,1744946530181000000,1744946590178000000,0
workspaceModel.workspaceFileIndexData.onEntitiesChanged.ms,1744946530181000000,1744946590178000000,0
workspaceModel.to.snapshot.ms,1744946530181000000,1744946590178000000,0
workspaceModel.workspaceFileIndexData.getPackageName.ms,1744946530181000000,1744946590178000000,0
workspaceModel.collect.changes.ms,1744946530181000000,1744946590178000000,0
workspaceModel.init.bridges.ms,1744946530181000000,1744946590178000000,0
workspaceModel.workspaceFileIndexData.markDirty.ms,1744946530181000000,1744946590178000000,0
workspaceModel.cachedValue.total.get.count,1744946530181000000,1744946590178000000,3402
workspaceModel.updates.ms,1744946530181000000,1744946590178000000,0
NonBlockingReadAction.finalizedExecutionTimeUs,1744946530181000000,1744946590178000000,336842
FlushQueue.queueSizeAvg,1744946530181000000,1744946590178000000,0.0
NonBlockingReadAction.failedExecutionTimeUs,1744946530181000000,1744946590178000000,0
NonBlockingReadAction.finalizedExecutionsCount,1744946530181000000,1744946590178000000,387
AWTEventQueue.dispatchTimeTotalNS,1744946530181000000,1744946590178000000,3692508041
FlushQueue.queueSizeMax,1744946530181000000,1744946590178000000,0
AWTEventQueue.eventsDispatched,1744946530181000000,1744946590178000000,0
FlushQueue.waitingTimeMaxNs,1744946530181000000,1744946590178000000,0
FlushQueue.queueSize90P,1744946530181000000,1744946590178000000,0
FlushQueue.waitingTimeAvgNs,1744946530181000000,1744946590178000000,0.0
FlushQueue.executionTimeAvgNs,1744946530181000000,1744946590178000000,0.0
FlushQueue.executionTimeMaxNs,1744946530181000000,1744946590178000000,0
AWTEventQueue.dispatchTimeAvgNs,1744946530181000000,1744946590178000000,0.0
ReadAction.executionsCount,1744946530181000000,1744946590178000000,126323
NonBlockingReadAction.failedExecutionsCount,1744946530181000000,1744946590178000000,0
FlushQueue.executionTime90PNs,1744946530181000000,1744946590178000000,0
AWTEventQueue.dispatchTime90PNs,1744946530181000000,1744946590178000000,0
FlushQueue.tasksExecuted,1744946530181000000,1744946590178000000,0
WriteAction.executionsCount,1744946530181000000,1744946590178000000,138
AWTEventQueue.dispatchTimeMaxNs,1744946530181000000,1744946590178000000,0
FlushQueue.waitingTime90PNs,1744946530181000000,1744946590178000000,0
workspaceModel.do.save.caches.ms,1744946530181000000,1744946590178000000,0
workspaceModel.moduleManagerBridge.load.module.ms,1744946530181000000,1744946590178000000,0
workspaceModel.mutableEntityStorage.put.entity.ms,1744946530181000000,1744946590178000000,0
workspaceModel.load.cache.from.file.ms,1744946530181000000,1744946590178000000,0
jps.global.get.library.by.name.ms,1744946530181000000,1744946590178000000,0
workspaceModel.mutableEntityStorage.add.entity.ms,1744946530181000000,1744946590178000000,0
workspaceModel.mutableEntityStorage.entities.by.source.ms,1744946530181000000,1744946590178000000,0
jps.global.handle.before.change.events.ms,1744946530181000000,1744946590178000000,0
jps.artifact.entities.serializer.save.entities.ms,1744946530181000000,1744946590178000000,0
jps.module.dependency.index.workspace.model.listener.on.changed.ms,1744946530181000000,1744946590178000000,0
workspaceModel.moduleBridge.before.changed.ms,1744946530181000000,1744946590178000000,0
workspaceModel.moduleManagerBridge.build.module.graph.ms,1744946530181000000,1744946590178000000,0
jps.project.serializers.save.ms,1744946530181000000,1744946590178000000,0
workspaceModel.mutableEntityStorage.changeLog.addReplaceEventForNewParent.ms,1744946530181000000,1744946590178000000,0
jps.app.storage.content.writer.save.component.ms,1744946530181000000,1744946590178000000,0
workspaceModel.mutableEntityStorage.resolve.ms,1744946530181000000,1744946590178000000,0
jps.save.global.entities.ms,1744946530181000000,1744946590178000000,0
workspaceModel.moduleManagerBridge.get.modules.ms,1744946530181000000,1744946590178000000,0
workspaceModel.moduleBridgeLoader.loading.modules.ms,1744946530181000000,1744946590178000000,0
jps.storage.jps.conf.reader.load.component.ms,1744946530181000000,1744946590178000000,0
workspaceModel.mutableEntityStorage.entities.ms,1744946530181000000,1744946590178000000,0
jps.facet.change.listener.init.bridge.ms,1744946530181000000,1744946590178000000,0
workspaceModel.mutableEntityStorage.changeLog.addReplaceEventForNewChild.ms,1744946530181000000,1744946590178000000,0
workspaceModel.moduleManagerBridge.create.module.instance.ms,1744946530181000000,1744946590178000000,0
jps.load.project.to.empty.storage.ms,1744946530181000000,1744946590178000000,0
workspaceModel.mutableEntityStorage.mutable.vfurl.index.ms,1744946530181000000,1744946590178000000,0
workspaceModel.moduleBridge.update.option.ms,1744946530181000000,1744946590178000000,0
jps.app.storage.content.reader.load.component.ms,1744946530181000000,1744946590178000000,0
workspaceModel.mutableEntityStorage.apply.changes.from.ms,1744946530181000000,1744946590178000000,0
workspaceModel.orphan.listener.update.ms,1744946530181000000,1744946590178000000,0
workspaceModel.moduleManagerBridge.set.unloadedModules.ms,1744946530181000000,1744946590178000000,0
workspaceModel.mutableEntityStorage.changeLog.addReplaceEventForRemovedChild.ms,1744946530181000000,1744946590178000000,0
jps.global.get.libraries.ms,1744946530181000000,1744946590178000000,0
jps.load.initial.state.ms,1744946530181000000,1744946590178000000,0
jps.facet.change.listener.process.change.events.ms,1744946530181000000,1744946590178000000,0
jps.global.get.library.ms,1744946530181000000,1744946590178000000,0
jps.facet.change.listener.before.change.events.ms,1744946530181000000,1744946590178000000,0
workspaceModel.moduleBridge.facet.initialization.ms,1744946530181000000,1744946590178000000,0
jps.artifact.entities.serializer.load.entities.ms,1744946530181000000,1744946590178000000,0
jps.global.initialize.library.bridges.ms,1744946530181000000,1744946590178000000,0
workspaceModel.save.cache.to.file.ms,1744946530181000000,1744946590178000000,0
workspaceModel.mutableEntityStorage.collect.changes.ms,1744946530181000000,1744946590178000000,0
jps.module.iml.entities.serializer.save.entities.ms,1744946530181000000,1744946590178000000,0
jps.global.handle.changed.events.ms,1744946530181000000,1744946590178000000,0
workspaceModel.global.updates.ms,1744946530181000000,1744946590178000000,0
workspaceModel.mutableEntityStorage.referrers.ms,1744946530181000000,1744946590178000000,0
workspaceModel.mutableEntityStorage.changeLog.addReplaceEventForRemovedParent.ms,1744946530181000000,1744946590178000000,0
workspaceModel.moduleManagerBridge.newModule.ms,1744946530181000000,1744946590178000000,0
jps.project.serializers.load.ms,1744946530181000000,1744946590178000000,0
jps.module.iml.entities.serializer.load.entities.ms,1744946530181000000,1744946590178000000,0
workspaceModel.mutableEntityStorage.instances.count,1744946530181000000,1744946590178000000,0
workspaceModel.moduleManagerBridge.load.all.modules.ms,1744946530181000000,1744946590178000000,0
workspaceModel.moduleManagerBridge.new.nonPersistent.module.ms,1744946530181000000,1744946590178000000,0
workspaceModel.global.apply.state.to.project.builder.ms,1744946530181000000,1744946590178000000,0
workspaceModel.global.updates.count,1744946530181000000,1744946590178000000,0
jps.library.entities.serializer.save.entities.ms,1744946530181000000,1744946590178000000,0
workspaceModel.mutableEntityStorage.replace.by.source.ms,1744946530181000000,1744946590178000000,0
workspaceModel.mutableEntityStorage.remove.entity.ms,1744946530181000000,1744946590178000000,0
jps.global.initialize.library.bridges.after.loading.ms,1744946530181000000,1744946590178000000,0
workspaceModel.mutableEntityStorage.modify.entity.ms,1744946530181000000,1744946590178000000,0
workspaceModel.load.cache.metadata.from.file.ms,1744946530181000000,1744946590178000000,0
workspaceModel.mutableEntityStorage.has.same.entities.ms,1744946530181000000,1744946590178000000,0
workspaceModel.mutableEntityStorage.mutable.ext.mapping.ms,1744946530181000000,1744946590178000000,0
jps.reload.project.entities.ms,1744946530181000000,1744946590178000000,0
jps.apply.loaded.storage.ms,1744946530181000000,1744946590178000000,0
workspaceModel.delayed.project.synchronizer.sync.ms,1744946530181000000,1744946590178000000,0
workspaceModel.global.apply.state.to.project.ms,1744946530181000000,1744946590178000000,0
workspaceModel.sync.entities.ms,1744946530181000000,1744946590178000000,0
workspaceModel.mutableEntityStorage.to.snapshot.ms,1744946530181000000,1744946590178000000,0
jps.library.entities.serializer.load.entities.ms,1744946530181000000,1744946590178000000,0
jps.save.changed.project.entities.ms,1744946530181000000,1744946590178000000,0
IndexesFlusher.totalFlushesRetried,1744946530181000000,1744946590178000000,0
Indexing.writer_0.totalTimeSpentWritingMs,1744946530181000000,1744946590178000000,0
Indexing.writesQueuedMin,1744946530181000000,1744946590178000000,9223372036854775807
Indexing.cache.totalCacheAccesses,1744946530181000000,1744946590178000000,99
Indexes.entries.lookupDurationMaxMs,1744946530181000000,1744946590178000000,0.0
Indexes.stubs.lookupDurationMaxMs,1744946530181000000,1744946590178000000,0.0
Indexes.entries.lookupDuration90PMs,1744946530181000000,1744946590178000000,0.0
Indexes.allKeys.lookupDurationMaxMs,1744946530181000000,1744946590178000000,0.0
Indexing.writer_2.totalTimeSpentWritingMs,1744946530181000000,1744946590178000000,0
Indexes.stubs.lookupDuration90PMs,1744946530181000000,1744946590178000000,0.0
Indexes.stubs.lookupDurationAvgMs,1744946530181000000,1744946590178000000,0.0
Indexes.entries.lookups,1744946530181000000,1744946590178000000,17
Indexing.writer_1.totalTimeSpentWritingMs,1744946530181000000,1744946590178000000,0
Indexes.allKeys.lookupDurationAvgMs,1744946530181000000,1744946590178000000,0.0
Indexing.writesQueuedMax,1744946530181000000,1744946590178000000,0
Indexing.cache.totalCacheMisses,1744946530181000000,1744946590178000000,39
IndexesFlusher.totalFlushes,1744946530181000000,1744946590178000000,60
Indexes.stubs.lookups,1744946530181000000,1744946590178000000,12
Indexes.allKeys.lookupDuration90PMs,1744946530181000000,1744946590178000000,0.0
Indexing.cache.totalCacheEvicted,1744946530181000000,1744946590178000000,40
Indexes.allKeys.lookups,1744946530181000000,1744946590178000000,0
IndexesFlusher.totalFlushingTimeUs,1744946530181000000,1744946590178000000,101561
Indexing.writer_3.totalTimeSpentWritingMs,1744946530181000000,1744946590178000000,0
Indexing.totalTimeIndexersSleptMs,1744946530181000000,1744946590178000000,0
Indexes.entries.lookupDurationAvgMs,1744946530181000000,1744946590178000000,0.0
IndexesFlusher.totalContentionQuotaSpent,1744946530181000000,1744946590178000000,0
JVM.totalTimeAtSafepointsMs,1744946530181000000,1744946590178000000,49
JVM.usedNativeBytes,1744946530181000000,1744946590178000000,429795328
OS.loadAverage,1744946530181000000,1744946590178000000,0.43505859375
JVM.maxHeapBytes,1744946530181000000,1744946590178000000,2147483648
JVM.usedHeapBytes,1744946530181000000,1744946590178000000,463550368
JVM.GC.collectionTimesMs,1744946530181000000,1744946590178000000,45
JVM.totalDirectByteBuffersBytes,1744946530181000000,1744946590178000000,159662727
JVM.totalSafepointCount,1744946530181000000,1744946590178000000,51
JVM.totalTimeToSafepointsMs,1744946530181000000,1744946590178000000,2
JVM.maxThreadCount,1744946530181000000,1744946590178000000,132
JVM.totalCpuTimeMs,1744946530181000000,1744946590178000000,23720
JVM.threadCount,1744946530181000000,1744946590178000000,70
JVM.newThreadsCount,1744946530181000000,1744946590178000000,4
JVM.GC.collections,1744946530181000000,1744946590178000000,4
JVM.totalBytesAllocated,1744946530181000000,1744946590178000000,523400456
StreamlinedBlobStorage.recordsAllocated,1744946530181000000,1744946590178000000,0
FileChannelInterruptsRetryer.totalRetriedAttempts,1744946530181000000,1744946590178000000,0
FilePageCacheLockFree.totalBytesRequested,1744946530181000000,1744946590178000000,0
FilePageCacheLockFree.totalPagesRequested,1744946530181000000,1744946590178000000,0
FilePageCache.disposedBuffers,1744946530181000000,1744946590178000000,0
DirectByteBufferAllocator.misses,1744946530181000000,1744946590178000000,0
FilePageCacheLockFree.totalNativeBytesReclaimed,1744946530181000000,1744946590178000000,0
StreamlinedBlobStorage.recordsDeleted,1744946530181000000,1744946590178000000,0
FilePageCache.pageLoadsAboveSizeThreshold,1744946530181000000,1744946590178000000,0
FilePageCache.pageFastCacheHits,1744946530181000000,1744946590178000000,4
FilePageCacheLockFree.housekeeperTurnsSkipped,1744946530181000000,1744946590178000000,0
DirectByteBufferAllocator.totalSizeOfBuffersCachedInBytes,1744946530181000000,1744946590178000000,0
MappedFileStorage.storages,1744946530181000000,1744946590178000000,16
FilePageCache.uncachedFileAccess,1744946530181000000,1744946590178000000,0
MappedFileStorage.totalPagesMapped,1744946530181000000,1744946590178000000,16
FilePageCacheLockFree.totalPagesReclaimed,1744946530181000000,1744946590178000000,0
FilePageCacheLockFree.totalPagesRequestsMs,1744946530181000000,1744946590178000000,0
DirectByteBufferAllocator.reclaimed,1744946530181000000,1744946590178000000,0
FilePageCache.capacityInBytes,1744946530181000000,1744946590178000000,503316478
StorageLockContext.competingThreads.avg,1744946530181000000,1744946590178000000,0.0
FilePageCache.totalPageLoadsUs,1744946530181000000,1744946590178000000,0
MappedFileStorage.totalTimeSpentOnMappingUs,1744946530181000000,1744946590178000000,41443
StorageLockContext.competingThreads.90P,1744946530181000000,1744946590178000000,0
FilePageCacheLockFree.totalBytesWritten,1744946530181000000,1744946590178000000,0
StreamlinedBlobStorage.totalLiveRecordsCapacityBytes,1744946530181000000,1744946590178000000,0
FilePageCache.pageHits,1744946530181000000,1744946590178000000,4
FilePageCacheLockFree.totalPagesHandedOver,1744946530181000000,1744946590178000000,0
FilePageCacheLockFree.totalPagesWritten,1744946530181000000,1744946590178000000,0
FilePageCacheLockFree.totalClosedStoragesReclaimed,1744946530181000000,1744946590178000000,0
FilePageCacheLockFree.totalPagesWriteMs,1744946530181000000,1744946590178000000,0
FilePageCacheLockFree.totalPageAllocationsWaited,1744946530181000000,1744946590178000000,0
FilePageCacheLockFree.nativeBytesInUse,1744946530181000000,1744946590178000000,0
MappedFileStorage.totalBytesMapped,1744946530181000000,1744946590178000000,202637312
DirectByteBufferAllocator.totalSizeOfBuffersAllocatedInBytes,1744946530181000000,1744946590178000000,158474240
StreamlinedBlobStorage.recordsRelocated,1744946530181000000,1744946590178000000,0
StreamlinedBlobStorage.totalLiveRecordsPayloadBytes,1744946530181000000,1744946590178000000,0
FilePageCacheLockFree.totalBytesRead,1744946530181000000,1744946590178000000,0
FilePageCache.totalPageDisposalsUs,1744946530181000000,1744946590178000000,0
FilePageCache.maxRegisteredFiles,1744946530181000000,1744946590178000000,261
DirectByteBufferAllocator.disposed,1744946530181000000,1744946590178000000,0
FilePageCache.pageLoads,1744946530181000000,1744946590178000000,0
FilePageCacheLockFree.totalPagesAllocated,1744946530181000000,1744946590178000000,0
FilePageCacheLockFree.totalHeapBytesReclaimed,1744946530181000000,1744946590178000000,0
FilePageCacheLockFree.heapBytesInUse,1744946530181000000,1744946590178000000,0
FilePageCache.maxCacheSizeInBytes,1744946530181000000,1744946590178000000,158474240
DirectByteBufferAllocator.hits,1744946530181000000,1744946590178000000,0
FilePageCacheLockFree.totalNativeBytesAllocated,1744946530181000000,1744946590178000000,0
FilePageCacheLockFree.totalHeapBytesAllocated,1744946530181000000,1744946590178000000,0
StorageLockContext.competingThreads.max,1744946530181000000,1744946590178000000,0
FilePageCacheLockFree.housekeeperTimeSpentMs,1744946530181000000,1744946590178000000,0
FilePageCacheLockFree.housekeeperTurnsDone,1744946530181000000,1744946590178000000,0
FilePageCacheLockFree.totalPagesReadMs,1744946530181000000,1744946590178000000,0
VFS.invertedFileNameIndex.requests,1744946590178000000,1744946650174000000,0
VFS.contentStorage.recordsDecompressionTimeUs,1744946590178000000,1744946650174000000,0
VFS.contentStorage.recordsUncompressedSize,1744946590178000000,1744946650174000000,0
VFS.fileChildByName,1744946590178000000,1744946650174000000,12259
FileNameCache.queries,1744946590178000000,1744946650174000000,0
VFS.contentStorage.recordsRead,1744946590178000000,1744946650174000000,51
VFS.contentStorage.recordsStoredCompressed,1744946590178000000,1744946650174000000,0
VFS.fileByIdCache.hits,1744946590178000000,1744946650174000000,0
VFS.contentStorage.recordsReadDecompressed,1744946590178000000,1744946650174000000,0
VFS.contentStorage.recordsReadSize,1744946590178000000,1744946650174000000,84558
VFS.contentStorage.recordsStored,1744946590178000000,1744946650174000000,0
VFS.contentStorage.recordsDeduplicated,1744946590178000000,1744946650174000000,0
FileNameCache.totalMisses,1744946590178000000,1744946650174000000,0
VFS.fileByIdCache.misses,1744946590178000000,1744946650174000000,0
VFS.contentStorage.recordsStoredSize,1744946590178000000,1744946650174000000,0
DiskQueryRelay.taskWaitingTotalTimeUs,1744946590178000000,1744946650174000000,178
DiskQueryRelay.tasksRequested,1744946590178000000,1744946650174000000,1
writeAction.count,1744946590178000000,1744946650174000000,72
writeAction.wait.ms,1744946590178000000,1744946650174000000,4
writeAction.median.wait.ms,1744946590178000000,1744946650174000000,200
DiskQueryRelay.taskExecutionTotalTimeUs,1744946590178000000,1744946650174000000,165
DiskQueryRelay.tasksExecuted,1744946590178000000,1744946650174000000,1
writeAction.max.wait.ms,1744946590178000000,1744946650174000000,96
cacheStateStorage.set.counter,1744946590178000000,1744946650174000000,0
cacheStateStorage.set.duration,1744946590178000000,1744946650174000000,0
cacheStateStorage.get.duration,1744946590178000000,1744946650174000000,0
cacheStateStorage.get.counter,1744946590178000000,1744946650174000000,0
workspaceModel.cachedValueWithParameters.from.cache.count,1744946590178000000,1744946650174000000,0
workspaceModel.update.unloaded.entities.ms,1744946590178000000,1744946650174000000,0
workspaceModel.cachedValueWithParameters.clear.count,1744946590178000000,1744946650174000000,0
workspaceModel.cachedValue.clear.count,1744946590178000000,1744946650174000000,0
workspaceModel.workspaceFileIndexData.visitFileSets.ms,1744946590178000000,1744946650174000000,0
workspaceModel.cachedValue.from.cache.count,1744946590178000000,1744946650174000000,950
workspaceModel.workspaceFileIndexContributor.registerFileSets.ms,1744946590178000000,1744946650174000000,0
workspaceModel.workspaceFileIndexData.init.ms,1744946590178000000,1744946650174000000,0
workspaceModel.pre.handlers.ms,1744946590178000000,1744946650174000000,0
workspaceModel.on.before.changed.ms,1744946590178000000,1744946650174000000,0
workspaceModel.updates.precise.ms,1744946590178000000,1744946650174000000,0
workspaceModel.entityStorageSnapshotImpl.instances.count,1744946590178000000,1744946650174000000,0
workspaceModel.check.recursive.update.ms,1744946590178000000,1744946650174000000,0
workspaceModel.loading.total.ms,1744946590178000000,1744946650174000000,0
workspaceModel.initializing.ms,1744946590178000000,1744946650174000000,0
workspaceModel.cachedValue.calculated.count,1744946590178000000,1744946650174000000,0
workspaceModel.on.changed.ms,1744946590178000000,1744946650174000000,0
workspaceModel.workspaceFileIndexData.processFileSets.ms,1744946590178000000,1744946650174000000,0
workspaceModel.workspaceFileIndexData.getFileInfo.ms,1744946590178000000,1744946650174000000,12
workspaceModel.full.replace.project.model.ms,1744946590178000000,1744946650174000000,0
workspaceModel.cachedValueWithParameters.total.get.count,1744946590178000000,1744946650174000000,0
workspaceModel.workspaceFileIndexData.getDirectoriesByPackageName.ms,1744946590178000000,1744946650174000000,0
workspaceModel.workspaceFileIndexData.updateDirtyEntities.ms,1744946590178000000,1744946650174000000,0
workspaceModel.replace.project.model.ms,1744946590178000000,1744946650174000000,0
workspaceModel.updates.count,1744946590178000000,1744946650174000000,0
workspaceModel.loading.from.cache.ms,1744946590178000000,1744946650174000000,0
workspaceModel.cachedValueWithParameters.calculated.count,1744946590178000000,1744946650174000000,0
workspaceModel.workspaceFileIndexData.instances.count,1744946590178000000,1744946650174000000,0
workspaceModel.workspaceFileIndexData.onEntitiesChanged.ms,1744946590178000000,1744946650174000000,0
workspaceModel.to.snapshot.ms,1744946590178000000,1744946650174000000,0
workspaceModel.workspaceFileIndexData.getPackageName.ms,1744946590178000000,1744946650174000000,0
workspaceModel.collect.changes.ms,1744946590178000000,1744946650174000000,0
workspaceModel.init.bridges.ms,1744946590178000000,1744946650174000000,0
workspaceModel.workspaceFileIndexData.markDirty.ms,1744946590178000000,1744946650174000000,0
workspaceModel.cachedValue.total.get.count,1744946590178000000,1744946650174000000,950
workspaceModel.updates.ms,1744946590178000000,1744946650174000000,0
NonBlockingReadAction.finalizedExecutionTimeUs,1744946590178000000,1744946650174000000,186317
FlushQueue.queueSizeAvg,1744946590178000000,1744946650174000000,0.0
NonBlockingReadAction.failedExecutionTimeUs,1744946590178000000,1744946650174000000,1271
NonBlockingReadAction.finalizedExecutionsCount,1744946590178000000,1744946650174000000,262
AWTEventQueue.dispatchTimeTotalNS,1744946590178000000,1744946650174000000,3117138010
FlushQueue.queueSizeMax,1744946590178000000,1744946650174000000,0
AWTEventQueue.eventsDispatched,1744946590178000000,1744946650174000000,0
FlushQueue.waitingTimeMaxNs,1744946590178000000,1744946650174000000,0
FlushQueue.queueSize90P,1744946590178000000,1744946650174000000,0
FlushQueue.waitingTimeAvgNs,1744946590178000000,1744946650174000000,0.0
FlushQueue.executionTimeAvgNs,1744946590178000000,1744946650174000000,0.0
FlushQueue.executionTimeMaxNs,1744946590178000000,1744946650174000000,0
AWTEventQueue.dispatchTimeAvgNs,1744946590178000000,1744946650174000000,0.0
ReadAction.executionsCount,1744946590178000000,1744946650174000000,289336
NonBlockingReadAction.failedExecutionsCount,1744946590178000000,1744946650174000000,1
FlushQueue.executionTime90PNs,1744946590178000000,1744946650174000000,0
AWTEventQueue.dispatchTime90PNs,1744946590178000000,1744946650174000000,0
FlushQueue.tasksExecuted,1744946590178000000,1744946650174000000,0
WriteAction.executionsCount,1744946590178000000,1744946650174000000,72
AWTEventQueue.dispatchTimeMaxNs,1744946590178000000,1744946650174000000,0
FlushQueue.waitingTime90PNs,1744946590178000000,1744946650174000000,0
workspaceModel.do.save.caches.ms,1744946590178000000,1744946650174000000,0
workspaceModel.moduleManagerBridge.load.module.ms,1744946590178000000,1744946650174000000,0
workspaceModel.mutableEntityStorage.put.entity.ms,1744946590178000000,1744946650174000000,0
workspaceModel.load.cache.from.file.ms,1744946590178000000,1744946650174000000,0
jps.global.get.library.by.name.ms,1744946590178000000,1744946650174000000,0
workspaceModel.mutableEntityStorage.add.entity.ms,1744946590178000000,1744946650174000000,0
workspaceModel.mutableEntityStorage.entities.by.source.ms,1744946590178000000,1744946650174000000,0
jps.global.handle.before.change.events.ms,1744946590178000000,1744946650174000000,0
jps.artifact.entities.serializer.save.entities.ms,1744946590178000000,1744946650174000000,0
jps.module.dependency.index.workspace.model.listener.on.changed.ms,1744946590178000000,1744946650174000000,0
workspaceModel.moduleBridge.before.changed.ms,1744946590178000000,1744946650174000000,0
workspaceModel.moduleManagerBridge.build.module.graph.ms,1744946590178000000,1744946650174000000,0
jps.project.serializers.save.ms,1744946590178000000,1744946650174000000,0
workspaceModel.mutableEntityStorage.changeLog.addReplaceEventForNewParent.ms,1744946590178000000,1744946650174000000,0
jps.app.storage.content.writer.save.component.ms,1744946590178000000,1744946650174000000,0
workspaceModel.mutableEntityStorage.resolve.ms,1744946590178000000,1744946650174000000,0
jps.save.global.entities.ms,1744946590178000000,1744946650174000000,0
workspaceModel.moduleManagerBridge.get.modules.ms,1744946590178000000,1744946650174000000,0
workspaceModel.moduleBridgeLoader.loading.modules.ms,1744946590178000000,1744946650174000000,0
jps.storage.jps.conf.reader.load.component.ms,1744946590178000000,1744946650174000000,0
workspaceModel.mutableEntityStorage.entities.ms,1744946590178000000,1744946650174000000,0
jps.facet.change.listener.init.bridge.ms,1744946590178000000,1744946650174000000,0
workspaceModel.mutableEntityStorage.changeLog.addReplaceEventForNewChild.ms,1744946590178000000,1744946650174000000,0
workspaceModel.moduleManagerBridge.create.module.instance.ms,1744946590178000000,1744946650174000000,0
jps.load.project.to.empty.storage.ms,1744946590178000000,1744946650174000000,0
workspaceModel.mutableEntityStorage.mutable.vfurl.index.ms,1744946590178000000,1744946650174000000,0
workspaceModel.moduleBridge.update.option.ms,1744946590178000000,1744946650174000000,0
jps.app.storage.content.reader.load.component.ms,1744946590178000000,1744946650174000000,0
workspaceModel.mutableEntityStorage.apply.changes.from.ms,1744946590178000000,1744946650174000000,0
workspaceModel.orphan.listener.update.ms,1744946590178000000,1744946650174000000,0
workspaceModel.moduleManagerBridge.set.unloadedModules.ms,1744946590178000000,1744946650174000000,0
workspaceModel.mutableEntityStorage.changeLog.addReplaceEventForRemovedChild.ms,1744946590178000000,1744946650174000000,0
jps.global.get.libraries.ms,1744946590178000000,1744946650174000000,0
jps.load.initial.state.ms,1744946590178000000,1744946650174000000,0
jps.facet.change.listener.process.change.events.ms,1744946590178000000,1744946650174000000,0
jps.global.get.library.ms,1744946590178000000,1744946650174000000,0
jps.facet.change.listener.before.change.events.ms,1744946590178000000,1744946650174000000,0
workspaceModel.moduleBridge.facet.initialization.ms,1744946590178000000,1744946650174000000,0
jps.artifact.entities.serializer.load.entities.ms,1744946590178000000,1744946650174000000,0
jps.global.initialize.library.bridges.ms,1744946590178000000,1744946650174000000,0
workspaceModel.save.cache.to.file.ms,1744946590178000000,1744946650174000000,0
workspaceModel.mutableEntityStorage.collect.changes.ms,1744946590178000000,1744946650174000000,0
jps.module.iml.entities.serializer.save.entities.ms,1744946590178000000,1744946650174000000,0
jps.global.handle.changed.events.ms,1744946590178000000,1744946650174000000,0
workspaceModel.global.updates.ms,1744946590178000000,1744946650174000000,0
workspaceModel.mutableEntityStorage.referrers.ms,1744946590178000000,1744946650174000000,0
workspaceModel.mutableEntityStorage.changeLog.addReplaceEventForRemovedParent.ms,1744946590178000000,1744946650174000000,0
workspaceModel.moduleManagerBridge.newModule.ms,1744946590178000000,1744946650174000000,0
jps.project.serializers.load.ms,1744946590178000000,1744946650174000000,0
jps.module.iml.entities.serializer.load.entities.ms,1744946590178000000,1744946650174000000,0
workspaceModel.mutableEntityStorage.instances.count,1744946590178000000,1744946650174000000,0
workspaceModel.moduleManagerBridge.load.all.modules.ms,1744946590178000000,1744946650174000000,0
workspaceModel.moduleManagerBridge.new.nonPersistent.module.ms,1744946590178000000,1744946650174000000,0
workspaceModel.global.apply.state.to.project.builder.ms,1744946590178000000,1744946650174000000,0
workspaceModel.global.updates.count,1744946590178000000,1744946650174000000,0
jps.library.entities.serializer.save.entities.ms,1744946590178000000,1744946650174000000,0
workspaceModel.mutableEntityStorage.replace.by.source.ms,1744946590178000000,1744946650174000000,0
workspaceModel.mutableEntityStorage.remove.entity.ms,1744946590178000000,1744946650174000000,0
jps.global.initialize.library.bridges.after.loading.ms,1744946590178000000,1744946650174000000,0
workspaceModel.mutableEntityStorage.modify.entity.ms,1744946590178000000,1744946650174000000,0
workspaceModel.load.cache.metadata.from.file.ms,1744946590178000000,1744946650174000000,0
workspaceModel.mutableEntityStorage.has.same.entities.ms,1744946590178000000,1744946650174000000,0
workspaceModel.mutableEntityStorage.mutable.ext.mapping.ms,1744946590178000000,1744946650174000000,0
jps.reload.project.entities.ms,1744946590178000000,1744946650174000000,0
jps.apply.loaded.storage.ms,1744946590178000000,1744946650174000000,0
workspaceModel.delayed.project.synchronizer.sync.ms,1744946590178000000,1744946650174000000,0
workspaceModel.global.apply.state.to.project.ms,1744946590178000000,1744946650174000000,0
workspaceModel.sync.entities.ms,1744946590178000000,1744946650174000000,0
workspaceModel.mutableEntityStorage.to.snapshot.ms,1744946590178000000,1744946650174000000,0
jps.library.entities.serializer.load.entities.ms,1744946590178000000,1744946650174000000,0
jps.save.changed.project.entities.ms,1744946590178000000,1744946650174000000,0
IndexesFlusher.totalFlushesRetried,1744946590178000000,1744946650174000000,0
Indexing.writer_0.totalTimeSpentWritingMs,1744946590178000000,1744946650174000000,0
Indexing.writesQueuedMin,1744946590178000000,1744946650174000000,9223372036854775807
Indexing.cache.totalCacheAccesses,1744946590178000000,1744946650174000000,17
Indexes.entries.lookupDurationMaxMs,1744946590178000000,1744946650174000000,0.0
Indexes.stubs.lookupDurationMaxMs,1744946590178000000,1744946650174000000,0.0
Indexes.entries.lookupDuration90PMs,1744946590178000000,1744946650174000000,0.0
Indexes.allKeys.lookupDurationMaxMs,1744946590178000000,1744946650174000000,0.0
Indexing.writer_2.totalTimeSpentWritingMs,1744946590178000000,1744946650174000000,0
Indexes.stubs.lookupDuration90PMs,1744946590178000000,1744946650174000000,0.0
Indexes.stubs.lookupDurationAvgMs,1744946590178000000,1744946650174000000,0.0
Indexes.entries.lookups,1744946590178000000,1744946650174000000,0
Indexing.writer_1.totalTimeSpentWritingMs,1744946590178000000,1744946650174000000,0
Indexes.allKeys.lookupDurationAvgMs,1744946590178000000,1744946650174000000,0.0
Indexing.writesQueuedMax,1744946590178000000,1744946650174000000,0
Indexing.cache.totalCacheMisses,1744946590178000000,1744946650174000000,13
IndexesFlusher.totalFlushes,1744946590178000000,1744946650174000000,60
Indexes.stubs.lookups,1744946590178000000,1744946650174000000,0
Indexes.allKeys.lookupDuration90PMs,1744946590178000000,1744946650174000000,0.0
Indexing.cache.totalCacheEvicted,1744946590178000000,1744946650174000000,13
Indexes.allKeys.lookups,1744946590178000000,1744946650174000000,0
IndexesFlusher.totalFlushingTimeUs,1744946590178000000,1744946650174000000,102498
Indexing.writer_3.totalTimeSpentWritingMs,1744946590178000000,1744946650174000000,0
Indexing.totalTimeIndexersSleptMs,1744946590178000000,1744946650174000000,0
Indexes.entries.lookupDurationAvgMs,1744946590178000000,1744946650174000000,0.0
IndexesFlusher.totalContentionQuotaSpent,1744946590178000000,1744946650174000000,0
JVM.totalTimeAtSafepointsMs,1744946590178000000,1744946650174000000,28
JVM.usedNativeBytes,1744946590178000000,1744946650174000000,433101416
OS.loadAverage,1744946590178000000,1744946650174000000,0.26318359375
JVM.maxHeapBytes,1744946590178000000,1744946650174000000,2147483648
JVM.usedHeapBytes,1744946590178000000,1744946650174000000,561036960
JVM.GC.collectionTimesMs,1744946590178000000,1744946650174000000,26
JVM.totalDirectByteBuffersBytes,1744946590178000000,1744946650174000000,159662727
JVM.totalSafepointCount,1744946590178000000,1744946650174000000,33
JVM.totalTimeToSafepointsMs,1744946590178000000,1744946650174000000,1
JVM.maxThreadCount,1744946590178000000,1744946650174000000,132
JVM.totalCpuTimeMs,1744946590178000000,1744946650174000000,13440
JVM.threadCount,1744946590178000000,1744946650174000000,67
JVM.newThreadsCount,1744946590178000000,1744946650174000000,1
JVM.GC.collections,1744946590178000000,1744946650174000000,1
JVM.totalBytesAllocated,1744946590178000000,1744946650174000000,329229104
StreamlinedBlobStorage.recordsAllocated,1744946590178000000,1744946650174000000,0
FileChannelInterruptsRetryer.totalRetriedAttempts,1744946590178000000,1744946650174000000,0
FilePageCacheLockFree.totalBytesRequested,1744946590178000000,1744946650174000000,0
FilePageCacheLockFree.totalPagesRequested,1744946590178000000,1744946650174000000,0
FilePageCache.disposedBuffers,1744946590178000000,1744946650174000000,0
DirectByteBufferAllocator.misses,1744946590178000000,1744946650174000000,0
FilePageCacheLockFree.totalNativeBytesReclaimed,1744946590178000000,1744946650174000000,0
StreamlinedBlobStorage.recordsDeleted,1744946590178000000,1744946650174000000,0
FilePageCache.pageLoadsAboveSizeThreshold,1744946590178000000,1744946650174000000,0
FilePageCache.pageFastCacheHits,1744946590178000000,1744946650174000000,0
FilePageCacheLockFree.housekeeperTurnsSkipped,1744946590178000000,1744946650174000000,0
DirectByteBufferAllocator.totalSizeOfBuffersCachedInBytes,1744946590178000000,1744946650174000000,0
MappedFileStorage.storages,1744946590178000000,1744946650174000000,16
FilePageCache.uncachedFileAccess,1744946590178000000,1744946650174000000,0
MappedFileStorage.totalPagesMapped,1744946590178000000,1744946650174000000,16
FilePageCacheLockFree.totalPagesReclaimed,1744946590178000000,1744946650174000000,0
FilePageCacheLockFree.totalPagesRequestsMs,1744946590178000000,1744946650174000000,0
DirectByteBufferAllocator.reclaimed,1744946590178000000,1744946650174000000,0
FilePageCache.capacityInBytes,1744946590178000000,1744946650174000000,503316478
StorageLockContext.competingThreads.avg,1744946590178000000,1744946650174000000,0.0
FilePageCache.totalPageLoadsUs,1744946590178000000,1744946650174000000,0
MappedFileStorage.totalTimeSpentOnMappingUs,1744946590178000000,1744946650174000000,41443
StorageLockContext.competingThreads.90P,1744946590178000000,1744946650174000000,0
FilePageCacheLockFree.totalBytesWritten,1744946590178000000,1744946650174000000,0
StreamlinedBlobStorage.totalLiveRecordsCapacityBytes,1744946590178000000,1744946650174000000,0
FilePageCache.pageHits,1744946590178000000,1744946650174000000,0
FilePageCacheLockFree.totalPagesHandedOver,1744946590178000000,1744946650174000000,0
FilePageCacheLockFree.totalPagesWritten,1744946590178000000,1744946650174000000,0
FilePageCacheLockFree.totalClosedStoragesReclaimed,1744946590178000000,1744946650174000000,0
FilePageCacheLockFree.totalPagesWriteMs,1744946590178000000,1744946650174000000,0
FilePageCacheLockFree.totalPageAllocationsWaited,1744946590178000000,1744946650174000000,0
FilePageCacheLockFree.nativeBytesInUse,1744946590178000000,1744946650174000000,0
MappedFileStorage.totalBytesMapped,1744946590178000000,1744946650174000000,202637312
DirectByteBufferAllocator.totalSizeOfBuffersAllocatedInBytes,1744946590178000000,1744946650174000000,158474240
StreamlinedBlobStorage.recordsRelocated,1744946590178000000,1744946650174000000,0
StreamlinedBlobStorage.totalLiveRecordsPayloadBytes,1744946590178000000,1744946650174000000,0
FilePageCacheLockFree.totalBytesRead,1744946590178000000,1744946650174000000,0
FilePageCache.totalPageDisposalsUs,1744946590178000000,1744946650174000000,0
FilePageCache.maxRegisteredFiles,1744946590178000000,1744946650174000000,261
DirectByteBufferAllocator.disposed,1744946590178000000,1744946650174000000,0
FilePageCache.pageLoads,1744946590178000000,1744946650174000000,0
FilePageCacheLockFree.totalPagesAllocated,1744946590178000000,1744946650174000000,0
FilePageCacheLockFree.totalHeapBytesReclaimed,1744946590178000000,1744946650174000000,0
FilePageCacheLockFree.heapBytesInUse,1744946590178000000,1744946650174000000,0
FilePageCache.maxCacheSizeInBytes,1744946590178000000,1744946650174000000,158474240
DirectByteBufferAllocator.hits,1744946590178000000,1744946650174000000,0
FilePageCacheLockFree.totalNativeBytesAllocated,1744946590178000000,1744946650174000000,0
FilePageCacheLockFree.totalHeapBytesAllocated,1744946590178000000,1744946650174000000,0
StorageLockContext.competingThreads.max,1744946590178000000,1744946650174000000,0
FilePageCacheLockFree.housekeeperTimeSpentMs,1744946590178000000,1744946650174000000,0
FilePageCacheLockFree.housekeeperTurnsDone,1744946590178000000,1744946650174000000,0
FilePageCacheLockFree.totalPagesReadMs,1744946590178000000,1744946650174000000,0
VFS.invertedFileNameIndex.requests,1744946650174000000,1744946710171000000,0
VFS.contentStorage.recordsDecompressionTimeUs,1744946650174000000,1744946710171000000,0
VFS.contentStorage.recordsUncompressedSize,1744946650174000000,1744946710171000000,0
VFS.fileChildByName,1744946650174000000,1744946710171000000,9846
FileNameCache.queries,1744946650174000000,1744946710171000000,576
VFS.contentStorage.recordsRead,1744946650174000000,1744946710171000000,54
VFS.contentStorage.recordsStoredCompressed,1744946650174000000,1744946710171000000,0
VFS.fileByIdCache.hits,1744946650174000000,1744946710171000000,0
VFS.contentStorage.recordsReadDecompressed,1744946650174000000,1744946710171000000,0
VFS.contentStorage.recordsReadSize,1744946650174000000,1744946710171000000,89532
VFS.contentStorage.recordsStored,1744946650174000000,1744946710171000000,0
VFS.contentStorage.recordsDeduplicated,1744946650174000000,1744946710171000000,0
FileNameCache.totalMisses,1744946650174000000,1744946710171000000,0
VFS.fileByIdCache.misses,1744946650174000000,1744946710171000000,0
VFS.contentStorage.recordsStoredSize,1744946650174000000,1744946710171000000,0
DiskQueryRelay.taskWaitingTotalTimeUs,1744946650174000000,1744946710171000000,0
DiskQueryRelay.tasksRequested,1744946650174000000,1744946710171000000,0
writeAction.count,1744946650174000000,1744946710171000000,60
writeAction.wait.ms,1744946650174000000,1744946710171000000,8
writeAction.median.wait.ms,1744946650174000000,1744946710171000000,200
DiskQueryRelay.taskExecutionTotalTimeUs,1744946650174000000,1744946710171000000,0
DiskQueryRelay.tasksExecuted,1744946650174000000,1744946710171000000,0
writeAction.max.wait.ms,1744946650174000000,1744946710171000000,96
cacheStateStorage.set.counter,1744946650174000000,1744946710171000000,1
cacheStateStorage.set.duration,1744946650174000000,1744946710171000000,1
cacheStateStorage.get.duration,1744946650174000000,1744946710171000000,1
cacheStateStorage.get.counter,1744946650174000000,1744946710171000000,1
workspaceModel.cachedValueWithParameters.from.cache.count,1744946650174000000,1744946710171000000,0
workspaceModel.update.unloaded.entities.ms,1744946650174000000,1744946710171000000,0
workspaceModel.cachedValueWithParameters.clear.count,1744946650174000000,1744946710171000000,0
workspaceModel.cachedValue.clear.count,1744946650174000000,1744946710171000000,0
workspaceModel.workspaceFileIndexData.visitFileSets.ms,1744946650174000000,1744946710171000000,0
workspaceModel.cachedValue.from.cache.count,1744946650174000000,1744946710171000000,767
workspaceModel.workspaceFileIndexContributor.registerFileSets.ms,1744946650174000000,1744946710171000000,0
workspaceModel.workspaceFileIndexData.init.ms,1744946650174000000,1744946710171000000,0
workspaceModel.pre.handlers.ms,1744946650174000000,1744946710171000000,0
workspaceModel.on.before.changed.ms,1744946650174000000,1744946710171000000,0
workspaceModel.updates.precise.ms,1744946650174000000,1744946710171000000,0
workspaceModel.entityStorageSnapshotImpl.instances.count,1744946650174000000,1744946710171000000,0
workspaceModel.check.recursive.update.ms,1744946650174000000,1744946710171000000,0
workspaceModel.loading.total.ms,1744946650174000000,1744946710171000000,0
workspaceModel.initializing.ms,1744946650174000000,1744946710171000000,0
workspaceModel.cachedValue.calculated.count,1744946650174000000,1744946710171000000,0
workspaceModel.on.changed.ms,1744946650174000000,1744946710171000000,0
workspaceModel.workspaceFileIndexData.processFileSets.ms,1744946650174000000,1744946710171000000,0
workspaceModel.workspaceFileIndexData.getFileInfo.ms,1744946650174000000,1744946710171000000,19
workspaceModel.full.replace.project.model.ms,1744946650174000000,1744946710171000000,0
workspaceModel.cachedValueWithParameters.total.get.count,1744946650174000000,1744946710171000000,0
workspaceModel.workspaceFileIndexData.getDirectoriesByPackageName.ms,1744946650174000000,1744946710171000000,0
workspaceModel.workspaceFileIndexData.updateDirtyEntities.ms,1744946650174000000,1744946710171000000,0
workspaceModel.replace.project.model.ms,1744946650174000000,1744946710171000000,0
workspaceModel.updates.count,1744946650174000000,1744946710171000000,0
workspaceModel.loading.from.cache.ms,1744946650174000000,1744946710171000000,0
workspaceModel.cachedValueWithParameters.calculated.count,1744946650174000000,1744946710171000000,0
workspaceModel.workspaceFileIndexData.instances.count,1744946650174000000,1744946710171000000,0
workspaceModel.workspaceFileIndexData.onEntitiesChanged.ms,1744946650174000000,1744946710171000000,0
workspaceModel.to.snapshot.ms,1744946650174000000,1744946710171000000,0
workspaceModel.workspaceFileIndexData.getPackageName.ms,1744946650174000000,1744946710171000000,0
workspaceModel.collect.changes.ms,1744946650174000000,1744946710171000000,0
workspaceModel.init.bridges.ms,1744946650174000000,1744946710171000000,0
workspaceModel.workspaceFileIndexData.markDirty.ms,1744946650174000000,1744946710171000000,0
workspaceModel.cachedValue.total.get.count,1744946650174000000,1744946710171000000,767
workspaceModel.updates.ms,1744946650174000000,1744946710171000000,0
NonBlockingReadAction.finalizedExecutionTimeUs,1744946650174000000,1744946710171000000,124528
FlushQueue.queueSizeAvg,1744946650174000000,1744946710171000000,0.0
NonBlockingReadAction.failedExecutionTimeUs,1744946650174000000,1744946710171000000,0
NonBlockingReadAction.finalizedExecutionsCount,1744946650174000000,1744946710171000000,140
AWTEventQueue.dispatchTimeTotalNS,1744946650174000000,1744946710171000000,1347960775
FlushQueue.queueSizeMax,1744946650174000000,1744946710171000000,0
AWTEventQueue.eventsDispatched,1744946650174000000,1744946710171000000,0
FlushQueue.waitingTimeMaxNs,1744946650174000000,1744946710171000000,0
FlushQueue.queueSize90P,1744946650174000000,1744946710171000000,0
FlushQueue.waitingTimeAvgNs,1744946650174000000,1744946710171000000,0.0
FlushQueue.executionTimeAvgNs,1744946650174000000,1744946710171000000,0.0
FlushQueue.executionTimeMaxNs,1744946650174000000,1744946710171000000,0
AWTEventQueue.dispatchTimeAvgNs,1744946650174000000,1744946710171000000,0.0
ReadAction.executionsCount,1744946650174000000,1744946710171000000,65935
NonBlockingReadAction.failedExecutionsCount,1744946650174000000,1744946710171000000,0
FlushQueue.executionTime90PNs,1744946650174000000,1744946710171000000,0
AWTEventQueue.dispatchTime90PNs,1744946650174000000,1744946710171000000,0
FlushQueue.tasksExecuted,1744946650174000000,1744946710171000000,0
WriteAction.executionsCount,1744946650174000000,1744946710171000000,60
AWTEventQueue.dispatchTimeMaxNs,1744946650174000000,1744946710171000000,0
FlushQueue.waitingTime90PNs,1744946650174000000,1744946710171000000,0
workspaceModel.do.save.caches.ms,1744946650174000000,1744946710171000000,0
workspaceModel.moduleManagerBridge.load.module.ms,1744946650174000000,1744946710171000000,0
workspaceModel.mutableEntityStorage.put.entity.ms,1744946650174000000,1744946710171000000,0
workspaceModel.load.cache.from.file.ms,1744946650174000000,1744946710171000000,0
jps.global.get.library.by.name.ms,1744946650174000000,1744946710171000000,0
workspaceModel.mutableEntityStorage.add.entity.ms,1744946650174000000,1744946710171000000,0
workspaceModel.mutableEntityStorage.entities.by.source.ms,1744946650174000000,1744946710171000000,0
jps.global.handle.before.change.events.ms,1744946650174000000,1744946710171000000,0
jps.artifact.entities.serializer.save.entities.ms,1744946650174000000,1744946710171000000,0
jps.module.dependency.index.workspace.model.listener.on.changed.ms,1744946650174000000,1744946710171000000,0
workspaceModel.moduleBridge.before.changed.ms,1744946650174000000,1744946710171000000,0
workspaceModel.moduleManagerBridge.build.module.graph.ms,1744946650174000000,1744946710171000000,0
jps.project.serializers.save.ms,1744946650174000000,1744946710171000000,0
workspaceModel.mutableEntityStorage.changeLog.addReplaceEventForNewParent.ms,1744946650174000000,1744946710171000000,0
jps.app.storage.content.writer.save.component.ms,1744946650174000000,1744946710171000000,0
workspaceModel.mutableEntityStorage.resolve.ms,1744946650174000000,1744946710171000000,0
jps.save.global.entities.ms,1744946650174000000,1744946710171000000,0
workspaceModel.moduleManagerBridge.get.modules.ms,1744946650174000000,1744946710171000000,0
workspaceModel.moduleBridgeLoader.loading.modules.ms,1744946650174000000,1744946710171000000,0
jps.storage.jps.conf.reader.load.component.ms,1744946650174000000,1744946710171000000,0
workspaceModel.mutableEntityStorage.entities.ms,1744946650174000000,1744946710171000000,0
jps.facet.change.listener.init.bridge.ms,1744946650174000000,1744946710171000000,0
workspaceModel.mutableEntityStorage.changeLog.addReplaceEventForNewChild.ms,1744946650174000000,1744946710171000000,0
workspaceModel.moduleManagerBridge.create.module.instance.ms,1744946650174000000,1744946710171000000,0
jps.load.project.to.empty.storage.ms,1744946650174000000,1744946710171000000,0
workspaceModel.mutableEntityStorage.mutable.vfurl.index.ms,1744946650174000000,1744946710171000000,0
workspaceModel.moduleBridge.update.option.ms,1744946650174000000,1744946710171000000,0
jps.app.storage.content.reader.load.component.ms,1744946650174000000,1744946710171000000,0
workspaceModel.mutableEntityStorage.apply.changes.from.ms,1744946650174000000,1744946710171000000,0
workspaceModel.orphan.listener.update.ms,1744946650174000000,1744946710171000000,0
workspaceModel.moduleManagerBridge.set.unloadedModules.ms,1744946650174000000,1744946710171000000,0
workspaceModel.mutableEntityStorage.changeLog.addReplaceEventForRemovedChild.ms,1744946650174000000,1744946710171000000,0
jps.global.get.libraries.ms,1744946650174000000,1744946710171000000,0
jps.load.initial.state.ms,1744946650174000000,1744946710171000000,0
jps.facet.change.listener.process.change.events.ms,1744946650174000000,1744946710171000000,0
jps.global.get.library.ms,1744946650174000000,1744946710171000000,0
jps.facet.change.listener.before.change.events.ms,1744946650174000000,1744946710171000000,0
workspaceModel.moduleBridge.facet.initialization.ms,1744946650174000000,1744946710171000000,0
jps.artifact.entities.serializer.load.entities.ms,1744946650174000000,1744946710171000000,0
jps.global.initialize.library.bridges.ms,1744946650174000000,1744946710171000000,0
workspaceModel.save.cache.to.file.ms,1744946650174000000,1744946710171000000,0
workspaceModel.mutableEntityStorage.collect.changes.ms,1744946650174000000,1744946710171000000,0
jps.module.iml.entities.serializer.save.entities.ms,1744946650174000000,1744946710171000000,0
jps.global.handle.changed.events.ms,1744946650174000000,1744946710171000000,0
workspaceModel.global.updates.ms,1744946650174000000,1744946710171000000,0
workspaceModel.mutableEntityStorage.referrers.ms,1744946650174000000,1744946710171000000,0
workspaceModel.mutableEntityStorage.changeLog.addReplaceEventForRemovedParent.ms,1744946650174000000,1744946710171000000,0
workspaceModel.moduleManagerBridge.newModule.ms,1744946650174000000,1744946710171000000,0
jps.project.serializers.load.ms,1744946650174000000,1744946710171000000,0
jps.module.iml.entities.serializer.load.entities.ms,1744946650174000000,1744946710171000000,0
workspaceModel.mutableEntityStorage.instances.count,1744946650174000000,1744946710171000000,0
workspaceModel.moduleManagerBridge.load.all.modules.ms,1744946650174000000,1744946710171000000,0
workspaceModel.moduleManagerBridge.new.nonPersistent.module.ms,1744946650174000000,1744946710171000000,0
workspaceModel.global.apply.state.to.project.builder.ms,1744946650174000000,1744946710171000000,0
workspaceModel.global.updates.count,1744946650174000000,1744946710171000000,0
jps.library.entities.serializer.save.entities.ms,1744946650174000000,1744946710171000000,0
workspaceModel.mutableEntityStorage.replace.by.source.ms,1744946650174000000,1744946710171000000,0
workspaceModel.mutableEntityStorage.remove.entity.ms,1744946650174000000,1744946710171000000,0
jps.global.initialize.library.bridges.after.loading.ms,1744946650174000000,1744946710171000000,0
workspaceModel.mutableEntityStorage.modify.entity.ms,1744946650174000000,1744946710171000000,0
workspaceModel.load.cache.metadata.from.file.ms,1744946650174000000,1744946710171000000,0
workspaceModel.mutableEntityStorage.has.same.entities.ms,1744946650174000000,1744946710171000000,0
workspaceModel.mutableEntityStorage.mutable.ext.mapping.ms,1744946650174000000,1744946710171000000,0
jps.reload.project.entities.ms,1744946650174000000,1744946710171000000,0
jps.apply.loaded.storage.ms,1744946650174000000,1744946710171000000,0
workspaceModel.delayed.project.synchronizer.sync.ms,1744946650174000000,1744946710171000000,0
workspaceModel.global.apply.state.to.project.ms,1744946650174000000,1744946710171000000,0
workspaceModel.sync.entities.ms,1744946650174000000,1744946710171000000,0
workspaceModel.mutableEntityStorage.to.snapshot.ms,1744946650174000000,1744946710171000000,0
jps.library.entities.serializer.load.entities.ms,1744946650174000000,1744946710171000000,0
jps.save.changed.project.entities.ms,1744946650174000000,1744946710171000000,0
IndexesFlusher.totalFlushesRetried,1744946650174000000,1744946710171000000,0
Indexing.writer_0.totalTimeSpentWritingMs,1744946650174000000,1744946710171000000,0
Indexing.writesQueuedMin,1744946650174000000,1744946710171000000,9223372036854775807
Indexing.cache.totalCacheAccesses,1744946650174000000,1744946710171000000,18
Indexes.entries.lookupDurationMaxMs,1744946650174000000,1744946710171000000,0.0
Indexes.stubs.lookupDurationMaxMs,1744946650174000000,1744946710171000000,0.0
Indexes.entries.lookupDuration90PMs,1744946650174000000,1744946710171000000,0.0
Indexes.allKeys.lookupDurationMaxMs,1744946650174000000,1744946710171000000,0.0
Indexing.writer_2.totalTimeSpentWritingMs,1744946650174000000,1744946710171000000,0
Indexes.stubs.lookupDuration90PMs,1744946650174000000,1744946710171000000,0.0
Indexes.stubs.lookupDurationAvgMs,1744946650174000000,1744946710171000000,0.0
Indexes.entries.lookups,1744946650174000000,1744946710171000000,0
Indexing.writer_1.totalTimeSpentWritingMs,1744946650174000000,1744946710171000000,0
Indexes.allKeys.lookupDurationAvgMs,1744946650174000000,1744946710171000000,0.0
Indexing.writesQueuedMax,1744946650174000000,1744946710171000000,0
Indexing.cache.totalCacheMisses,1744946650174000000,1744946710171000000,13
IndexesFlusher.totalFlushes,1744946650174000000,1744946710171000000,59
Indexes.stubs.lookups,1744946650174000000,1744946710171000000,0
Indexes.allKeys.lookupDuration90PMs,1744946650174000000,1744946710171000000,0.0
Indexing.cache.totalCacheEvicted,1744946650174000000,1744946710171000000,13
Indexes.allKeys.lookups,1744946650174000000,1744946710171000000,0
IndexesFlusher.totalFlushingTimeUs,1744946650174000000,1744946710171000000,100265
Indexing.writer_3.totalTimeSpentWritingMs,1744946650174000000,1744946710171000000,0
Indexing.totalTimeIndexersSleptMs,1744946650174000000,1744946710171000000,0
Indexes.entries.lookupDurationAvgMs,1744946650174000000,1744946710171000000,0.0
IndexesFlusher.totalContentionQuotaSpent,1744946650174000000,1744946710171000000,0
JVM.totalTimeAtSafepointsMs,1744946650174000000,1744946710171000000,29
JVM.usedNativeBytes,1744946650174000000,1744946710171000000,435687440
OS.loadAverage,1744946650174000000,1744946710171000000,0.7099609375
JVM.maxHeapBytes,1744946650174000000,1744946710171000000,2147483648
JVM.usedHeapBytes,1744946650174000000,1744946710171000000,570196176
JVM.GC.collectionTimesMs,1744946650174000000,1744946710171000000,28
JVM.totalDirectByteBuffersBytes,1744946650174000000,1744946710171000000,159365455
JVM.totalSafepointCount,1744946650174000000,1744946710171000000,22
JVM.totalTimeToSafepointsMs,1744946650174000000,1744946710171000000,1
JVM.maxThreadCount,1744946650174000000,1744946710171000000,132
JVM.totalCpuTimeMs,1744946650174000000,1744946710171000000,8820
JVM.threadCount,1744946650174000000,1744946710171000000,57
JVM.newThreadsCount,1744946650174000000,1744946710171000000,10
JVM.GC.collections,1744946650174000000,1744946710171000000,1
JVM.totalBytesAllocated,1744946650174000000,1744946710171000000,212069184
StreamlinedBlobStorage.recordsAllocated,1744946650174000000,1744946710171000000,0
FileChannelInterruptsRetryer.totalRetriedAttempts,1744946650174000000,1744946710171000000,0
FilePageCacheLockFree.totalBytesRequested,1744946650174000000,1744946710171000000,0
FilePageCacheLockFree.totalPagesRequested,1744946650174000000,1744946710171000000,0
FilePageCache.disposedBuffers,1744946650174000000,1744946710171000000,0
DirectByteBufferAllocator.misses,1744946650174000000,1744946710171000000,0
FilePageCacheLockFree.totalNativeBytesReclaimed,1744946650174000000,1744946710171000000,0
StreamlinedBlobStorage.recordsDeleted,1744946650174000000,1744946710171000000,0
FilePageCache.pageLoadsAboveSizeThreshold,1744946650174000000,1744946710171000000,0
FilePageCache.pageFastCacheHits,1744946650174000000,1744946710171000000,0
FilePageCacheLockFree.housekeeperTurnsSkipped,1744946650174000000,1744946710171000000,0
DirectByteBufferAllocator.totalSizeOfBuffersCachedInBytes,1744946650174000000,1744946710171000000,0
MappedFileStorage.storages,1744946650174000000,1744946710171000000,16
FilePageCache.uncachedFileAccess,1744946650174000000,1744946710171000000,0
MappedFileStorage.totalPagesMapped,1744946650174000000,1744946710171000000,16
FilePageCacheLockFree.totalPagesReclaimed,1744946650174000000,1744946710171000000,0
FilePageCacheLockFree.totalPagesRequestsMs,1744946650174000000,1744946710171000000,0
DirectByteBufferAllocator.reclaimed,1744946650174000000,1744946710171000000,0
FilePageCache.capacityInBytes,1744946650174000000,1744946710171000000,503316478
StorageLockContext.competingThreads.avg,1744946650174000000,1744946710171000000,0.0
FilePageCache.totalPageLoadsUs,1744946650174000000,1744946710171000000,0
MappedFileStorage.totalTimeSpentOnMappingUs,1744946650174000000,1744946710171000000,41443
StorageLockContext.competingThreads.90P,1744946650174000000,1744946710171000000,0
FilePageCacheLockFree.totalBytesWritten,1744946650174000000,1744946710171000000,0
StreamlinedBlobStorage.totalLiveRecordsCapacityBytes,1744946650174000000,1744946710171000000,0
FilePageCache.pageHits,1744946650174000000,1744946710171000000,0
FilePageCacheLockFree.totalPagesHandedOver,1744946650174000000,1744946710171000000,0
FilePageCacheLockFree.totalPagesWritten,1744946650174000000,1744946710171000000,0
FilePageCacheLockFree.totalClosedStoragesReclaimed,1744946650174000000,1744946710171000000,0
FilePageCacheLockFree.totalPagesWriteMs,1744946650174000000,1744946710171000000,0
FilePageCacheLockFree.totalPageAllocationsWaited,1744946650174000000,1744946710171000000,0
FilePageCacheLockFree.nativeBytesInUse,1744946650174000000,1744946710171000000,0
MappedFileStorage.totalBytesMapped,1744946650174000000,1744946710171000000,202637312
DirectByteBufferAllocator.totalSizeOfBuffersAllocatedInBytes,1744946650174000000,1744946710171000000,158474240
StreamlinedBlobStorage.recordsRelocated,1744946650174000000,1744946710171000000,0
StreamlinedBlobStorage.totalLiveRecordsPayloadBytes,1744946650174000000,1744946710171000000,0
FilePageCacheLockFree.totalBytesRead,1744946650174000000,1744946710171000000,0
FilePageCache.totalPageDisposalsUs,1744946650174000000,1744946710171000000,0
FilePageCache.maxRegisteredFiles,1744946650174000000,1744946710171000000,261
DirectByteBufferAllocator.disposed,1744946650174000000,1744946710171000000,0
FilePageCache.pageLoads,1744946650174000000,1744946710171000000,0
FilePageCacheLockFree.totalPagesAllocated,1744946650174000000,1744946710171000000,0
FilePageCacheLockFree.totalHeapBytesReclaimed,1744946650174000000,1744946710171000000,0
FilePageCacheLockFree.heapBytesInUse,1744946650174000000,1744946710171000000,0
FilePageCache.maxCacheSizeInBytes,1744946650174000000,1744946710171000000,158474240
DirectByteBufferAllocator.hits,1744946650174000000,1744946710171000000,0
FilePageCacheLockFree.totalNativeBytesAllocated,1744946650174000000,1744946710171000000,0
FilePageCacheLockFree.totalHeapBytesAllocated,1744946650174000000,1744946710171000000,0
StorageLockContext.competingThreads.max,1744946650174000000,1744946710171000000,0
FilePageCacheLockFree.housekeeperTimeSpentMs,1744946650174000000,1744946710171000000,0
FilePageCacheLockFree.housekeeperTurnsDone,1744946650174000000,1744946710171000000,0
FilePageCacheLockFree.totalPagesReadMs,1744946650174000000,1744946710171000000,0
VFS.invertedFileNameIndex.requests,1744946710171000000,1744946770173000000,0
VFS.contentStorage.recordsDecompressionTimeUs,1744946710171000000,1744946770173000000,0
VFS.contentStorage.recordsUncompressedSize,1744946710171000000,1744946770173000000,0
VFS.fileChildByName,1744946710171000000,1744946770173000000,23076
FileNameCache.queries,1744946710171000000,1744946770173000000,0
VFS.contentStorage.recordsRead,1744946710171000000,1744946770173000000,132
VFS.contentStorage.recordsStoredCompressed,1744946710171000000,1744946770173000000,0
VFS.fileByIdCache.hits,1744946710171000000,1744946770173000000,0
VFS.contentStorage.recordsReadDecompressed,1744946710171000000,1744946770173000000,0
VFS.contentStorage.recordsReadSize,1744946710171000000,1744946770173000000,218856
VFS.contentStorage.recordsStored,1744946710171000000,1744946770173000000,0
VFS.contentStorage.recordsDeduplicated,1744946710171000000,1744946770173000000,0
FileNameCache.totalMisses,1744946710171000000,1744946770173000000,0
VFS.fileByIdCache.misses,1744946710171000000,1744946770173000000,0
VFS.contentStorage.recordsStoredSize,1744946710171000000,1744946770173000000,0
DiskQueryRelay.taskWaitingTotalTimeUs,1744946710171000000,1744946770173000000,0
DiskQueryRelay.tasksRequested,1744946710171000000,1744946770173000000,0
writeAction.count,1744946710171000000,1744946770173000000,144
writeAction.wait.ms,1744946710171000000,1744946770173000000,4
writeAction.median.wait.ms,1744946710171000000,1744946770173000000,200
DiskQueryRelay.taskExecutionTotalTimeUs,1744946710171000000,1744946770173000000,0
DiskQueryRelay.tasksExecuted,1744946710171000000,1744946770173000000,0
writeAction.max.wait.ms,1744946710171000000,1744946770173000000,96
cacheStateStorage.set.counter,1744946710171000000,1744946770173000000,0
cacheStateStorage.set.duration,1744946710171000000,1744946770173000000,0
cacheStateStorage.get.duration,1744946710171000000,1744946770173000000,0
cacheStateStorage.get.counter,1744946710171000000,1744946770173000000,0
workspaceModel.cachedValueWithParameters.from.cache.count,1744946710171000000,1744946770173000000,0
workspaceModel.update.unloaded.entities.ms,1744946710171000000,1744946770173000000,0
workspaceModel.cachedValueWithParameters.clear.count,1744946710171000000,1744946770173000000,0
workspaceModel.cachedValue.clear.count,1744946710171000000,1744946770173000000,0
workspaceModel.workspaceFileIndexData.visitFileSets.ms,1744946710171000000,1744946770173000000,0
workspaceModel.cachedValue.from.cache.count,1744946710171000000,1744946770173000000,1827
workspaceModel.workspaceFileIndexContributor.registerFileSets.ms,1744946710171000000,1744946770173000000,0
workspaceModel.workspaceFileIndexData.init.ms,1744946710171000000,1744946770173000000,0
workspaceModel.pre.handlers.ms,1744946710171000000,1744946770173000000,0
workspaceModel.on.before.changed.ms,1744946710171000000,1744946770173000000,0
workspaceModel.updates.precise.ms,1744946710171000000,1744946770173000000,0
workspaceModel.entityStorageSnapshotImpl.instances.count,1744946710171000000,1744946770173000000,0
workspaceModel.check.recursive.update.ms,1744946710171000000,1744946770173000000,0
workspaceModel.loading.total.ms,1744946710171000000,1744946770173000000,0
workspaceModel.initializing.ms,1744946710171000000,1744946770173000000,0
workspaceModel.cachedValue.calculated.count,1744946710171000000,1744946770173000000,0
workspaceModel.on.changed.ms,1744946710171000000,1744946770173000000,0
workspaceModel.workspaceFileIndexData.processFileSets.ms,1744946710171000000,1744946770173000000,0
workspaceModel.workspaceFileIndexData.getFileInfo.ms,1744946710171000000,1744946770173000000,25
workspaceModel.full.replace.project.model.ms,1744946710171000000,1744946770173000000,0
workspaceModel.cachedValueWithParameters.total.get.count,1744946710171000000,1744946770173000000,0
workspaceModel.workspaceFileIndexData.getDirectoriesByPackageName.ms,1744946710171000000,1744946770173000000,0
workspaceModel.workspaceFileIndexData.updateDirtyEntities.ms,1744946710171000000,1744946770173000000,0
workspaceModel.replace.project.model.ms,1744946710171000000,1744946770173000000,0
workspaceModel.updates.count,1744946710171000000,1744946770173000000,0
workspaceModel.loading.from.cache.ms,1744946710171000000,1744946770173000000,0
workspaceModel.cachedValueWithParameters.calculated.count,1744946710171000000,1744946770173000000,0
workspaceModel.workspaceFileIndexData.instances.count,1744946710171000000,1744946770173000000,0
workspaceModel.workspaceFileIndexData.onEntitiesChanged.ms,1744946710171000000,1744946770173000000,0
workspaceModel.to.snapshot.ms,1744946710171000000,1744946770173000000,0
workspaceModel.workspaceFileIndexData.getPackageName.ms,1744946710171000000,1744946770173000000,0
workspaceModel.collect.changes.ms,1744946710171000000,1744946770173000000,0
workspaceModel.init.bridges.ms,1744946710171000000,1744946770173000000,0
workspaceModel.workspaceFileIndexData.markDirty.ms,1744946710171000000,1744946770173000000,0
workspaceModel.cachedValue.total.get.count,1744946710171000000,1744946770173000000,1827
workspaceModel.updates.ms,1744946710171000000,1744946770173000000,0
NonBlockingReadAction.finalizedExecutionTimeUs,1744946710171000000,1744946770173000000,315050
FlushQueue.queueSizeAvg,1744946710171000000,1744946770173000000,0.0
NonBlockingReadAction.failedExecutionTimeUs,1744946710171000000,1744946770173000000,0
NonBlockingReadAction.finalizedExecutionsCount,1744946710171000000,1744946770173000000,350
AWTEventQueue.dispatchTimeTotalNS,1744946710171000000,1744946770173000000,3272420430
FlushQueue.queueSizeMax,1744946710171000000,1744946770173000000,0
AWTEventQueue.eventsDispatched,1744946710171000000,1744946770173000000,0
FlushQueue.waitingTimeMaxNs,1744946710171000000,1744946770173000000,0
FlushQueue.queueSize90P,1744946710171000000,1744946770173000000,0
FlushQueue.waitingTimeAvgNs,1744946710171000000,1744946770173000000,0.0
FlushQueue.executionTimeAvgNs,1744946710171000000,1744946770173000000,0.0
FlushQueue.executionTimeMaxNs,1744946710171000000,1744946770173000000,0
AWTEventQueue.dispatchTimeAvgNs,1744946710171000000,1744946770173000000,0.0
ReadAction.executionsCount,1744946710171000000,1744946770173000000,141326
NonBlockingReadAction.failedExecutionsCount,1744946710171000000,1744946770173000000,0
FlushQueue.executionTime90PNs,1744946710171000000,1744946770173000000,0
AWTEventQueue.dispatchTime90PNs,1744946710171000000,1744946770173000000,0
FlushQueue.tasksExecuted,1744946710171000000,1744946770173000000,0
WriteAction.executionsCount,1744946710171000000,1744946770173000000,144
AWTEventQueue.dispatchTimeMaxNs,1744946710171000000,1744946770173000000,0
FlushQueue.waitingTime90PNs,1744946710171000000,1744946770173000000,0
workspaceModel.do.save.caches.ms,1744946710171000000,1744946770173000000,0
workspaceModel.moduleManagerBridge.load.module.ms,1744946710171000000,1744946770173000000,0
workspaceModel.mutableEntityStorage.put.entity.ms,1744946710171000000,1744946770173000000,0
workspaceModel.load.cache.from.file.ms,1744946710171000000,1744946770173000000,0
jps.global.get.library.by.name.ms,1744946710171000000,1744946770173000000,0
workspaceModel.mutableEntityStorage.add.entity.ms,1744946710171000000,1744946770173000000,0
workspaceModel.mutableEntityStorage.entities.by.source.ms,1744946710171000000,1744946770173000000,0
jps.global.handle.before.change.events.ms,1744946710171000000,1744946770173000000,0
jps.artifact.entities.serializer.save.entities.ms,1744946710171000000,1744946770173000000,0
jps.module.dependency.index.workspace.model.listener.on.changed.ms,1744946710171000000,1744946770173000000,0
workspaceModel.moduleBridge.before.changed.ms,1744946710171000000,1744946770173000000,0
workspaceModel.moduleManagerBridge.build.module.graph.ms,1744946710171000000,1744946770173000000,0
jps.project.serializers.save.ms,1744946710171000000,1744946770173000000,0
workspaceModel.mutableEntityStorage.changeLog.addReplaceEventForNewParent.ms,1744946710171000000,1744946770173000000,0
jps.app.storage.content.writer.save.component.ms,1744946710171000000,1744946770173000000,0
workspaceModel.mutableEntityStorage.resolve.ms,1744946710171000000,1744946770173000000,0
jps.save.global.entities.ms,1744946710171000000,1744946770173000000,0
workspaceModel.moduleManagerBridge.get.modules.ms,1744946710171000000,1744946770173000000,0
workspaceModel.moduleBridgeLoader.loading.modules.ms,1744946710171000000,1744946770173000000,0
jps.storage.jps.conf.reader.load.component.ms,1744946710171000000,1744946770173000000,0
workspaceModel.mutableEntityStorage.entities.ms,1744946710171000000,1744946770173000000,0
jps.facet.change.listener.init.bridge.ms,1744946710171000000,1744946770173000000,0
workspaceModel.mutableEntityStorage.changeLog.addReplaceEventForNewChild.ms,1744946710171000000,1744946770173000000,0
workspaceModel.moduleManagerBridge.create.module.instance.ms,1744946710171000000,1744946770173000000,0
jps.load.project.to.empty.storage.ms,1744946710171000000,1744946770173000000,0
workspaceModel.mutableEntityStorage.mutable.vfurl.index.ms,1744946710171000000,1744946770173000000,0
workspaceModel.moduleBridge.update.option.ms,1744946710171000000,1744946770173000000,0
jps.app.storage.content.reader.load.component.ms,1744946710171000000,1744946770173000000,0
workspaceModel.mutableEntityStorage.apply.changes.from.ms,1744946710171000000,1744946770173000000,0
workspaceModel.orphan.listener.update.ms,1744946710171000000,1744946770173000000,0
workspaceModel.moduleManagerBridge.set.unloadedModules.ms,1744946710171000000,1744946770173000000,0
workspaceModel.mutableEntityStorage.changeLog.addReplaceEventForRemovedChild.ms,1744946710171000000,1744946770173000000,0
jps.global.get.libraries.ms,1744946710171000000,1744946770173000000,0
jps.load.initial.state.ms,1744946710171000000,1744946770173000000,0
jps.facet.change.listener.process.change.events.ms,1744946710171000000,1744946770173000000,0
jps.global.get.library.ms,1744946710171000000,1744946770173000000,0
jps.facet.change.listener.before.change.events.ms,1744946710171000000,1744946770173000000,0
workspaceModel.moduleBridge.facet.initialization.ms,1744946710171000000,1744946770173000000,0
jps.artifact.entities.serializer.load.entities.ms,1744946710171000000,1744946770173000000,0
jps.global.initialize.library.bridges.ms,1744946710171000000,1744946770173000000,0
workspaceModel.save.cache.to.file.ms,1744946710171000000,1744946770173000000,0
workspaceModel.mutableEntityStorage.collect.changes.ms,1744946710171000000,1744946770173000000,0
jps.module.iml.entities.serializer.save.entities.ms,1744946710171000000,1744946770173000000,0
jps.global.handle.changed.events.ms,1744946710171000000,1744946770173000000,0
workspaceModel.global.updates.ms,1744946710171000000,1744946770173000000,0
workspaceModel.mutableEntityStorage.referrers.ms,1744946710171000000,1744946770173000000,0
workspaceModel.mutableEntityStorage.changeLog.addReplaceEventForRemovedParent.ms,1744946710171000000,1744946770173000000,0
workspaceModel.moduleManagerBridge.newModule.ms,1744946710171000000,1744946770173000000,0
jps.project.serializers.load.ms,1744946710171000000,1744946770173000000,0
jps.module.iml.entities.serializer.load.entities.ms,1744946710171000000,1744946770173000000,0
workspaceModel.mutableEntityStorage.instances.count,1744946710171000000,1744946770173000000,0
workspaceModel.moduleManagerBridge.load.all.modules.ms,1744946710171000000,1744946770173000000,0
workspaceModel.moduleManagerBridge.new.nonPersistent.module.ms,1744946710171000000,1744946770173000000,0
workspaceModel.global.apply.state.to.project.builder.ms,1744946710171000000,1744946770173000000,0
workspaceModel.global.updates.count,1744946710171000000,1744946770173000000,0
jps.library.entities.serializer.save.entities.ms,1744946710171000000,1744946770173000000,0
workspaceModel.mutableEntityStorage.replace.by.source.ms,1744946710171000000,1744946770173000000,0
workspaceModel.mutableEntityStorage.remove.entity.ms,1744946710171000000,1744946770173000000,0
jps.global.initialize.library.bridges.after.loading.ms,1744946710171000000,1744946770173000000,0
workspaceModel.mutableEntityStorage.modify.entity.ms,1744946710171000000,1744946770173000000,0
workspaceModel.load.cache.metadata.from.file.ms,1744946710171000000,1744946770173000000,0
workspaceModel.mutableEntityStorage.has.same.entities.ms,1744946710171000000,1744946770173000000,0
workspaceModel.mutableEntityStorage.mutable.ext.mapping.ms,1744946710171000000,1744946770173000000,0
jps.reload.project.entities.ms,1744946710171000000,1744946770173000000,0
jps.apply.loaded.storage.ms,1744946710171000000,1744946770173000000,0
workspaceModel.delayed.project.synchronizer.sync.ms,1744946710171000000,1744946770173000000,0
workspaceModel.global.apply.state.to.project.ms,1744946710171000000,1744946770173000000,0
workspaceModel.sync.entities.ms,1744946710171000000,1744946770173000000,0
workspaceModel.mutableEntityStorage.to.snapshot.ms,1744946710171000000,1744946770173000000,0
jps.library.entities.serializer.load.entities.ms,1744946710171000000,1744946770173000000,0
jps.save.changed.project.entities.ms,1744946710171000000,1744946770173000000,0
IndexesFlusher.totalFlushesRetried,1744946710171000000,1744946770173000000,0
Indexing.writer_0.totalTimeSpentWritingMs,1744946710171000000,1744946770173000000,0
Indexing.writesQueuedMin,1744946710171000000,1744946770173000000,9223372036854775807
Indexing.cache.totalCacheAccesses,1744946710171000000,1744946770173000000,44
Indexes.entries.lookupDurationMaxMs,1744946710171000000,1744946770173000000,0.0
Indexes.stubs.lookupDurationMaxMs,1744946710171000000,1744946770173000000,0.0
Indexes.entries.lookupDuration90PMs,1744946710171000000,1744946770173000000,0.0
Indexes.allKeys.lookupDurationMaxMs,1744946710171000000,1744946770173000000,0.0
Indexing.writer_2.totalTimeSpentWritingMs,1744946710171000000,1744946770173000000,0
Indexes.stubs.lookupDuration90PMs,1744946710171000000,1744946770173000000,0.0
Indexes.stubs.lookupDurationAvgMs,1744946710171000000,1744946770173000000,0.0
Indexes.entries.lookups,1744946710171000000,1744946770173000000,0
Indexing.writer_1.totalTimeSpentWritingMs,1744946710171000000,1744946770173000000,0
Indexes.allKeys.lookupDurationAvgMs,1744946710171000000,1744946770173000000,0.0
Indexing.writesQueuedMax,1744946710171000000,1744946770173000000,0
Indexing.cache.totalCacheMisses,1744946710171000000,1744946770173000000,33
IndexesFlusher.totalFlushes,1744946710171000000,1744946770173000000,60
Indexes.stubs.lookups,1744946710171000000,1744946770173000000,0
Indexes.allKeys.lookupDuration90PMs,1744946710171000000,1744946770173000000,0.0
Indexing.cache.totalCacheEvicted,1744946710171000000,1744946770173000000,33
Indexes.allKeys.lookups,1744946710171000000,1744946770173000000,0
IndexesFlusher.totalFlushingTimeUs,1744946710171000000,1744946770173000000,95810
Indexing.writer_3.totalTimeSpentWritingMs,1744946710171000000,1744946770173000000,0
Indexing.totalTimeIndexersSleptMs,1744946710171000000,1744946770173000000,0
Indexes.entries.lookupDurationAvgMs,1744946710171000000,1744946770173000000,0.0
IndexesFlusher.totalContentionQuotaSpent,1744946710171000000,1744946770173000000,0
JVM.totalTimeAtSafepointsMs,1744946710171000000,1744946770173000000,47
JVM.usedNativeBytes,1744946710171000000,1744946770173000000,432693944
OS.loadAverage,1744946710171000000,1744946770173000000,0.25830078125
JVM.maxHeapBytes,1744946710171000000,1744946770173000000,2147483648
JVM.usedHeapBytes,1744946710171000000,1744946770173000000,600933760
JVM.GC.collectionTimesMs,1744946710171000000,1744946770173000000,46
JVM.totalDirectByteBuffersBytes,1744946710171000000,1744946770173000000,159373647
JVM.totalSafepointCount,1744946710171000000,1744946770173000000,53
JVM.totalTimeToSafepointsMs,1744946710171000000,1744946770173000000,1
JVM.maxThreadCount,1744946710171000000,1744946770173000000,132
JVM.totalCpuTimeMs,1744946710171000000,1744946770173000000,18440
JVM.threadCount,1744946710171000000,1744946770173000000,58
JVM.newThreadsCount,1744946710171000000,1744946770173000000,1
JVM.GC.collections,1744946710171000000,1744946770173000000,4
JVM.totalBytesAllocated,1744946710171000000,1744946770173000000,509602824
StreamlinedBlobStorage.recordsAllocated,1744946710171000000,1744946770173000000,0
FileChannelInterruptsRetryer.totalRetriedAttempts,1744946710171000000,1744946770173000000,0
FilePageCacheLockFree.totalBytesRequested,1744946710171000000,1744946770173000000,0
FilePageCacheLockFree.totalPagesRequested,1744946710171000000,1744946770173000000,0
FilePageCache.disposedBuffers,1744946710171000000,1744946770173000000,0
DirectByteBufferAllocator.misses,1744946710171000000,1744946770173000000,0
FilePageCacheLockFree.totalNativeBytesReclaimed,1744946710171000000,1744946770173000000,0
StreamlinedBlobStorage.recordsDeleted,1744946710171000000,1744946770173000000,0
FilePageCache.pageLoadsAboveSizeThreshold,1744946710171000000,1744946770173000000,0
FilePageCache.pageFastCacheHits,1744946710171000000,1744946770173000000,0
FilePageCacheLockFree.housekeeperTurnsSkipped,1744946710171000000,1744946770173000000,0
DirectByteBufferAllocator.totalSizeOfBuffersCachedInBytes,1744946710171000000,1744946770173000000,0
MappedFileStorage.storages,1744946710171000000,1744946770173000000,16
FilePageCache.uncachedFileAccess,1744946710171000000,1744946770173000000,0
MappedFileStorage.totalPagesMapped,1744946710171000000,1744946770173000000,16
FilePageCacheLockFree.totalPagesReclaimed,1744946710171000000,1744946770173000000,0
FilePageCacheLockFree.totalPagesRequestsMs,1744946710171000000,1744946770173000000,0
DirectByteBufferAllocator.reclaimed,1744946710171000000,1744946770173000000,0
FilePageCache.capacityInBytes,1744946710171000000,1744946770173000000,503316478
StorageLockContext.competingThreads.avg,1744946710171000000,1744946770173000000,0.0
FilePageCache.totalPageLoadsUs,1744946710171000000,1744946770173000000,0
MappedFileStorage.totalTimeSpentOnMappingUs,1744946710171000000,1744946770173000000,41443
StorageLockContext.competingThreads.90P,1744946710171000000,1744946770173000000,0
FilePageCacheLockFree.totalBytesWritten,1744946710171000000,1744946770173000000,0
StreamlinedBlobStorage.totalLiveRecordsCapacityBytes,1744946710171000000,1744946770173000000,0
FilePageCache.pageHits,1744946710171000000,1744946770173000000,0
FilePageCacheLockFree.totalPagesHandedOver,1744946710171000000,1744946770173000000,0
FilePageCacheLockFree.totalPagesWritten,1744946710171000000,1744946770173000000,0
FilePageCacheLockFree.totalClosedStoragesReclaimed,1744946710171000000,1744946770173000000,0
FilePageCacheLockFree.totalPagesWriteMs,1744946710171000000,1744946770173000000,0
FilePageCacheLockFree.totalPageAllocationsWaited,1744946710171000000,1744946770173000000,0
FilePageCacheLockFree.nativeBytesInUse,1744946710171000000,1744946770173000000,0
MappedFileStorage.totalBytesMapped,1744946710171000000,1744946770173000000,202637312
DirectByteBufferAllocator.totalSizeOfBuffersAllocatedInBytes,1744946710171000000,1744946770173000000,158474240
StreamlinedBlobStorage.recordsRelocated,1744946710171000000,1744946770173000000,0
StreamlinedBlobStorage.totalLiveRecordsPayloadBytes,1744946710171000000,1744946770173000000,0
FilePageCacheLockFree.totalBytesRead,1744946710171000000,1744946770173000000,0
FilePageCache.totalPageDisposalsUs,1744946710171000000,1744946770173000000,0
FilePageCache.maxRegisteredFiles,1744946710171000000,1744946770173000000,261
DirectByteBufferAllocator.disposed,1744946710171000000,1744946770173000000,0
FilePageCache.pageLoads,1744946710171000000,1744946770173000000,0
FilePageCacheLockFree.totalPagesAllocated,1744946710171000000,1744946770173000000,0
FilePageCacheLockFree.totalHeapBytesReclaimed,1744946710171000000,1744946770173000000,0
FilePageCacheLockFree.heapBytesInUse,1744946710171000000,1744946770173000000,0
FilePageCache.maxCacheSizeInBytes,1744946710171000000,1744946770173000000,158474240
DirectByteBufferAllocator.hits,1744946710171000000,1744946770173000000,0
FilePageCacheLockFree.totalNativeBytesAllocated,1744946710171000000,1744946770173000000,0
FilePageCacheLockFree.totalHeapBytesAllocated,1744946710171000000,1744946770173000000,0
StorageLockContext.competingThreads.max,1744946710171000000,1744946770173000000,0
FilePageCacheLockFree.housekeeperTimeSpentMs,1744946710171000000,1744946770173000000,0
FilePageCacheLockFree.housekeeperTurnsDone,1744946710171000000,1744946770173000000,0
FilePageCacheLockFree.totalPagesReadMs,1744946710171000000,1744946770173000000,0
VFS.invertedFileNameIndex.requests,1744946770173000000,1744946830174000000,0
VFS.contentStorage.recordsDecompressionTimeUs,1744946770173000000,1744946830174000000,0
VFS.contentStorage.recordsUncompressedSize,1744946770173000000,1744946830174000000,0
VFS.fileChildByName,1744946770173000000,1744946830174000000,0
FileNameCache.queries,1744946770173000000,1744946830174000000,0
VFS.contentStorage.recordsRead,1744946770173000000,1744946830174000000,0
VFS.contentStorage.recordsStoredCompressed,1744946770173000000,1744946830174000000,0
VFS.fileByIdCache.hits,1744946770173000000,1744946830174000000,0
VFS.contentStorage.recordsReadDecompressed,1744946770173000000,1744946830174000000,0
VFS.contentStorage.recordsReadSize,1744946770173000000,1744946830174000000,0
VFS.contentStorage.recordsStored,1744946770173000000,1744946830174000000,0
VFS.contentStorage.recordsDeduplicated,1744946770173000000,1744946830174000000,0
FileNameCache.totalMisses,1744946770173000000,1744946830174000000,0
VFS.fileByIdCache.misses,1744946770173000000,1744946830174000000,0
VFS.contentStorage.recordsStoredSize,1744946770173000000,1744946830174000000,0
DiskQueryRelay.taskWaitingTotalTimeUs,1744946770173000000,1744946830174000000,0
DiskQueryRelay.tasksRequested,1744946770173000000,1744946830174000000,0
writeAction.count,1744946770173000000,1744946830174000000,0
writeAction.wait.ms,1744946770173000000,1744946830174000000,0
writeAction.median.wait.ms,1744946770173000000,1744946830174000000,200
DiskQueryRelay.taskExecutionTotalTimeUs,1744946770173000000,1744946830174000000,0
DiskQueryRelay.tasksExecuted,1744946770173000000,1744946830174000000,0
writeAction.max.wait.ms,1744946770173000000,1744946830174000000,96
cacheStateStorage.set.counter,1744946770173000000,1744946830174000000,0
cacheStateStorage.set.duration,1744946770173000000,1744946830174000000,0
cacheStateStorage.get.duration,1744946770173000000,1744946830174000000,0
cacheStateStorage.get.counter,1744946770173000000,1744946830174000000,0
workspaceModel.cachedValueWithParameters.from.cache.count,1744946770173000000,1744946830174000000,0
workspaceModel.update.unloaded.entities.ms,1744946770173000000,1744946830174000000,0
workspaceModel.cachedValueWithParameters.clear.count,1744946770173000000,1744946830174000000,0
workspaceModel.cachedValue.clear.count,1744946770173000000,1744946830174000000,0
workspaceModel.workspaceFileIndexData.visitFileSets.ms,1744946770173000000,1744946830174000000,0
workspaceModel.cachedValue.from.cache.count,1744946770173000000,1744946830174000000,0
workspaceModel.workspaceFileIndexContributor.registerFileSets.ms,1744946770173000000,1744946830174000000,0
workspaceModel.workspaceFileIndexData.init.ms,1744946770173000000,1744946830174000000,0
workspaceModel.pre.handlers.ms,1744946770173000000,1744946830174000000,0
workspaceModel.on.before.changed.ms,1744946770173000000,1744946830174000000,0
workspaceModel.updates.precise.ms,1744946770173000000,1744946830174000000,0
workspaceModel.entityStorageSnapshotImpl.instances.count,1744946770173000000,1744946830174000000,0
workspaceModel.check.recursive.update.ms,1744946770173000000,1744946830174000000,0
workspaceModel.loading.total.ms,1744946770173000000,1744946830174000000,0
workspaceModel.initializing.ms,1744946770173000000,1744946830174000000,0
workspaceModel.cachedValue.calculated.count,1744946770173000000,1744946830174000000,0
workspaceModel.on.changed.ms,1744946770173000000,1744946830174000000,0
workspaceModel.workspaceFileIndexData.processFileSets.ms,1744946770173000000,1744946830174000000,0
workspaceModel.workspaceFileIndexData.getFileInfo.ms,1744946770173000000,1744946830174000000,0
workspaceModel.full.replace.project.model.ms,1744946770173000000,1744946830174000000,0
workspaceModel.cachedValueWithParameters.total.get.count,1744946770173000000,1744946830174000000,0
workspaceModel.workspaceFileIndexData.getDirectoriesByPackageName.ms,1744946770173000000,1744946830174000000,0
workspaceModel.workspaceFileIndexData.updateDirtyEntities.ms,1744946770173000000,1744946830174000000,0
workspaceModel.replace.project.model.ms,1744946770173000000,1744946830174000000,0
workspaceModel.updates.count,1744946770173000000,1744946830174000000,0
workspaceModel.loading.from.cache.ms,1744946770173000000,1744946830174000000,0
workspaceModel.cachedValueWithParameters.calculated.count,1744946770173000000,1744946830174000000,0
workspaceModel.workspaceFileIndexData.instances.count,1744946770173000000,1744946830174000000,0
workspaceModel.workspaceFileIndexData.onEntitiesChanged.ms,1744946770173000000,1744946830174000000,0
workspaceModel.to.snapshot.ms,1744946770173000000,1744946830174000000,0
workspaceModel.workspaceFileIndexData.getPackageName.ms,1744946770173000000,1744946830174000000,0
workspaceModel.collect.changes.ms,1744946770173000000,1744946830174000000,0
workspaceModel.init.bridges.ms,1744946770173000000,1744946830174000000,0
workspaceModel.workspaceFileIndexData.markDirty.ms,1744946770173000000,1744946830174000000,0
workspaceModel.cachedValue.total.get.count,1744946770173000000,1744946830174000000,0
workspaceModel.updates.ms,1744946770173000000,1744946830174000000,0
NonBlockingReadAction.finalizedExecutionTimeUs,1744946770173000000,1744946830174000000,21757
FlushQueue.queueSizeAvg,1744946770173000000,1744946830174000000,0.0
NonBlockingReadAction.failedExecutionTimeUs,1744946770173000000,1744946830174000000,0
NonBlockingReadAction.finalizedExecutionsCount,1744946770173000000,1744946830174000000,131
AWTEventQueue.dispatchTimeTotalNS,1744946770173000000,1744946830174000000,795697024
FlushQueue.queueSizeMax,1744946770173000000,1744946830174000000,0
AWTEventQueue.eventsDispatched,1744946770173000000,1744946830174000000,0
FlushQueue.waitingTimeMaxNs,1744946770173000000,1744946830174000000,0
FlushQueue.queueSize90P,1744946770173000000,1744946830174000000,0
FlushQueue.waitingTimeAvgNs,1744946770173000000,1744946830174000000,0.0
FlushQueue.executionTimeAvgNs,1744946770173000000,1744946830174000000,0.0
FlushQueue.executionTimeMaxNs,1744946770173000000,1744946830174000000,0
AWTEventQueue.dispatchTimeAvgNs,1744946770173000000,1744946830174000000,0.0
ReadAction.executionsCount,1744946770173000000,1744946830174000000,132441
NonBlockingReadAction.failedExecutionsCount,1744946770173000000,1744946830174000000,0
FlushQueue.executionTime90PNs,1744946770173000000,1744946830174000000,0
AWTEventQueue.dispatchTime90PNs,1744946770173000000,1744946830174000000,0
FlushQueue.tasksExecuted,1744946770173000000,1744946830174000000,0
WriteAction.executionsCount,1744946770173000000,1744946830174000000,0
AWTEventQueue.dispatchTimeMaxNs,1744946770173000000,1744946830174000000,0
FlushQueue.waitingTime90PNs,1744946770173000000,1744946830174000000,0
workspaceModel.do.save.caches.ms,1744946770173000000,1744946830174000000,0
workspaceModel.moduleManagerBridge.load.module.ms,1744946770173000000,1744946830174000000,0
workspaceModel.mutableEntityStorage.put.entity.ms,1744946770173000000,1744946830174000000,0
workspaceModel.load.cache.from.file.ms,1744946770173000000,1744946830174000000,0
jps.global.get.library.by.name.ms,1744946770173000000,1744946830174000000,0
workspaceModel.mutableEntityStorage.add.entity.ms,1744946770173000000,1744946830174000000,0
workspaceModel.mutableEntityStorage.entities.by.source.ms,1744946770173000000,1744946830174000000,0
jps.global.handle.before.change.events.ms,1744946770173000000,1744946830174000000,0
jps.artifact.entities.serializer.save.entities.ms,1744946770173000000,1744946830174000000,0
jps.module.dependency.index.workspace.model.listener.on.changed.ms,1744946770173000000,1744946830174000000,0
workspaceModel.moduleBridge.before.changed.ms,1744946770173000000,1744946830174000000,0
workspaceModel.moduleManagerBridge.build.module.graph.ms,1744946770173000000,1744946830174000000,0
jps.project.serializers.save.ms,1744946770173000000,1744946830174000000,0
workspaceModel.mutableEntityStorage.changeLog.addReplaceEventForNewParent.ms,1744946770173000000,1744946830174000000,0
jps.app.storage.content.writer.save.component.ms,1744946770173000000,1744946830174000000,0
workspaceModel.mutableEntityStorage.resolve.ms,1744946770173000000,1744946830174000000,0
jps.save.global.entities.ms,1744946770173000000,1744946830174000000,0
workspaceModel.moduleManagerBridge.get.modules.ms,1744946770173000000,1744946830174000000,0
workspaceModel.moduleBridgeLoader.loading.modules.ms,1744946770173000000,1744946830174000000,0
jps.storage.jps.conf.reader.load.component.ms,1744946770173000000,1744946830174000000,0
workspaceModel.mutableEntityStorage.entities.ms,1744946770173000000,1744946830174000000,0
jps.facet.change.listener.init.bridge.ms,1744946770173000000,1744946830174000000,0
workspaceModel.mutableEntityStorage.changeLog.addReplaceEventForNewChild.ms,1744946770173000000,1744946830174000000,0
workspaceModel.moduleManagerBridge.create.module.instance.ms,1744946770173000000,1744946830174000000,0
jps.load.project.to.empty.storage.ms,1744946770173000000,1744946830174000000,0
workspaceModel.mutableEntityStorage.mutable.vfurl.index.ms,1744946770173000000,1744946830174000000,0
workspaceModel.moduleBridge.update.option.ms,1744946770173000000,1744946830174000000,0
jps.app.storage.content.reader.load.component.ms,1744946770173000000,1744946830174000000,0
workspaceModel.mutableEntityStorage.apply.changes.from.ms,1744946770173000000,1744946830174000000,0
workspaceModel.orphan.listener.update.ms,1744946770173000000,1744946830174000000,0
workspaceModel.moduleManagerBridge.set.unloadedModules.ms,1744946770173000000,1744946830174000000,0
workspaceModel.mutableEntityStorage.changeLog.addReplaceEventForRemovedChild.ms,1744946770173000000,1744946830174000000,0
jps.global.get.libraries.ms,1744946770173000000,1744946830174000000,0
jps.load.initial.state.ms,1744946770173000000,1744946830174000000,0
jps.facet.change.listener.process.change.events.ms,1744946770173000000,1744946830174000000,0
jps.global.get.library.ms,1744946770173000000,1744946830174000000,0
jps.facet.change.listener.before.change.events.ms,1744946770173000000,1744946830174000000,0
workspaceModel.moduleBridge.facet.initialization.ms,1744946770173000000,1744946830174000000,0
jps.artifact.entities.serializer.load.entities.ms,1744946770173000000,1744946830174000000,0
jps.global.initialize.library.bridges.ms,1744946770173000000,1744946830174000000,0
workspaceModel.save.cache.to.file.ms,1744946770173000000,1744946830174000000,0
workspaceModel.mutableEntityStorage.collect.changes.ms,1744946770173000000,1744946830174000000,0
jps.module.iml.entities.serializer.save.entities.ms,1744946770173000000,1744946830174000000,0
jps.global.handle.changed.events.ms,1744946770173000000,1744946830174000000,0
workspaceModel.global.updates.ms,1744946770173000000,1744946830174000000,0
workspaceModel.mutableEntityStorage.referrers.ms,1744946770173000000,1744946830174000000,0
workspaceModel.mutableEntityStorage.changeLog.addReplaceEventForRemovedParent.ms,1744946770173000000,1744946830174000000,0
workspaceModel.moduleManagerBridge.newModule.ms,1744946770173000000,1744946830174000000,0
jps.project.serializers.load.ms,1744946770173000000,1744946830174000000,0
jps.module.iml.entities.serializer.load.entities.ms,1744946770173000000,1744946830174000000,0
workspaceModel.mutableEntityStorage.instances.count,1744946770173000000,1744946830174000000,0
workspaceModel.moduleManagerBridge.load.all.modules.ms,1744946770173000000,1744946830174000000,0
workspaceModel.moduleManagerBridge.new.nonPersistent.module.ms,1744946770173000000,1744946830174000000,0
workspaceModel.global.apply.state.to.project.builder.ms,1744946770173000000,1744946830174000000,0
workspaceModel.global.updates.count,1744946770173000000,1744946830174000000,0
jps.library.entities.serializer.save.entities.ms,1744946770173000000,1744946830174000000,0
workspaceModel.mutableEntityStorage.replace.by.source.ms,1744946770173000000,1744946830174000000,0
workspaceModel.mutableEntityStorage.remove.entity.ms,1744946770173000000,1744946830174000000,0
jps.global.initialize.library.bridges.after.loading.ms,1744946770173000000,1744946830174000000,0
workspaceModel.mutableEntityStorage.modify.entity.ms,1744946770173000000,1744946830174000000,0
workspaceModel.load.cache.metadata.from.file.ms,1744946770173000000,1744946830174000000,0
workspaceModel.mutableEntityStorage.has.same.entities.ms,1744946770173000000,1744946830174000000,0
workspaceModel.mutableEntityStorage.mutable.ext.mapping.ms,1744946770173000000,1744946830174000000,0
jps.reload.project.entities.ms,1744946770173000000,1744946830174000000,0
jps.apply.loaded.storage.ms,1744946770173000000,1744946830174000000,0
workspaceModel.delayed.project.synchronizer.sync.ms,1744946770173000000,1744946830174000000,0
workspaceModel.global.apply.state.to.project.ms,1744946770173000000,1744946830174000000,0
workspaceModel.sync.entities.ms,1744946770173000000,1744946830174000000,0
workspaceModel.mutableEntityStorage.to.snapshot.ms,1744946770173000000,1744946830174000000,0
jps.library.entities.serializer.load.entities.ms,1744946770173000000,1744946830174000000,0
jps.save.changed.project.entities.ms,1744946770173000000,1744946830174000000,0
IndexesFlusher.totalFlushesRetried,1744946770173000000,1744946830174000000,0
Indexing.writer_0.totalTimeSpentWritingMs,1744946770173000000,1744946830174000000,0
Indexing.writesQueuedMin,1744946770173000000,1744946830174000000,9223372036854775807
Indexing.cache.totalCacheAccesses,1744946770173000000,1744946830174000000,0
Indexes.entries.lookupDurationMaxMs,1744946770173000000,1744946830174000000,0.0
Indexes.stubs.lookupDurationMaxMs,1744946770173000000,1744946830174000000,0.0
Indexes.entries.lookupDuration90PMs,1744946770173000000,1744946830174000000,0.0
Indexes.allKeys.lookupDurationMaxMs,1744946770173000000,1744946830174000000,0.0
Indexing.writer_2.totalTimeSpentWritingMs,1744946770173000000,1744946830174000000,0
Indexes.stubs.lookupDuration90PMs,1744946770173000000,1744946830174000000,0.0
Indexes.stubs.lookupDurationAvgMs,1744946770173000000,1744946830174000000,0.0
Indexes.entries.lookups,1744946770173000000,1744946830174000000,0
Indexing.writer_1.totalTimeSpentWritingMs,1744946770173000000,1744946830174000000,0
Indexes.allKeys.lookupDurationAvgMs,1744946770173000000,1744946830174000000,0.0
Indexing.writesQueuedMax,1744946770173000000,1744946830174000000,0
Indexing.cache.totalCacheMisses,1744946770173000000,1744946830174000000,0
IndexesFlusher.totalFlushes,1744946770173000000,1744946830174000000,60
Indexes.stubs.lookups,1744946770173000000,1744946830174000000,0
Indexes.allKeys.lookupDuration90PMs,1744946770173000000,1744946830174000000,0.0
Indexing.cache.totalCacheEvicted,1744946770173000000,1744946830174000000,0
Indexes.allKeys.lookups,1744946770173000000,1744946830174000000,0
IndexesFlusher.totalFlushingTimeUs,1744946770173000000,1744946830174000000,91541
Indexing.writer_3.totalTimeSpentWritingMs,1744946770173000000,1744946830174000000,0
Indexing.totalTimeIndexersSleptMs,1744946770173000000,1744946830174000000,0
Indexes.entries.lookupDurationAvgMs,1744946770173000000,1744946830174000000,0.0
IndexesFlusher.totalContentionQuotaSpent,1744946770173000000,1744946830174000000,0
JVM.totalTimeAtSafepointsMs,1744946770173000000,1744946830174000000,9
JVM.usedNativeBytes,1744946770173000000,1744946830174000000,433444152
OS.loadAverage,1744946770173000000,1744946830174000000,0.25390625
JVM.maxHeapBytes,1744946770173000000,1744946830174000000,2147483648
JVM.usedHeapBytes,1744946770173000000,1744946830174000000,417746368
JVM.GC.collectionTimesMs,1744946770173000000,1744946830174000000,8
JVM.totalDirectByteBuffersBytes,1744946770173000000,1744946830174000000,159237701
JVM.totalSafepointCount,1744946770173000000,1744946830174000000,10
JVM.totalTimeToSafepointsMs,1744946770173000000,1744946830174000000,0
JVM.maxThreadCount,1744946770173000000,1744946830174000000,132
JVM.totalCpuTimeMs,1744946770173000000,1744946830174000000,4240
JVM.threadCount,1744946770173000000,1744946830174000000,55
JVM.newThreadsCount,1744946770173000000,1744946830174000000,0
JVM.GC.collections,1744946770173000000,1744946830174000000,1
JVM.totalBytesAllocated,1744946770173000000,1744946830174000000,84286000
StreamlinedBlobStorage.recordsAllocated,1744946770173000000,1744946830174000000,0
FileChannelInterruptsRetryer.totalRetriedAttempts,1744946770173000000,1744946830174000000,0
FilePageCacheLockFree.totalBytesRequested,1744946770173000000,1744946830174000000,0
FilePageCacheLockFree.totalPagesRequested,1744946770173000000,1744946830174000000,0
FilePageCache.disposedBuffers,1744946770173000000,1744946830174000000,0
DirectByteBufferAllocator.misses,1744946770173000000,1744946830174000000,0
FilePageCacheLockFree.totalNativeBytesReclaimed,1744946770173000000,1744946830174000000,0
StreamlinedBlobStorage.recordsDeleted,1744946770173000000,1744946830174000000,0
FilePageCache.pageLoadsAboveSizeThreshold,1744946770173000000,1744946830174000000,0
FilePageCache.pageFastCacheHits,1744946770173000000,1744946830174000000,0
FilePageCacheLockFree.housekeeperTurnsSkipped,1744946770173000000,1744946830174000000,0
DirectByteBufferAllocator.totalSizeOfBuffersCachedInBytes,1744946770173000000,1744946830174000000,0
MappedFileStorage.storages,1744946770173000000,1744946830174000000,16
FilePageCache.uncachedFileAccess,1744946770173000000,1744946830174000000,0
MappedFileStorage.totalPagesMapped,1744946770173000000,1744946830174000000,16
FilePageCacheLockFree.totalPagesReclaimed,1744946770173000000,1744946830174000000,0
FilePageCacheLockFree.totalPagesRequestsMs,1744946770173000000,1744946830174000000,0
DirectByteBufferAllocator.reclaimed,1744946770173000000,1744946830174000000,0
FilePageCache.capacityInBytes,1744946770173000000,1744946830174000000,503316478
StorageLockContext.competingThreads.avg,1744946770173000000,1744946830174000000,0.0
FilePageCache.totalPageLoadsUs,1744946770173000000,1744946830174000000,0
MappedFileStorage.totalTimeSpentOnMappingUs,1744946770173000000,1744946830174000000,41443
StorageLockContext.competingThreads.90P,1744946770173000000,1744946830174000000,0
FilePageCacheLockFree.totalBytesWritten,1744946770173000000,1744946830174000000,0
StreamlinedBlobStorage.totalLiveRecordsCapacityBytes,1744946770173000000,1744946830174000000,0
FilePageCache.pageHits,1744946770173000000,1744946830174000000,0
FilePageCacheLockFree.totalPagesHandedOver,1744946770173000000,1744946830174000000,0
FilePageCacheLockFree.totalPagesWritten,1744946770173000000,1744946830174000000,0
FilePageCacheLockFree.totalClosedStoragesReclaimed,1744946770173000000,1744946830174000000,0
FilePageCacheLockFree.totalPagesWriteMs,1744946770173000000,1744946830174000000,0
FilePageCacheLockFree.totalPageAllocationsWaited,1744946770173000000,1744946830174000000,0
FilePageCacheLockFree.nativeBytesInUse,1744946770173000000,1744946830174000000,0
MappedFileStorage.totalBytesMapped,1744946770173000000,1744946830174000000,202637312
DirectByteBufferAllocator.totalSizeOfBuffersAllocatedInBytes,1744946770173000000,1744946830174000000,158474240
StreamlinedBlobStorage.recordsRelocated,1744946770173000000,1744946830174000000,0
StreamlinedBlobStorage.totalLiveRecordsPayloadBytes,1744946770173000000,1744946830174000000,0
FilePageCacheLockFree.totalBytesRead,1744946770173000000,1744946830174000000,0
FilePageCache.totalPageDisposalsUs,1744946770173000000,1744946830174000000,0
FilePageCache.maxRegisteredFiles,1744946770173000000,1744946830174000000,261
DirectByteBufferAllocator.disposed,1744946770173000000,1744946830174000000,0
FilePageCache.pageLoads,1744946770173000000,1744946830174000000,0
FilePageCacheLockFree.totalPagesAllocated,1744946770173000000,1744946830174000000,0
FilePageCacheLockFree.totalHeapBytesReclaimed,1744946770173000000,1744946830174000000,0
FilePageCacheLockFree.heapBytesInUse,1744946770173000000,1744946830174000000,0
FilePageCache.maxCacheSizeInBytes,1744946770173000000,1744946830174000000,158474240
DirectByteBufferAllocator.hits,1744946770173000000,1744946830174000000,0
FilePageCacheLockFree.totalNativeBytesAllocated,1744946770173000000,1744946830174000000,0
FilePageCacheLockFree.totalHeapBytesAllocated,1744946770173000000,1744946830174000000,0
StorageLockContext.competingThreads.max,1744946770173000000,1744946830174000000,0
FilePageCacheLockFree.housekeeperTimeSpentMs,1744946770173000000,1744946830174000000,0
FilePageCacheLockFree.housekeeperTurnsDone,1744946770173000000,1744946830174000000,0
FilePageCacheLockFree.totalPagesReadMs,1744946770173000000,1744946830174000000,0
VFS.invertedFileNameIndex.requests,1744946830174000000,1744946890171000000,0
VFS.contentStorage.recordsDecompressionTimeUs,1744946830174000000,1744946890171000000,0
VFS.contentStorage.recordsUncompressedSize,1744946830174000000,1744946890171000000,0
VFS.fileChildByName,1744946830174000000,1744946890171000000,10
FileNameCache.queries,1744946830174000000,1744946890171000000,0
VFS.contentStorage.recordsRead,1744946830174000000,1744946890171000000,0
VFS.contentStorage.recordsStoredCompressed,1744946830174000000,1744946890171000000,0
VFS.fileByIdCache.hits,1744946830174000000,1744946890171000000,0
VFS.contentStorage.recordsReadDecompressed,1744946830174000000,1744946890171000000,0
VFS.contentStorage.recordsReadSize,1744946830174000000,1744946890171000000,0
VFS.contentStorage.recordsStored,1744946830174000000,1744946890171000000,0
VFS.contentStorage.recordsDeduplicated,1744946830174000000,1744946890171000000,0
FileNameCache.totalMisses,1744946830174000000,1744946890171000000,0
VFS.fileByIdCache.misses,1744946830174000000,1744946890171000000,0
VFS.contentStorage.recordsStoredSize,1744946830174000000,1744946890171000000,0
DiskQueryRelay.taskWaitingTotalTimeUs,1744946830174000000,1744946890171000000,0
DiskQueryRelay.tasksRequested,1744946830174000000,1744946890171000000,0
writeAction.count,1744946830174000000,1744946890171000000,1
writeAction.wait.ms,1744946830174000000,1744946890171000000,0
writeAction.median.wait.ms,1744946830174000000,1744946890171000000,200
DiskQueryRelay.taskExecutionTotalTimeUs,1744946830174000000,1744946890171000000,0
DiskQueryRelay.tasksExecuted,1744946830174000000,1744946890171000000,0
writeAction.max.wait.ms,1744946830174000000,1744946890171000000,96
cacheStateStorage.set.counter,1744946830174000000,1744946890171000000,0
cacheStateStorage.set.duration,1744946830174000000,1744946890171000000,0
cacheStateStorage.get.duration,1744946830174000000,1744946890171000000,0
cacheStateStorage.get.counter,1744946830174000000,1744946890171000000,0
workspaceModel.cachedValueWithParameters.from.cache.count,1744946830174000000,1744946890171000000,0
workspaceModel.update.unloaded.entities.ms,1744946830174000000,1744946890171000000,0
workspaceModel.cachedValueWithParameters.clear.count,1744946830174000000,1744946890171000000,0
workspaceModel.cachedValue.clear.count,1744946830174000000,1744946890171000000,0
workspaceModel.workspaceFileIndexData.visitFileSets.ms,1744946830174000000,1744946890171000000,0
workspaceModel.cachedValue.from.cache.count,1744946830174000000,1744946890171000000,1
workspaceModel.workspaceFileIndexContributor.registerFileSets.ms,1744946830174000000,1744946890171000000,0
workspaceModel.workspaceFileIndexData.init.ms,1744946830174000000,1744946890171000000,0
workspaceModel.pre.handlers.ms,1744946830174000000,1744946890171000000,0
workspaceModel.on.before.changed.ms,1744946830174000000,1744946890171000000,0
workspaceModel.updates.precise.ms,1744946830174000000,1744946890171000000,0
workspaceModel.entityStorageSnapshotImpl.instances.count,1744946830174000000,1744946890171000000,0
workspaceModel.check.recursive.update.ms,1744946830174000000,1744946890171000000,0
workspaceModel.loading.total.ms,1744946830174000000,1744946890171000000,0
workspaceModel.initializing.ms,1744946830174000000,1744946890171000000,0
workspaceModel.cachedValue.calculated.count,1744946830174000000,1744946890171000000,0
workspaceModel.on.changed.ms,1744946830174000000,1744946890171000000,0
workspaceModel.workspaceFileIndexData.processFileSets.ms,1744946830174000000,1744946890171000000,0
workspaceModel.workspaceFileIndexData.getFileInfo.ms,1744946830174000000,1744946890171000000,0
workspaceModel.full.replace.project.model.ms,1744946830174000000,1744946890171000000,0
workspaceModel.cachedValueWithParameters.total.get.count,1744946830174000000,1744946890171000000,0
workspaceModel.workspaceFileIndexData.getDirectoriesByPackageName.ms,1744946830174000000,1744946890171000000,0
workspaceModel.workspaceFileIndexData.updateDirtyEntities.ms,1744946830174000000,1744946890171000000,0
workspaceModel.replace.project.model.ms,1744946830174000000,1744946890171000000,0
workspaceModel.updates.count,1744946830174000000,1744946890171000000,0
workspaceModel.loading.from.cache.ms,1744946830174000000,1744946890171000000,0
workspaceModel.cachedValueWithParameters.calculated.count,1744946830174000000,1744946890171000000,0
workspaceModel.workspaceFileIndexData.instances.count,1744946830174000000,1744946890171000000,0
workspaceModel.workspaceFileIndexData.onEntitiesChanged.ms,1744946830174000000,1744946890171000000,0
workspaceModel.to.snapshot.ms,1744946830174000000,1744946890171000000,0
workspaceModel.workspaceFileIndexData.getPackageName.ms,1744946830174000000,1744946890171000000,0
workspaceModel.collect.changes.ms,1744946830174000000,1744946890171000000,0
workspaceModel.init.bridges.ms,1744946830174000000,1744946890171000000,0
workspaceModel.workspaceFileIndexData.markDirty.ms,1744946830174000000,1744946890171000000,0
workspaceModel.cachedValue.total.get.count,1744946830174000000,1744946890171000000,1
workspaceModel.updates.ms,1744946830174000000,1744946890171000000,0
NonBlockingReadAction.finalizedExecutionTimeUs,1744946830174000000,1744946890171000000,541
FlushQueue.queueSizeAvg,1744946830174000000,1744946890171000000,0.0
NonBlockingReadAction.failedExecutionTimeUs,1744946830174000000,1744946890171000000,0
NonBlockingReadAction.finalizedExecutionsCount,1744946830174000000,1744946890171000000,2
AWTEventQueue.dispatchTimeTotalNS,1744946830174000000,1744946890171000000,186490460
FlushQueue.queueSizeMax,1744946830174000000,1744946890171000000,0
AWTEventQueue.eventsDispatched,1744946830174000000,1744946890171000000,0
FlushQueue.waitingTimeMaxNs,1744946830174000000,1744946890171000000,0
FlushQueue.queueSize90P,1744946830174000000,1744946890171000000,0
FlushQueue.waitingTimeAvgNs,1744946830174000000,1744946890171000000,0.0
FlushQueue.executionTimeAvgNs,1744946830174000000,1744946890171000000,0.0
FlushQueue.executionTimeMaxNs,1744946830174000000,1744946890171000000,0
AWTEventQueue.dispatchTimeAvgNs,1744946830174000000,1744946890171000000,0.0
ReadAction.executionsCount,1744946830174000000,1744946890171000000,44462
NonBlockingReadAction.failedExecutionsCount,1744946830174000000,1744946890171000000,0
FlushQueue.executionTime90PNs,1744946830174000000,1744946890171000000,0
AWTEventQueue.dispatchTime90PNs,1744946830174000000,1744946890171000000,0
FlushQueue.tasksExecuted,1744946830174000000,1744946890171000000,0
WriteAction.executionsCount,1744946830174000000,1744946890171000000,1
AWTEventQueue.dispatchTimeMaxNs,1744946830174000000,1744946890171000000,0
FlushQueue.waitingTime90PNs,1744946830174000000,1744946890171000000,0
workspaceModel.do.save.caches.ms,1744946830174000000,1744946890171000000,0
workspaceModel.moduleManagerBridge.load.module.ms,1744946830174000000,1744946890171000000,0
workspaceModel.mutableEntityStorage.put.entity.ms,1744946830174000000,1744946890171000000,0
workspaceModel.load.cache.from.file.ms,1744946830174000000,1744946890171000000,0
jps.global.get.library.by.name.ms,1744946830174000000,1744946890171000000,0
workspaceModel.mutableEntityStorage.add.entity.ms,1744946830174000000,1744946890171000000,0
workspaceModel.mutableEntityStorage.entities.by.source.ms,1744946830174000000,1744946890171000000,0
jps.global.handle.before.change.events.ms,1744946830174000000,1744946890171000000,0
jps.artifact.entities.serializer.save.entities.ms,1744946830174000000,1744946890171000000,0
jps.module.dependency.index.workspace.model.listener.on.changed.ms,1744946830174000000,1744946890171000000,0
workspaceModel.moduleBridge.before.changed.ms,1744946830174000000,1744946890171000000,0
workspaceModel.moduleManagerBridge.build.module.graph.ms,1744946830174000000,1744946890171000000,0
jps.project.serializers.save.ms,1744946830174000000,1744946890171000000,0
workspaceModel.mutableEntityStorage.changeLog.addReplaceEventForNewParent.ms,1744946830174000000,1744946890171000000,0
jps.app.storage.content.writer.save.component.ms,1744946830174000000,1744946890171000000,0
workspaceModel.mutableEntityStorage.resolve.ms,1744946830174000000,1744946890171000000,0
jps.save.global.entities.ms,1744946830174000000,1744946890171000000,0
workspaceModel.moduleManagerBridge.get.modules.ms,1744946830174000000,1744946890171000000,0
workspaceModel.moduleBridgeLoader.loading.modules.ms,1744946830174000000,1744946890171000000,0
jps.storage.jps.conf.reader.load.component.ms,1744946830174000000,1744946890171000000,0
workspaceModel.mutableEntityStorage.entities.ms,1744946830174000000,1744946890171000000,0
jps.facet.change.listener.init.bridge.ms,1744946830174000000,1744946890171000000,0
workspaceModel.mutableEntityStorage.changeLog.addReplaceEventForNewChild.ms,1744946830174000000,1744946890171000000,0
workspaceModel.moduleManagerBridge.create.module.instance.ms,1744946830174000000,1744946890171000000,0
jps.load.project.to.empty.storage.ms,1744946830174000000,1744946890171000000,0
workspaceModel.mutableEntityStorage.mutable.vfurl.index.ms,1744946830174000000,1744946890171000000,0
workspaceModel.moduleBridge.update.option.ms,1744946830174000000,1744946890171000000,0
jps.app.storage.content.reader.load.component.ms,1744946830174000000,1744946890171000000,0
workspaceModel.mutableEntityStorage.apply.changes.from.ms,1744946830174000000,1744946890171000000,0
workspaceModel.orphan.listener.update.ms,1744946830174000000,1744946890171000000,0
workspaceModel.moduleManagerBridge.set.unloadedModules.ms,1744946830174000000,1744946890171000000,0
workspaceModel.mutableEntityStorage.changeLog.addReplaceEventForRemovedChild.ms,1744946830174000000,1744946890171000000,0
jps.global.get.libraries.ms,1744946830174000000,1744946890171000000,0
jps.load.initial.state.ms,1744946830174000000,1744946890171000000,0
jps.facet.change.listener.process.change.events.ms,1744946830174000000,1744946890171000000,0
jps.global.get.library.ms,1744946830174000000,1744946890171000000,0
jps.facet.change.listener.before.change.events.ms,1744946830174000000,1744946890171000000,0
workspaceModel.moduleBridge.facet.initialization.ms,1744946830174000000,1744946890171000000,0
jps.artifact.entities.serializer.load.entities.ms,1744946830174000000,1744946890171000000,0
jps.global.initialize.library.bridges.ms,1744946830174000000,1744946890171000000,0
workspaceModel.save.cache.to.file.ms,1744946830174000000,1744946890171000000,0
workspaceModel.mutableEntityStorage.collect.changes.ms,1744946830174000000,1744946890171000000,0
jps.module.iml.entities.serializer.save.entities.ms,1744946830174000000,1744946890171000000,0
jps.global.handle.changed.events.ms,1744946830174000000,1744946890171000000,0
workspaceModel.global.updates.ms,1744946830174000000,1744946890171000000,0
workspaceModel.mutableEntityStorage.referrers.ms,1744946830174000000,1744946890171000000,0
workspaceModel.mutableEntityStorage.changeLog.addReplaceEventForRemovedParent.ms,1744946830174000000,1744946890171000000,0
workspaceModel.moduleManagerBridge.newModule.ms,1744946830174000000,1744946890171000000,0
jps.project.serializers.load.ms,1744946830174000000,1744946890171000000,0
jps.module.iml.entities.serializer.load.entities.ms,1744946830174000000,1744946890171000000,0
workspaceModel.mutableEntityStorage.instances.count,1744946830174000000,1744946890171000000,0
workspaceModel.moduleManagerBridge.load.all.modules.ms,1744946830174000000,1744946890171000000,0
workspaceModel.moduleManagerBridge.new.nonPersistent.module.ms,1744946830174000000,1744946890171000000,0
workspaceModel.global.apply.state.to.project.builder.ms,1744946830174000000,1744946890171000000,0
workspaceModel.global.updates.count,1744946830174000000,1744946890171000000,0
jps.library.entities.serializer.save.entities.ms,1744946830174000000,1744946890171000000,0
workspaceModel.mutableEntityStorage.replace.by.source.ms,1744946830174000000,1744946890171000000,0
workspaceModel.mutableEntityStorage.remove.entity.ms,1744946830174000000,1744946890171000000,0
jps.global.initialize.library.bridges.after.loading.ms,1744946830174000000,1744946890171000000,0
workspaceModel.mutableEntityStorage.modify.entity.ms,1744946830174000000,1744946890171000000,0
workspaceModel.load.cache.metadata.from.file.ms,1744946830174000000,1744946890171000000,0
workspaceModel.mutableEntityStorage.has.same.entities.ms,1744946830174000000,1744946890171000000,0
workspaceModel.mutableEntityStorage.mutable.ext.mapping.ms,1744946830174000000,1744946890171000000,0
jps.reload.project.entities.ms,1744946830174000000,1744946890171000000,0
jps.apply.loaded.storage.ms,1744946830174000000,1744946890171000000,0
workspaceModel.delayed.project.synchronizer.sync.ms,1744946830174000000,1744946890171000000,0
workspaceModel.global.apply.state.to.project.ms,1744946830174000000,1744946890171000000,0
workspaceModel.sync.entities.ms,1744946830174000000,1744946890171000000,0
workspaceModel.mutableEntityStorage.to.snapshot.ms,1744946830174000000,1744946890171000000,0
jps.library.entities.serializer.load.entities.ms,1744946830174000000,1744946890171000000,0
jps.save.changed.project.entities.ms,1744946830174000000,1744946890171000000,0
IndexesFlusher.totalFlushesRetried,1744946830174000000,1744946890171000000,0
Indexing.writer_0.totalTimeSpentWritingMs,1744946830174000000,1744946890171000000,0
Indexing.writesQueuedMin,1744946830174000000,1744946890171000000,9223372036854775807
Indexing.cache.totalCacheAccesses,1744946830174000000,1744946890171000000,0
Indexes.entries.lookupDurationMaxMs,1744946830174000000,1744946890171000000,0.0
Indexes.stubs.lookupDurationMaxMs,1744946830174000000,1744946890171000000,0.0
Indexes.entries.lookupDuration90PMs,1744946830174000000,1744946890171000000,0.0
Indexes.allKeys.lookupDurationMaxMs,1744946830174000000,1744946890171000000,0.0
Indexing.writer_2.totalTimeSpentWritingMs,1744946830174000000,1744946890171000000,0
Indexes.stubs.lookupDuration90PMs,1744946830174000000,1744946890171000000,0.0
Indexes.stubs.lookupDurationAvgMs,1744946830174000000,1744946890171000000,0.0
Indexes.entries.lookups,1744946830174000000,1744946890171000000,0
Indexing.writer_1.totalTimeSpentWritingMs,1744946830174000000,1744946890171000000,0
Indexes.allKeys.lookupDurationAvgMs,1744946830174000000,1744946890171000000,0.0
Indexing.writesQueuedMax,1744946830174000000,1744946890171000000,0
Indexing.cache.totalCacheMisses,1744946830174000000,1744946890171000000,0
IndexesFlusher.totalFlushes,1744946830174000000,1744946890171000000,60
Indexes.stubs.lookups,1744946830174000000,1744946890171000000,0
Indexes.allKeys.lookupDuration90PMs,1744946830174000000,1744946890171000000,0.0
Indexing.cache.totalCacheEvicted,1744946830174000000,1744946890171000000,0
Indexes.allKeys.lookups,1744946830174000000,1744946890171000000,0
IndexesFlusher.totalFlushingTimeUs,1744946830174000000,1744946890171000000,96511
Indexing.writer_3.totalTimeSpentWritingMs,1744946830174000000,1744946890171000000,0
Indexing.totalTimeIndexersSleptMs,1744946830174000000,1744946890171000000,0
Indexes.entries.lookupDurationAvgMs,1744946830174000000,1744946890171000000,0.0
IndexesFlusher.totalContentionQuotaSpent,1744946830174000000,1744946890171000000,0
JVM.totalTimeAtSafepointsMs,1744946830174000000,1744946890171000000,0
JVM.usedNativeBytes,1744946830174000000,1744946890171000000,434222288
OS.loadAverage,1744946830174000000,1744946890171000000,0.09130859375
JVM.maxHeapBytes,1744946830174000000,1744946890171000000,2147483648
JVM.usedHeapBytes,1744946830174000000,1744946890171000000,529944000
JVM.GC.collectionTimesMs,1744946830174000000,1744946890171000000,0
JVM.totalDirectByteBuffersBytes,1744946830174000000,1744946890171000000,159238425
JVM.totalSafepointCount,1744946830174000000,1744946890171000000,2
JVM.totalTimeToSafepointsMs,1744946830174000000,1744946890171000000,3
JVM.maxThreadCount,1744946830174000000,1744946890171000000,132
JVM.totalCpuTimeMs,1744946830174000000,1744946890171000000,4060
JVM.threadCount,1744946830174000000,1744946890171000000,56
JVM.newThreadsCount,1744946830174000000,1744946890171000000,1
JVM.GC.collections,1744946830174000000,1744946890171000000,0
JVM.totalBytesAllocated,1744946830174000000,1744946890171000000,108461560
StreamlinedBlobStorage.recordsAllocated,1744946830174000000,1744946890171000000,0
FileChannelInterruptsRetryer.totalRetriedAttempts,1744946830174000000,1744946890171000000,0
FilePageCacheLockFree.totalBytesRequested,1744946830174000000,1744946890171000000,0
FilePageCacheLockFree.totalPagesRequested,1744946830174000000,1744946890171000000,0
FilePageCache.disposedBuffers,1744946830174000000,1744946890171000000,0
DirectByteBufferAllocator.misses,1744946830174000000,1744946890171000000,0
FilePageCacheLockFree.totalNativeBytesReclaimed,1744946830174000000,1744946890171000000,0
StreamlinedBlobStorage.recordsDeleted,1744946830174000000,1744946890171000000,0
FilePageCache.pageLoadsAboveSizeThreshold,1744946830174000000,1744946890171000000,0
FilePageCache.pageFastCacheHits,1744946830174000000,1744946890171000000,0
FilePageCacheLockFree.housekeeperTurnsSkipped,1744946830174000000,1744946890171000000,0
DirectByteBufferAllocator.totalSizeOfBuffersCachedInBytes,1744946830174000000,1744946890171000000,0
MappedFileStorage.storages,1744946830174000000,1744946890171000000,16
FilePageCache.uncachedFileAccess,1744946830174000000,1744946890171000000,0
MappedFileStorage.totalPagesMapped,1744946830174000000,1744946890171000000,16
FilePageCacheLockFree.totalPagesReclaimed,1744946830174000000,1744946890171000000,0
FilePageCacheLockFree.totalPagesRequestsMs,1744946830174000000,1744946890171000000,0
DirectByteBufferAllocator.reclaimed,1744946830174000000,1744946890171000000,0
FilePageCache.capacityInBytes,1744946830174000000,1744946890171000000,503316478
StorageLockContext.competingThreads.avg,1744946830174000000,1744946890171000000,0.0
FilePageCache.totalPageLoadsUs,1744946830174000000,1744946890171000000,0
MappedFileStorage.totalTimeSpentOnMappingUs,1744946830174000000,1744946890171000000,41443
StorageLockContext.competingThreads.90P,1744946830174000000,1744946890171000000,0
FilePageCacheLockFree.totalBytesWritten,1744946830174000000,1744946890171000000,0
StreamlinedBlobStorage.totalLiveRecordsCapacityBytes,1744946830174000000,1744946890171000000,0
FilePageCache.pageHits,1744946830174000000,1744946890171000000,0
FilePageCacheLockFree.totalPagesHandedOver,1744946830174000000,1744946890171000000,0
FilePageCacheLockFree.totalPagesWritten,1744946830174000000,1744946890171000000,0
FilePageCacheLockFree.totalClosedStoragesReclaimed,1744946830174000000,1744946890171000000,0
FilePageCacheLockFree.totalPagesWriteMs,1744946830174000000,1744946890171000000,0
FilePageCacheLockFree.totalPageAllocationsWaited,1744946830174000000,1744946890171000000,0
FilePageCacheLockFree.nativeBytesInUse,1744946830174000000,1744946890171000000,0
MappedFileStorage.totalBytesMapped,1744946830174000000,1744946890171000000,202637312
DirectByteBufferAllocator.totalSizeOfBuffersAllocatedInBytes,1744946830174000000,1744946890171000000,158474240
StreamlinedBlobStorage.recordsRelocated,1744946830174000000,1744946890171000000,0
StreamlinedBlobStorage.totalLiveRecordsPayloadBytes,1744946830174000000,1744946890171000000,0
FilePageCacheLockFree.totalBytesRead,1744946830174000000,1744946890171000000,0
FilePageCache.totalPageDisposalsUs,1744946830174000000,1744946890171000000,0
FilePageCache.maxRegisteredFiles,1744946830174000000,1744946890171000000,261
DirectByteBufferAllocator.disposed,1744946830174000000,1744946890171000000,0
FilePageCache.pageLoads,1744946830174000000,1744946890171000000,0
FilePageCacheLockFree.totalPagesAllocated,1744946830174000000,1744946890171000000,0
FilePageCacheLockFree.totalHeapBytesReclaimed,1744946830174000000,1744946890171000000,0
FilePageCacheLockFree.heapBytesInUse,1744946830174000000,1744946890171000000,0
FilePageCache.maxCacheSizeInBytes,1744946830174000000,1744946890171000000,158474240
DirectByteBufferAllocator.hits,1744946830174000000,1744946890171000000,0
FilePageCacheLockFree.totalNativeBytesAllocated,1744946830174000000,1744946890171000000,0
FilePageCacheLockFree.totalHeapBytesAllocated,1744946830174000000,1744946890171000000,0
StorageLockContext.competingThreads.max,1744946830174000000,1744946890171000000,0
FilePageCacheLockFree.housekeeperTimeSpentMs,1744946830174000000,1744946890171000000,0
FilePageCacheLockFree.housekeeperTurnsDone,1744946830174000000,1744946890171000000,0
FilePageCacheLockFree.totalPagesReadMs,1744946830174000000,1744946890171000000,0
VFS.invertedFileNameIndex.requests,1744946890171000000,1744946950169000000,0
VFS.contentStorage.recordsDecompressionTimeUs,1744946890171000000,1744946950169000000,0
VFS.contentStorage.recordsUncompressedSize,1744946890171000000,1744946950169000000,0
VFS.fileChildByName,1744946890171000000,1744946950169000000,0
FileNameCache.queries,1744946890171000000,1744946950169000000,0
VFS.contentStorage.recordsRead,1744946890171000000,1744946950169000000,0
VFS.contentStorage.recordsStoredCompressed,1744946890171000000,1744946950169000000,0
VFS.fileByIdCache.hits,1744946890171000000,1744946950169000000,0
VFS.contentStorage.recordsReadDecompressed,1744946890171000000,1744946950169000000,0
VFS.contentStorage.recordsReadSize,1744946890171000000,1744946950169000000,0
VFS.contentStorage.recordsStored,1744946890171000000,1744946950169000000,0
VFS.contentStorage.recordsDeduplicated,1744946890171000000,1744946950169000000,0
FileNameCache.totalMisses,1744946890171000000,1744946950169000000,0
VFS.fileByIdCache.misses,1744946890171000000,1744946950169000000,0
VFS.contentStorage.recordsStoredSize,1744946890171000000,1744946950169000000,0
DiskQueryRelay.taskWaitingTotalTimeUs,1744946890171000000,1744946950169000000,0
DiskQueryRelay.tasksRequested,1744946890171000000,1744946950169000000,0
writeAction.count,1744946890171000000,1744946950169000000,0
writeAction.wait.ms,1744946890171000000,1744946950169000000,0
writeAction.median.wait.ms,1744946890171000000,1744946950169000000,200
DiskQueryRelay.taskExecutionTotalTimeUs,1744946890171000000,1744946950169000000,0
DiskQueryRelay.tasksExecuted,1744946890171000000,1744946950169000000,0
writeAction.max.wait.ms,1744946890171000000,1744946950169000000,96
cacheStateStorage.set.counter,1744946890171000000,1744946950169000000,0
cacheStateStorage.set.duration,1744946890171000000,1744946950169000000,0
cacheStateStorage.get.duration,1744946890171000000,1744946950169000000,0
cacheStateStorage.get.counter,1744946890171000000,1744946950169000000,0
workspaceModel.cachedValueWithParameters.from.cache.count,1744946890171000000,1744946950169000000,0
workspaceModel.update.unloaded.entities.ms,1744946890171000000,1744946950169000000,0
workspaceModel.cachedValueWithParameters.clear.count,1744946890171000000,1744946950169000000,0
workspaceModel.cachedValue.clear.count,1744946890171000000,1744946950169000000,0
workspaceModel.workspaceFileIndexData.visitFileSets.ms,1744946890171000000,1744946950169000000,0
workspaceModel.cachedValue.from.cache.count,1744946890171000000,1744946950169000000,0
workspaceModel.workspaceFileIndexContributor.registerFileSets.ms,1744946890171000000,1744946950169000000,0
workspaceModel.workspaceFileIndexData.init.ms,1744946890171000000,1744946950169000000,0
workspaceModel.pre.handlers.ms,1744946890171000000,1744946950169000000,0
workspaceModel.on.before.changed.ms,1744946890171000000,1744946950169000000,0
workspaceModel.updates.precise.ms,1744946890171000000,1744946950169000000,0
workspaceModel.entityStorageSnapshotImpl.instances.count,1744946890171000000,1744946950169000000,0
workspaceModel.check.recursive.update.ms,1744946890171000000,1744946950169000000,0
workspaceModel.loading.total.ms,1744946890171000000,1744946950169000000,0
workspaceModel.initializing.ms,1744946890171000000,1744946950169000000,0
workspaceModel.cachedValue.calculated.count,1744946890171000000,1744946950169000000,0
workspaceModel.on.changed.ms,1744946890171000000,1744946950169000000,0
workspaceModel.workspaceFileIndexData.processFileSets.ms,1744946890171000000,1744946950169000000,0
workspaceModel.workspaceFileIndexData.getFileInfo.ms,1744946890171000000,1744946950169000000,0
workspaceModel.full.replace.project.model.ms,1744946890171000000,1744946950169000000,0
workspaceModel.cachedValueWithParameters.total.get.count,1744946890171000000,1744946950169000000,0
workspaceModel.workspaceFileIndexData.getDirectoriesByPackageName.ms,1744946890171000000,1744946950169000000,0
workspaceModel.workspaceFileIndexData.updateDirtyEntities.ms,1744946890171000000,1744946950169000000,0
workspaceModel.replace.project.model.ms,1744946890171000000,1744946950169000000,0
workspaceModel.updates.count,1744946890171000000,1744946950169000000,0
workspaceModel.loading.from.cache.ms,1744946890171000000,1744946950169000000,0
workspaceModel.cachedValueWithParameters.calculated.count,1744946890171000000,1744946950169000000,0
workspaceModel.workspaceFileIndexData.instances.count,1744946890171000000,1744946950169000000,0
workspaceModel.workspaceFileIndexData.onEntitiesChanged.ms,1744946890171000000,1744946950169000000,0
workspaceModel.to.snapshot.ms,1744946890171000000,1744946950169000000,0
workspaceModel.workspaceFileIndexData.getPackageName.ms,1744946890171000000,1744946950169000000,0
workspaceModel.collect.changes.ms,1744946890171000000,1744946950169000000,0
workspaceModel.init.bridges.ms,1744946890171000000,1744946950169000000,0
workspaceModel.workspaceFileIndexData.markDirty.ms,1744946890171000000,1744946950169000000,0
workspaceModel.cachedValue.total.get.count,1744946890171000000,1744946950169000000,0
workspaceModel.updates.ms,1744946890171000000,1744946950169000000,0
NonBlockingReadAction.finalizedExecutionTimeUs,1744946890171000000,1744946950169000000,0
FlushQueue.queueSizeAvg,1744946890171000000,1744946950169000000,0.0
NonBlockingReadAction.failedExecutionTimeUs,1744946890171000000,1744946950169000000,0
NonBlockingReadAction.finalizedExecutionsCount,1744946890171000000,1744946950169000000,0
AWTEventQueue.dispatchTimeTotalNS,1744946890171000000,1744946950169000000,148524033
FlushQueue.queueSizeMax,1744946890171000000,1744946950169000000,0
AWTEventQueue.eventsDispatched,1744946890171000000,1744946950169000000,0
FlushQueue.waitingTimeMaxNs,1744946890171000000,1744946950169000000,0
FlushQueue.queueSize90P,1744946890171000000,1744946950169000000,0
FlushQueue.waitingTimeAvgNs,1744946890171000000,1744946950169000000,0.0
FlushQueue.executionTimeAvgNs,1744946890171000000,1744946950169000000,0.0
FlushQueue.executionTimeMaxNs,1744946890171000000,1744946950169000000,0
AWTEventQueue.dispatchTimeAvgNs,1744946890171000000,1744946950169000000,0.0
ReadAction.executionsCount,1744946890171000000,1744946950169000000,12614
NonBlockingReadAction.failedExecutionsCount,1744946890171000000,1744946950169000000,0
FlushQueue.executionTime90PNs,1744946890171000000,1744946950169000000,0
AWTEventQueue.dispatchTime90PNs,1744946890171000000,1744946950169000000,0
FlushQueue.tasksExecuted,1744946890171000000,1744946950169000000,0
WriteAction.executionsCount,1744946890171000000,1744946950169000000,0
AWTEventQueue.dispatchTimeMaxNs,1744946890171000000,1744946950169000000,0
FlushQueue.waitingTime90PNs,1744946890171000000,1744946950169000000,0
workspaceModel.do.save.caches.ms,1744946890171000000,1744946950169000000,0
workspaceModel.moduleManagerBridge.load.module.ms,1744946890171000000,1744946950169000000,0
workspaceModel.mutableEntityStorage.put.entity.ms,1744946890171000000,1744946950169000000,0
workspaceModel.load.cache.from.file.ms,1744946890171000000,1744946950169000000,0
jps.global.get.library.by.name.ms,1744946890171000000,1744946950169000000,0
workspaceModel.mutableEntityStorage.add.entity.ms,1744946890171000000,1744946950169000000,0
workspaceModel.mutableEntityStorage.entities.by.source.ms,1744946890171000000,1744946950169000000,0
jps.global.handle.before.change.events.ms,1744946890171000000,1744946950169000000,0
jps.artifact.entities.serializer.save.entities.ms,1744946890171000000,1744946950169000000,0
jps.module.dependency.index.workspace.model.listener.on.changed.ms,1744946890171000000,1744946950169000000,0
workspaceModel.moduleBridge.before.changed.ms,1744946890171000000,1744946950169000000,0
workspaceModel.moduleManagerBridge.build.module.graph.ms,1744946890171000000,1744946950169000000,0
jps.project.serializers.save.ms,1744946890171000000,1744946950169000000,0
workspaceModel.mutableEntityStorage.changeLog.addReplaceEventForNewParent.ms,1744946890171000000,1744946950169000000,0
jps.app.storage.content.writer.save.component.ms,1744946890171000000,1744946950169000000,0
workspaceModel.mutableEntityStorage.resolve.ms,1744946890171000000,1744946950169000000,0
jps.save.global.entities.ms,1744946890171000000,1744946950169000000,0
workspaceModel.moduleManagerBridge.get.modules.ms,1744946890171000000,1744946950169000000,0
workspaceModel.moduleBridgeLoader.loading.modules.ms,1744946890171000000,1744946950169000000,0
jps.storage.jps.conf.reader.load.component.ms,1744946890171000000,1744946950169000000,0
workspaceModel.mutableEntityStorage.entities.ms,1744946890171000000,1744946950169000000,0
jps.facet.change.listener.init.bridge.ms,1744946890171000000,1744946950169000000,0
workspaceModel.mutableEntityStorage.changeLog.addReplaceEventForNewChild.ms,1744946890171000000,1744946950169000000,0
workspaceModel.moduleManagerBridge.create.module.instance.ms,1744946890171000000,1744946950169000000,0
jps.load.project.to.empty.storage.ms,1744946890171000000,1744946950169000000,0
workspaceModel.mutableEntityStorage.mutable.vfurl.index.ms,1744946890171000000,1744946950169000000,0
workspaceModel.moduleBridge.update.option.ms,1744946890171000000,1744946950169000000,0
jps.app.storage.content.reader.load.component.ms,1744946890171000000,1744946950169000000,0
workspaceModel.mutableEntityStorage.apply.changes.from.ms,1744946890171000000,1744946950169000000,0
workspaceModel.orphan.listener.update.ms,1744946890171000000,1744946950169000000,0
workspaceModel.moduleManagerBridge.set.unloadedModules.ms,1744946890171000000,1744946950169000000,0
workspaceModel.mutableEntityStorage.changeLog.addReplaceEventForRemovedChild.ms,1744946890171000000,1744946950169000000,0
jps.global.get.libraries.ms,1744946890171000000,1744946950169000000,0
jps.load.initial.state.ms,1744946890171000000,1744946950169000000,0
jps.facet.change.listener.process.change.events.ms,1744946890171000000,1744946950169000000,0
jps.global.get.library.ms,1744946890171000000,1744946950169000000,0
jps.facet.change.listener.before.change.events.ms,1744946890171000000,1744946950169000000,0
workspaceModel.moduleBridge.facet.initialization.ms,1744946890171000000,1744946950169000000,0
jps.artifact.entities.serializer.load.entities.ms,1744946890171000000,1744946950169000000,0
jps.global.initialize.library.bridges.ms,1744946890171000000,1744946950169000000,0
workspaceModel.save.cache.to.file.ms,1744946890171000000,1744946950169000000,0
workspaceModel.mutableEntityStorage.collect.changes.ms,1744946890171000000,1744946950169000000,0
jps.module.iml.entities.serializer.save.entities.ms,1744946890171000000,1744946950169000000,0
jps.global.handle.changed.events.ms,1744946890171000000,1744946950169000000,0
workspaceModel.global.updates.ms,1744946890171000000,1744946950169000000,0
workspaceModel.mutableEntityStorage.referrers.ms,1744946890171000000,1744946950169000000,0
workspaceModel.mutableEntityStorage.changeLog.addReplaceEventForRemovedParent.ms,1744946890171000000,1744946950169000000,0
workspaceModel.moduleManagerBridge.newModule.ms,1744946890171000000,1744946950169000000,0
jps.project.serializers.load.ms,1744946890171000000,1744946950169000000,0
jps.module.iml.entities.serializer.load.entities.ms,1744946890171000000,1744946950169000000,0
workspaceModel.mutableEntityStorage.instances.count,1744946890171000000,1744946950169000000,0
workspaceModel.moduleManagerBridge.load.all.modules.ms,1744946890171000000,1744946950169000000,0
workspaceModel.moduleManagerBridge.new.nonPersistent.module.ms,1744946890171000000,1744946950169000000,0
workspaceModel.global.apply.state.to.project.builder.ms,1744946890171000000,1744946950169000000,0
workspaceModel.global.updates.count,1744946890171000000,1744946950169000000,0
jps.library.entities.serializer.save.entities.ms,1744946890171000000,1744946950169000000,0
workspaceModel.mutableEntityStorage.replace.by.source.ms,1744946890171000000,1744946950169000000,0
workspaceModel.mutableEntityStorage.remove.entity.ms,1744946890171000000,1744946950169000000,0
jps.global.initialize.library.bridges.after.loading.ms,1744946890171000000,1744946950169000000,0
workspaceModel.mutableEntityStorage.modify.entity.ms,1744946890171000000,1744946950169000000,0
workspaceModel.load.cache.metadata.from.file.ms,1744946890171000000,1744946950169000000,0
workspaceModel.mutableEntityStorage.has.same.entities.ms,1744946890171000000,1744946950169000000,0
workspaceModel.mutableEntityStorage.mutable.ext.mapping.ms,1744946890171000000,1744946950169000000,0
jps.reload.project.entities.ms,1744946890171000000,1744946950169000000,0
jps.apply.loaded.storage.ms,1744946890171000000,1744946950169000000,0
workspaceModel.delayed.project.synchronizer.sync.ms,1744946890171000000,1744946950169000000,0
workspaceModel.global.apply.state.to.project.ms,1744946890171000000,1744946950169000000,0
workspaceModel.sync.entities.ms,1744946890171000000,1744946950169000000,0
workspaceModel.mutableEntityStorage.to.snapshot.ms,1744946890171000000,1744946950169000000,0
jps.library.entities.serializer.load.entities.ms,1744946890171000000,1744946950169000000,0
jps.save.changed.project.entities.ms,1744946890171000000,1744946950169000000,0
IndexesFlusher.totalFlushesRetried,1744946890171000000,1744946950169000000,0
Indexing.writer_0.totalTimeSpentWritingMs,1744946890171000000,1744946950169000000,0
Indexing.writesQueuedMin,1744946890171000000,1744946950169000000,9223372036854775807
Indexing.cache.totalCacheAccesses,1744946890171000000,1744946950169000000,0
Indexes.entries.lookupDurationMaxMs,1744946890171000000,1744946950169000000,0.0
Indexes.stubs.lookupDurationMaxMs,1744946890171000000,1744946950169000000,0.0
Indexes.entries.lookupDuration90PMs,1744946890171000000,1744946950169000000,0.0
Indexes.allKeys.lookupDurationMaxMs,1744946890171000000,1744946950169000000,0.0
Indexing.writer_2.totalTimeSpentWritingMs,1744946890171000000,1744946950169000000,0
Indexes.stubs.lookupDuration90PMs,1744946890171000000,1744946950169000000,0.0
Indexes.stubs.lookupDurationAvgMs,1744946890171000000,1744946950169000000,0.0
Indexes.entries.lookups,1744946890171000000,1744946950169000000,0
Indexing.writer_1.totalTimeSpentWritingMs,1744946890171000000,1744946950169000000,0
Indexes.allKeys.lookupDurationAvgMs,1744946890171000000,1744946950169000000,0.0
Indexing.writesQueuedMax,1744946890171000000,1744946950169000000,0
Indexing.cache.totalCacheMisses,1744946890171000000,1744946950169000000,0
IndexesFlusher.totalFlushes,1744946890171000000,1744946950169000000,59
Indexes.stubs.lookups,1744946890171000000,1744946950169000000,0
Indexes.allKeys.lookupDuration90PMs,1744946890171000000,1744946950169000000,0.0
Indexing.cache.totalCacheEvicted,1744946890171000000,1744946950169000000,0
Indexes.allKeys.lookups,1744946890171000000,1744946950169000000,0
IndexesFlusher.totalFlushingTimeUs,1744946890171000000,1744946950169000000,92965
Indexing.writer_3.totalTimeSpentWritingMs,1744946890171000000,1744946950169000000,0
Indexing.totalTimeIndexersSleptMs,1744946890171000000,1744946950169000000,0
Indexes.entries.lookupDurationAvgMs,1744946890171000000,1744946950169000000,0.0
IndexesFlusher.totalContentionQuotaSpent,1744946890171000000,1744946950169000000,0
JVM.totalTimeAtSafepointsMs,1744946890171000000,1744946950169000000,1
JVM.usedNativeBytes,1744946890171000000,1744946950169000000,434324912
OS.loadAverage,1744946890171000000,1744946950169000000,0.0322265625
JVM.maxHeapBytes,1744946890171000000,1744946950169000000,2147483648
JVM.usedHeapBytes,1744946890171000000,1744946950169000000,545672640
JVM.GC.collectionTimesMs,1744946890171000000,1744946950169000000,0
JVM.totalDirectByteBuffersBytes,1744946890171000000,1744946950169000000,159075723
JVM.totalSafepointCount,1744946890171000000,1744946950169000000,4
JVM.totalTimeToSafepointsMs,1744946890171000000,1744946950169000000,0
JVM.maxThreadCount,1744946890171000000,1744946950169000000,132
JVM.totalCpuTimeMs,1744946890171000000,1744946950169000000,990
JVM.threadCount,1744946890171000000,1744946950169000000,42
JVM.newThreadsCount,1744946890171000000,1744946950169000000,0
JVM.GC.collections,1744946890171000000,1744946950169000000,0
JVM.totalBytesAllocated,1744946890171000000,1744946950169000000,15622064
StreamlinedBlobStorage.recordsAllocated,1744946890171000000,1744946950169000000,0
FileChannelInterruptsRetryer.totalRetriedAttempts,1744946890171000000,1744946950169000000,0
FilePageCacheLockFree.totalBytesRequested,1744946890171000000,1744946950169000000,0
FilePageCacheLockFree.totalPagesRequested,1744946890171000000,1744946950169000000,0
FilePageCache.disposedBuffers,1744946890171000000,1744946950169000000,0
DirectByteBufferAllocator.misses,1744946890171000000,1744946950169000000,0
FilePageCacheLockFree.totalNativeBytesReclaimed,1744946890171000000,1744946950169000000,0
StreamlinedBlobStorage.recordsDeleted,1744946890171000000,1744946950169000000,0
FilePageCache.pageLoadsAboveSizeThreshold,1744946890171000000,1744946950169000000,0
FilePageCache.pageFastCacheHits,1744946890171000000,1744946950169000000,0
FilePageCacheLockFree.housekeeperTurnsSkipped,1744946890171000000,1744946950169000000,0
DirectByteBufferAllocator.totalSizeOfBuffersCachedInBytes,1744946890171000000,1744946950169000000,0
MappedFileStorage.storages,1744946890171000000,1744946950169000000,16
FilePageCache.uncachedFileAccess,1744946890171000000,1744946950169000000,0
MappedFileStorage.totalPagesMapped,1744946890171000000,1744946950169000000,16
FilePageCacheLockFree.totalPagesReclaimed,1744946890171000000,1744946950169000000,0
FilePageCacheLockFree.totalPagesRequestsMs,1744946890171000000,1744946950169000000,0
DirectByteBufferAllocator.reclaimed,1744946890171000000,1744946950169000000,0
FilePageCache.capacityInBytes,1744946890171000000,1744946950169000000,503316478
StorageLockContext.competingThreads.avg,1744946890171000000,1744946950169000000,0.0
FilePageCache.totalPageLoadsUs,1744946890171000000,1744946950169000000,0
MappedFileStorage.totalTimeSpentOnMappingUs,1744946890171000000,1744946950169000000,41443
StorageLockContext.competingThreads.90P,1744946890171000000,1744946950169000000,0
FilePageCacheLockFree.totalBytesWritten,1744946890171000000,1744946950169000000,0
StreamlinedBlobStorage.totalLiveRecordsCapacityBytes,1744946890171000000,1744946950169000000,0
FilePageCache.pageHits,1744946890171000000,1744946950169000000,0
FilePageCacheLockFree.totalPagesHandedOver,1744946890171000000,1744946950169000000,0
FilePageCacheLockFree.totalPagesWritten,1744946890171000000,1744946950169000000,0
FilePageCacheLockFree.totalClosedStoragesReclaimed,1744946890171000000,1744946950169000000,0
FilePageCacheLockFree.totalPagesWriteMs,1744946890171000000,1744946950169000000,0
FilePageCacheLockFree.totalPageAllocationsWaited,1744946890171000000,1744946950169000000,0
FilePageCacheLockFree.nativeBytesInUse,1744946890171000000,1744946950169000000,0
MappedFileStorage.totalBytesMapped,1744946890171000000,1744946950169000000,202637312
DirectByteBufferAllocator.totalSizeOfBuffersAllocatedInBytes,1744946890171000000,1744946950169000000,158474240
StreamlinedBlobStorage.recordsRelocated,1744946890171000000,1744946950169000000,0
StreamlinedBlobStorage.totalLiveRecordsPayloadBytes,1744946890171000000,1744946950169000000,0
FilePageCacheLockFree.totalBytesRead,1744946890171000000,1744946950169000000,0
FilePageCache.totalPageDisposalsUs,1744946890171000000,1744946950169000000,0
FilePageCache.maxRegisteredFiles,1744946890171000000,1744946950169000000,261
DirectByteBufferAllocator.disposed,1744946890171000000,1744946950169000000,0
FilePageCache.pageLoads,1744946890171000000,1744946950169000000,0
FilePageCacheLockFree.totalPagesAllocated,1744946890171000000,1744946950169000000,0
FilePageCacheLockFree.totalHeapBytesReclaimed,1744946890171000000,1744946950169000000,0
FilePageCacheLockFree.heapBytesInUse,1744946890171000000,1744946950169000000,0
FilePageCache.maxCacheSizeInBytes,1744946890171000000,1744946950169000000,158474240
DirectByteBufferAllocator.hits,1744946890171000000,1744946950169000000,0
FilePageCacheLockFree.totalNativeBytesAllocated,1744946890171000000,1744946950169000000,0
FilePageCacheLockFree.totalHeapBytesAllocated,1744946890171000000,1744946950169000000,0
StorageLockContext.competingThreads.max,1744946890171000000,1744946950169000000,0
FilePageCacheLockFree.housekeeperTimeSpentMs,1744946890171000000,1744946950169000000,0
FilePageCacheLockFree.housekeeperTurnsDone,1744946890171000000,1744946950169000000,0
FilePageCacheLockFree.totalPagesReadMs,1744946890171000000,1744946950169000000,0
VFS.invertedFileNameIndex.requests,1744946950169000000,1744947010170000000,0
VFS.contentStorage.recordsDecompressionTimeUs,1744946950169000000,1744947010170000000,0
VFS.contentStorage.recordsUncompressedSize,1744946950169000000,1744947010170000000,0
VFS.fileChildByName,1744946950169000000,1744947010170000000,28
FileNameCache.queries,1744946950169000000,1744947010170000000,576
VFS.contentStorage.recordsRead,1744946950169000000,1744947010170000000,0
VFS.contentStorage.recordsStoredCompressed,1744946950169000000,1744947010170000000,0
VFS.fileByIdCache.hits,1744946950169000000,1744947010170000000,0
VFS.contentStorage.recordsReadDecompressed,1744946950169000000,1744947010170000000,0
VFS.contentStorage.recordsReadSize,1744946950169000000,1744947010170000000,0
VFS.contentStorage.recordsStored,1744946950169000000,1744947010170000000,0
VFS.contentStorage.recordsDeduplicated,1744946950169000000,1744947010170000000,0
FileNameCache.totalMisses,1744946950169000000,1744947010170000000,0
VFS.fileByIdCache.misses,1744946950169000000,1744947010170000000,0
VFS.contentStorage.recordsStoredSize,1744946950169000000,1744947010170000000,0
DiskQueryRelay.taskWaitingTotalTimeUs,1744946950169000000,1744947010170000000,0
DiskQueryRelay.tasksRequested,1744946950169000000,1744947010170000000,0
writeAction.count,1744946950169000000,1744947010170000000,0
writeAction.wait.ms,1744946950169000000,1744947010170000000,0
writeAction.median.wait.ms,1744946950169000000,1744947010170000000,200
DiskQueryRelay.taskExecutionTotalTimeUs,1744946950169000000,1744947010170000000,0
DiskQueryRelay.tasksExecuted,1744946950169000000,1744947010170000000,0
writeAction.max.wait.ms,1744946950169000000,1744947010170000000,96
cacheStateStorage.set.counter,1744946950169000000,1744947010170000000,0
cacheStateStorage.set.duration,1744946950169000000,1744947010170000000,0
cacheStateStorage.get.duration,1744946950169000000,1744947010170000000,0
cacheStateStorage.get.counter,1744946950169000000,1744947010170000000,0
workspaceModel.cachedValueWithParameters.from.cache.count,1744946950169000000,1744947010170000000,0
workspaceModel.update.unloaded.entities.ms,1744946950169000000,1744947010170000000,0
workspaceModel.cachedValueWithParameters.clear.count,1744946950169000000,1744947010170000000,0
workspaceModel.cachedValue.clear.count,1744946950169000000,1744947010170000000,0
workspaceModel.workspaceFileIndexData.visitFileSets.ms,1744946950169000000,1744947010170000000,0
workspaceModel.cachedValue.from.cache.count,1744946950169000000,1744947010170000000,1
workspaceModel.workspaceFileIndexContributor.registerFileSets.ms,1744946950169000000,1744947010170000000,0
workspaceModel.workspaceFileIndexData.init.ms,1744946950169000000,1744947010170000000,0
workspaceModel.pre.handlers.ms,1744946950169000000,1744947010170000000,0
workspaceModel.on.before.changed.ms,1744946950169000000,1744947010170000000,0
workspaceModel.updates.precise.ms,1744946950169000000,1744947010170000000,0
workspaceModel.entityStorageSnapshotImpl.instances.count,1744946950169000000,1744947010170000000,0
workspaceModel.check.recursive.update.ms,1744946950169000000,1744947010170000000,0
workspaceModel.loading.total.ms,1744946950169000000,1744947010170000000,0
workspaceModel.initializing.ms,1744946950169000000,1744947010170000000,0
workspaceModel.cachedValue.calculated.count,1744946950169000000,1744947010170000000,0
workspaceModel.on.changed.ms,1744946950169000000,1744947010170000000,0
workspaceModel.workspaceFileIndexData.processFileSets.ms,1744946950169000000,1744947010170000000,0
workspaceModel.workspaceFileIndexData.getFileInfo.ms,1744946950169000000,1744947010170000000,5
workspaceModel.full.replace.project.model.ms,1744946950169000000,1744947010170000000,0
workspaceModel.cachedValueWithParameters.total.get.count,1744946950169000000,1744947010170000000,0
workspaceModel.workspaceFileIndexData.getDirectoriesByPackageName.ms,1744946950169000000,1744947010170000000,0
workspaceModel.workspaceFileIndexData.updateDirtyEntities.ms,1744946950169000000,1744947010170000000,0
workspaceModel.replace.project.model.ms,1744946950169000000,1744947010170000000,0
workspaceModel.updates.count,1744946950169000000,1744947010170000000,0
workspaceModel.loading.from.cache.ms,1744946950169000000,1744947010170000000,0
workspaceModel.cachedValueWithParameters.calculated.count,1744946950169000000,1744947010170000000,0
workspaceModel.workspaceFileIndexData.instances.count,1744946950169000000,1744947010170000000,0
workspaceModel.workspaceFileIndexData.onEntitiesChanged.ms,1744946950169000000,1744947010170000000,0
workspaceModel.to.snapshot.ms,1744946950169000000,1744947010170000000,0
workspaceModel.workspaceFileIndexData.getPackageName.ms,1744946950169000000,1744947010170000000,0
workspaceModel.collect.changes.ms,1744946950169000000,1744947010170000000,0
workspaceModel.init.bridges.ms,1744946950169000000,1744947010170000000,0
workspaceModel.workspaceFileIndexData.markDirty.ms,1744946950169000000,1744947010170000000,0
workspaceModel.cachedValue.total.get.count,1744946950169000000,1744947010170000000,1
workspaceModel.updates.ms,1744946950169000000,1744947010170000000,0
NonBlockingReadAction.finalizedExecutionTimeUs,1744946950169000000,1744947010170000000,1107
FlushQueue.queueSizeAvg,1744946950169000000,1744947010170000000,0.0
NonBlockingReadAction.failedExecutionTimeUs,1744946950169000000,1744947010170000000,0
NonBlockingReadAction.finalizedExecutionsCount,1744946950169000000,1744947010170000000,2
AWTEventQueue.dispatchTimeTotalNS,1744946950169000000,1744947010170000000,146578002
FlushQueue.queueSizeMax,1744946950169000000,1744947010170000000,0
AWTEventQueue.eventsDispatched,1744946950169000000,1744947010170000000,0
FlushQueue.waitingTimeMaxNs,1744946950169000000,1744947010170000000,0
FlushQueue.queueSize90P,1744946950169000000,1744947010170000000,0
FlushQueue.waitingTimeAvgNs,1744946950169000000,1744947010170000000,0.0
FlushQueue.executionTimeAvgNs,1744946950169000000,1744947010170000000,0.0
FlushQueue.executionTimeMaxNs,1744946950169000000,1744947010170000000,0
AWTEventQueue.dispatchTimeAvgNs,1744946950169000000,1744947010170000000,0.0
ReadAction.executionsCount,1744946950169000000,1744947010170000000,30941
NonBlockingReadAction.failedExecutionsCount,1744946950169000000,1744947010170000000,0
FlushQueue.executionTime90PNs,1744946950169000000,1744947010170000000,0
AWTEventQueue.dispatchTime90PNs,1744946950169000000,1744947010170000000,0
FlushQueue.tasksExecuted,1744946950169000000,1744947010170000000,0
WriteAction.executionsCount,1744946950169000000,1744947010170000000,0
AWTEventQueue.dispatchTimeMaxNs,1744946950169000000,1744947010170000000,0
FlushQueue.waitingTime90PNs,1744946950169000000,1744947010170000000,0
workspaceModel.do.save.caches.ms,1744946950169000000,1744947010170000000,0
workspaceModel.moduleManagerBridge.load.module.ms,1744946950169000000,1744947010170000000,0
workspaceModel.mutableEntityStorage.put.entity.ms,1744946950169000000,1744947010170000000,0
workspaceModel.load.cache.from.file.ms,1744946950169000000,1744947010170000000,0
jps.global.get.library.by.name.ms,1744946950169000000,1744947010170000000,0
workspaceModel.mutableEntityStorage.add.entity.ms,1744946950169000000,1744947010170000000,0
workspaceModel.mutableEntityStorage.entities.by.source.ms,1744946950169000000,1744947010170000000,0
jps.global.handle.before.change.events.ms,1744946950169000000,1744947010170000000,0
jps.artifact.entities.serializer.save.entities.ms,1744946950169000000,1744947010170000000,0
jps.module.dependency.index.workspace.model.listener.on.changed.ms,1744946950169000000,1744947010170000000,0
workspaceModel.moduleBridge.before.changed.ms,1744946950169000000,1744947010170000000,0
workspaceModel.moduleManagerBridge.build.module.graph.ms,1744946950169000000,1744947010170000000,0
jps.project.serializers.save.ms,1744946950169000000,1744947010170000000,0
workspaceModel.mutableEntityStorage.changeLog.addReplaceEventForNewParent.ms,1744946950169000000,1744947010170000000,0
jps.app.storage.content.writer.save.component.ms,1744946950169000000,1744947010170000000,0
workspaceModel.mutableEntityStorage.resolve.ms,1744946950169000000,1744947010170000000,0
jps.save.global.entities.ms,1744946950169000000,1744947010170000000,0
workspaceModel.moduleManagerBridge.get.modules.ms,1744946950169000000,1744947010170000000,0
workspaceModel.moduleBridgeLoader.loading.modules.ms,1744946950169000000,1744947010170000000,0
jps.storage.jps.conf.reader.load.component.ms,1744946950169000000,1744947010170000000,0
workspaceModel.mutableEntityStorage.entities.ms,1744946950169000000,1744947010170000000,0
jps.facet.change.listener.init.bridge.ms,1744946950169000000,1744947010170000000,0
workspaceModel.mutableEntityStorage.changeLog.addReplaceEventForNewChild.ms,1744946950169000000,1744947010170000000,0
workspaceModel.moduleManagerBridge.create.module.instance.ms,1744946950169000000,1744947010170000000,0
jps.load.project.to.empty.storage.ms,1744946950169000000,1744947010170000000,0
workspaceModel.mutableEntityStorage.mutable.vfurl.index.ms,1744946950169000000,1744947010170000000,0
workspaceModel.moduleBridge.update.option.ms,1744946950169000000,1744947010170000000,0
jps.app.storage.content.reader.load.component.ms,1744946950169000000,1744947010170000000,0
workspaceModel.mutableEntityStorage.apply.changes.from.ms,1744946950169000000,1744947010170000000,0
workspaceModel.orphan.listener.update.ms,1744946950169000000,1744947010170000000,0
workspaceModel.moduleManagerBridge.set.unloadedModules.ms,1744946950169000000,1744947010170000000,0
workspaceModel.mutableEntityStorage.changeLog.addReplaceEventForRemovedChild.ms,1744946950169000000,1744947010170000000,0
jps.global.get.libraries.ms,1744946950169000000,1744947010170000000,0
jps.load.initial.state.ms,1744946950169000000,1744947010170000000,0
jps.facet.change.listener.process.change.events.ms,1744946950169000000,1744947010170000000,0
jps.global.get.library.ms,1744946950169000000,1744947010170000000,0
jps.facet.change.listener.before.change.events.ms,1744946950169000000,1744947010170000000,0
workspaceModel.moduleBridge.facet.initialization.ms,1744946950169000000,1744947010170000000,0
jps.artifact.entities.serializer.load.entities.ms,1744946950169000000,1744947010170000000,0
jps.global.initialize.library.bridges.ms,1744946950169000000,1744947010170000000,0
workspaceModel.save.cache.to.file.ms,1744946950169000000,1744947010170000000,0
workspaceModel.mutableEntityStorage.collect.changes.ms,1744946950169000000,1744947010170000000,0
jps.module.iml.entities.serializer.save.entities.ms,1744946950169000000,1744947010170000000,0
jps.global.handle.changed.events.ms,1744946950169000000,1744947010170000000,0
workspaceModel.global.updates.ms,1744946950169000000,1744947010170000000,0
workspaceModel.mutableEntityStorage.referrers.ms,1744946950169000000,1744947010170000000,0
workspaceModel.mutableEntityStorage.changeLog.addReplaceEventForRemovedParent.ms,1744946950169000000,1744947010170000000,0
workspaceModel.moduleManagerBridge.newModule.ms,1744946950169000000,1744947010170000000,0
jps.project.serializers.load.ms,1744946950169000000,1744947010170000000,0
jps.module.iml.entities.serializer.load.entities.ms,1744946950169000000,1744947010170000000,0
workspaceModel.mutableEntityStorage.instances.count,1744946950169000000,1744947010170000000,0
workspaceModel.moduleManagerBridge.load.all.modules.ms,1744946950169000000,1744947010170000000,0
workspaceModel.moduleManagerBridge.new.nonPersistent.module.ms,1744946950169000000,1744947010170000000,0
workspaceModel.global.apply.state.to.project.builder.ms,1744946950169000000,1744947010170000000,0
workspaceModel.global.updates.count,1744946950169000000,1744947010170000000,0
jps.library.entities.serializer.save.entities.ms,1744946950169000000,1744947010170000000,0
workspaceModel.mutableEntityStorage.replace.by.source.ms,1744946950169000000,1744947010170000000,0
workspaceModel.mutableEntityStorage.remove.entity.ms,1744946950169000000,1744947010170000000,0
jps.global.initialize.library.bridges.after.loading.ms,1744946950169000000,1744947010170000000,0
workspaceModel.mutableEntityStorage.modify.entity.ms,1744946950169000000,1744947010170000000,0
workspaceModel.load.cache.metadata.from.file.ms,1744946950169000000,1744947010170000000,0
workspaceModel.mutableEntityStorage.has.same.entities.ms,1744946950169000000,1744947010170000000,0
workspaceModel.mutableEntityStorage.mutable.ext.mapping.ms,1744946950169000000,1744947010170000000,0
jps.reload.project.entities.ms,1744946950169000000,1744947010170000000,0
jps.apply.loaded.storage.ms,1744946950169000000,1744947010170000000,0
workspaceModel.delayed.project.synchronizer.sync.ms,1744946950169000000,1744947010170000000,0
workspaceModel.global.apply.state.to.project.ms,1744946950169000000,1744947010170000000,0
workspaceModel.sync.entities.ms,1744946950169000000,1744947010170000000,0
workspaceModel.mutableEntityStorage.to.snapshot.ms,1744946950169000000,1744947010170000000,0
jps.library.entities.serializer.load.entities.ms,1744946950169000000,1744947010170000000,0
jps.save.changed.project.entities.ms,1744946950169000000,1744947010170000000,0
IndexesFlusher.totalFlushesRetried,1744946950169000000,1744947010170000000,0
Indexing.writer_0.totalTimeSpentWritingMs,1744946950169000000,1744947010170000000,0
Indexing.writesQueuedMin,1744946950169000000,1744947010170000000,9223372036854775807
Indexing.cache.totalCacheAccesses,1744946950169000000,1744947010170000000,0
Indexes.entries.lookupDurationMaxMs,1744946950169000000,1744947010170000000,0.0
Indexes.stubs.lookupDurationMaxMs,1744946950169000000,1744947010170000000,0.0
Indexes.entries.lookupDuration90PMs,1744946950169000000,1744947010170000000,0.0
Indexes.allKeys.lookupDurationMaxMs,1744946950169000000,1744947010170000000,0.0
Indexing.writer_2.totalTimeSpentWritingMs,1744946950169000000,1744947010170000000,0
Indexes.stubs.lookupDuration90PMs,1744946950169000000,1744947010170000000,0.0
Indexes.stubs.lookupDurationAvgMs,1744946950169000000,1744947010170000000,0.0
Indexes.entries.lookups,1744946950169000000,1744947010170000000,0
Indexing.writer_1.totalTimeSpentWritingMs,1744946950169000000,1744947010170000000,0
Indexes.allKeys.lookupDurationAvgMs,1744946950169000000,1744947010170000000,0.0
Indexing.writesQueuedMax,1744946950169000000,1744947010170000000,0
Indexing.cache.totalCacheMisses,1744946950169000000,1744947010170000000,0
IndexesFlusher.totalFlushes,1744946950169000000,1744947010170000000,60
Indexes.stubs.lookups,1744946950169000000,1744947010170000000,0
Indexes.allKeys.lookupDuration90PMs,1744946950169000000,1744947010170000000,0.0
Indexing.cache.totalCacheEvicted,1744946950169000000,1744947010170000000,0
Indexes.allKeys.lookups,1744946950169000000,1744947010170000000,0
IndexesFlusher.totalFlushingTimeUs,1744946950169000000,1744947010170000000,94894
Indexing.writer_3.totalTimeSpentWritingMs,1744946950169000000,1744947010170000000,0
Indexing.totalTimeIndexersSleptMs,1744946950169000000,1744947010170000000,0
Indexes.entries.lookupDurationAvgMs,1744946950169000000,1744947010170000000,0.0
IndexesFlusher.totalContentionQuotaSpent,1744946950169000000,1744947010170000000,0
JVM.totalTimeAtSafepointsMs,1744946950169000000,1744947010170000000,0
JVM.usedNativeBytes,1744946950169000000,1744947010170000000,434467784
OS.loadAverage,1744946950169000000,1744947010170000000,0.044921875
JVM.maxHeapBytes,1744946950169000000,1744947010170000000,2147483648
JVM.usedHeapBytes,1744946950169000000,1744947010170000000,566644160
JVM.GC.collectionTimesMs,1744946950169000000,1744947010170000000,0
JVM.totalDirectByteBuffersBytes,1744946950169000000,1744947010170000000,159075723
JVM.totalSafepointCount,1744946950169000000,1744947010170000000,4
JVM.totalTimeToSafepointsMs,1744946950169000000,1744947010170000000,1
JVM.maxThreadCount,1744946950169000000,1744947010170000000,132
JVM.totalCpuTimeMs,1744946950169000000,1744947010170000000,1090
JVM.threadCount,1744946950169000000,1744947010170000000,42
JVM.newThreadsCount,1744946950169000000,1744947010170000000,1
JVM.GC.collections,1744946950169000000,1744947010170000000,0
JVM.totalBytesAllocated,1744946950169000000,1744947010170000000,20723088
StreamlinedBlobStorage.recordsAllocated,1744946950169000000,1744947010170000000,0
FileChannelInterruptsRetryer.totalRetriedAttempts,1744946950169000000,1744947010170000000,0
FilePageCacheLockFree.totalBytesRequested,1744946950169000000,1744947010170000000,0
FilePageCacheLockFree.totalPagesRequested,1744946950169000000,1744947010170000000,0
FilePageCache.disposedBuffers,1744946950169000000,1744947010170000000,0
DirectByteBufferAllocator.misses,1744946950169000000,1744947010170000000,0
FilePageCacheLockFree.totalNativeBytesReclaimed,1744946950169000000,1744947010170000000,0
StreamlinedBlobStorage.recordsDeleted,1744946950169000000,1744947010170000000,0
FilePageCache.pageLoadsAboveSizeThreshold,1744946950169000000,1744947010170000000,0
FilePageCache.pageFastCacheHits,1744946950169000000,1744947010170000000,0
FilePageCacheLockFree.housekeeperTurnsSkipped,1744946950169000000,1744947010170000000,0
DirectByteBufferAllocator.totalSizeOfBuffersCachedInBytes,1744946950169000000,1744947010170000000,0
MappedFileStorage.storages,1744946950169000000,1744947010170000000,16
FilePageCache.uncachedFileAccess,1744946950169000000,1744947010170000000,0
MappedFileStorage.totalPagesMapped,1744946950169000000,1744947010170000000,16
FilePageCacheLockFree.totalPagesReclaimed,1744946950169000000,1744947010170000000,0
FilePageCacheLockFree.totalPagesRequestsMs,1744946950169000000,1744947010170000000,0
DirectByteBufferAllocator.reclaimed,1744946950169000000,1744947010170000000,0
FilePageCache.capacityInBytes,1744946950169000000,1744947010170000000,503316478
StorageLockContext.competingThreads.avg,1744946950169000000,1744947010170000000,0.0
FilePageCache.totalPageLoadsUs,1744946950169000000,1744947010170000000,0
MappedFileStorage.totalTimeSpentOnMappingUs,1744946950169000000,1744947010170000000,41443
StorageLockContext.competingThreads.90P,1744946950169000000,1744947010170000000,0
FilePageCacheLockFree.totalBytesWritten,1744946950169000000,1744947010170000000,0
StreamlinedBlobStorage.totalLiveRecordsCapacityBytes,1744946950169000000,1744947010170000000,0
FilePageCache.pageHits,1744946950169000000,1744947010170000000,0
FilePageCacheLockFree.totalPagesHandedOver,1744946950169000000,1744947010170000000,0
FilePageCacheLockFree.totalPagesWritten,1744946950169000000,1744947010170000000,0
FilePageCacheLockFree.totalClosedStoragesReclaimed,1744946950169000000,1744947010170000000,0
FilePageCacheLockFree.totalPagesWriteMs,1744946950169000000,1744947010170000000,0
FilePageCacheLockFree.totalPageAllocationsWaited,1744946950169000000,1744947010170000000,0
FilePageCacheLockFree.nativeBytesInUse,1744946950169000000,1744947010170000000,0
MappedFileStorage.totalBytesMapped,1744946950169000000,1744947010170000000,202637312
DirectByteBufferAllocator.totalSizeOfBuffersAllocatedInBytes,1744946950169000000,1744947010170000000,158474240
StreamlinedBlobStorage.recordsRelocated,1744946950169000000,1744947010170000000,0
StreamlinedBlobStorage.totalLiveRecordsPayloadBytes,1744946950169000000,1744947010170000000,0
FilePageCacheLockFree.totalBytesRead,1744946950169000000,1744947010170000000,0
FilePageCache.totalPageDisposalsUs,1744946950169000000,1744947010170000000,0
FilePageCache.maxRegisteredFiles,1744946950169000000,1744947010170000000,261
DirectByteBufferAllocator.disposed,1744946950169000000,1744947010170000000,0
FilePageCache.pageLoads,1744946950169000000,1744947010170000000,0
FilePageCacheLockFree.totalPagesAllocated,1744946950169000000,1744947010170000000,0
FilePageCacheLockFree.totalHeapBytesReclaimed,1744946950169000000,1744947010170000000,0
FilePageCacheLockFree.heapBytesInUse,1744946950169000000,1744947010170000000,0
FilePageCache.maxCacheSizeInBytes,1744946950169000000,1744947010170000000,158474240
DirectByteBufferAllocator.hits,1744946950169000000,1744947010170000000,0
FilePageCacheLockFree.totalNativeBytesAllocated,1744946950169000000,1744947010170000000,0
FilePageCacheLockFree.totalHeapBytesAllocated,1744946950169000000,1744947010170000000,0
StorageLockContext.competingThreads.max,1744946950169000000,1744947010170000000,0
FilePageCacheLockFree.housekeeperTimeSpentMs,1744946950169000000,1744947010170000000,0
FilePageCacheLockFree.housekeeperTurnsDone,1744946950169000000,1744947010170000000,0
FilePageCacheLockFree.totalPagesReadMs,1744946950169000000,1744947010170000000,0
VFS.invertedFileNameIndex.requests,1744947010170000000,1744947070171000000,0
VFS.contentStorage.recordsDecompressionTimeUs,1744947010170000000,1744947070171000000,0
VFS.contentStorage.recordsUncompressedSize,1744947010170000000,1744947070171000000,0
VFS.fileChildByName,1744947010170000000,1744947070171000000,0
FileNameCache.queries,1744947010170000000,1744947070171000000,0
VFS.contentStorage.recordsRead,1744947010170000000,1744947070171000000,0
VFS.contentStorage.recordsStoredCompressed,1744947010170000000,1744947070171000000,0
VFS.fileByIdCache.hits,1744947010170000000,1744947070171000000,0
VFS.contentStorage.recordsReadDecompressed,1744947010170000000,1744947070171000000,0
VFS.contentStorage.recordsReadSize,1744947010170000000,1744947070171000000,0
VFS.contentStorage.recordsStored,1744947010170000000,1744947070171000000,0
VFS.contentStorage.recordsDeduplicated,1744947010170000000,1744947070171000000,0
FileNameCache.totalMisses,1744947010170000000,1744947070171000000,0
VFS.fileByIdCache.misses,1744947010170000000,1744947070171000000,0
VFS.contentStorage.recordsStoredSize,1744947010170000000,1744947070171000000,0
DiskQueryRelay.taskWaitingTotalTimeUs,1744947010170000000,1744947070171000000,0
DiskQueryRelay.tasksRequested,1744947010170000000,1744947070171000000,0
writeAction.count,1744947010170000000,1744947070171000000,0
writeAction.wait.ms,1744947010170000000,1744947070171000000,0
writeAction.median.wait.ms,1744947010170000000,1744947070171000000,200
DiskQueryRelay.taskExecutionTotalTimeUs,1744947010170000000,1744947070171000000,0
DiskQueryRelay.tasksExecuted,1744947010170000000,1744947070171000000,0
writeAction.max.wait.ms,1744947010170000000,1744947070171000000,96
cacheStateStorage.set.counter,1744947010170000000,1744947070171000000,0
cacheStateStorage.set.duration,1744947010170000000,1744947070171000000,0
cacheStateStorage.get.duration,1744947010170000000,1744947070171000000,0
cacheStateStorage.get.counter,1744947010170000000,1744947070171000000,0
workspaceModel.cachedValueWithParameters.from.cache.count,1744947010170000000,1744947070171000000,0
workspaceModel.update.unloaded.entities.ms,1744947010170000000,1744947070171000000,0
workspaceModel.cachedValueWithParameters.clear.count,1744947010170000000,1744947070171000000,0
workspaceModel.cachedValue.clear.count,1744947010170000000,1744947070171000000,0
workspaceModel.workspaceFileIndexData.visitFileSets.ms,1744947010170000000,1744947070171000000,0
workspaceModel.cachedValue.from.cache.count,1744947010170000000,1744947070171000000,0
workspaceModel.workspaceFileIndexContributor.registerFileSets.ms,1744947010170000000,1744947070171000000,0
workspaceModel.workspaceFileIndexData.init.ms,1744947010170000000,1744947070171000000,0
workspaceModel.pre.handlers.ms,1744947010170000000,1744947070171000000,0
workspaceModel.on.before.changed.ms,1744947010170000000,1744947070171000000,0
workspaceModel.updates.precise.ms,1744947010170000000,1744947070171000000,0
workspaceModel.entityStorageSnapshotImpl.instances.count,1744947010170000000,1744947070171000000,0
workspaceModel.check.recursive.update.ms,1744947010170000000,1744947070171000000,0
workspaceModel.loading.total.ms,1744947010170000000,1744947070171000000,0
workspaceModel.initializing.ms,1744947010170000000,1744947070171000000,0
workspaceModel.cachedValue.calculated.count,1744947010170000000,1744947070171000000,0
workspaceModel.on.changed.ms,1744947010170000000,1744947070171000000,0
workspaceModel.workspaceFileIndexData.processFileSets.ms,1744947010170000000,1744947070171000000,0
workspaceModel.workspaceFileIndexData.getFileInfo.ms,1744947010170000000,1744947070171000000,0
workspaceModel.full.replace.project.model.ms,1744947010170000000,1744947070171000000,0
workspaceModel.cachedValueWithParameters.total.get.count,1744947010170000000,1744947070171000000,0
workspaceModel.workspaceFileIndexData.getDirectoriesByPackageName.ms,1744947010170000000,1744947070171000000,0
workspaceModel.workspaceFileIndexData.updateDirtyEntities.ms,1744947010170000000,1744947070171000000,0
workspaceModel.replace.project.model.ms,1744947010170000000,1744947070171000000,0
workspaceModel.updates.count,1744947010170000000,1744947070171000000,0
workspaceModel.loading.from.cache.ms,1744947010170000000,1744947070171000000,0
workspaceModel.cachedValueWithParameters.calculated.count,1744947010170000000,1744947070171000000,0
workspaceModel.workspaceFileIndexData.instances.count,1744947010170000000,1744947070171000000,0
workspaceModel.workspaceFileIndexData.onEntitiesChanged.ms,1744947010170000000,1744947070171000000,0
workspaceModel.to.snapshot.ms,1744947010170000000,1744947070171000000,0
workspaceModel.workspaceFileIndexData.getPackageName.ms,1744947010170000000,1744947070171000000,0
workspaceModel.collect.changes.ms,1744947010170000000,1744947070171000000,0
workspaceModel.init.bridges.ms,1744947010170000000,1744947070171000000,0
workspaceModel.workspaceFileIndexData.markDirty.ms,1744947010170000000,1744947070171000000,0
workspaceModel.cachedValue.total.get.count,1744947010170000000,1744947070171000000,0
workspaceModel.updates.ms,1744947010170000000,1744947070171000000,0
NonBlockingReadAction.finalizedExecutionTimeUs,1744947010170000000,1744947070171000000,0
FlushQueue.queueSizeAvg,1744947010170000000,1744947070171000000,0.0
NonBlockingReadAction.failedExecutionTimeUs,1744947010170000000,1744947070171000000,0
NonBlockingReadAction.finalizedExecutionsCount,1744947010170000000,1744947070171000000,0
AWTEventQueue.dispatchTimeTotalNS,1744947010170000000,1744947070171000000,145742000
FlushQueue.queueSizeMax,1744947010170000000,1744947070171000000,0
AWTEventQueue.eventsDispatched,1744947010170000000,1744947070171000000,0
FlushQueue.waitingTimeMaxNs,1744947010170000000,1744947070171000000,0
FlushQueue.queueSize90P,1744947010170000000,1744947070171000000,0
FlushQueue.waitingTimeAvgNs,1744947010170000000,1744947070171000000,0.0
FlushQueue.executionTimeAvgNs,1744947010170000000,1744947070171000000,0.0
FlushQueue.executionTimeMaxNs,1744947010170000000,1744947070171000000,0
AWTEventQueue.dispatchTimeAvgNs,1744947010170000000,1744947070171000000,0.0
ReadAction.executionsCount,1744947010170000000,1744947070171000000,12720
NonBlockingReadAction.failedExecutionsCount,1744947010170000000,1744947070171000000,0
FlushQueue.executionTime90PNs,1744947010170000000,1744947070171000000,0
AWTEventQueue.dispatchTime90PNs,1744947010170000000,1744947070171000000,0
FlushQueue.tasksExecuted,1744947010170000000,1744947070171000000,0
WriteAction.executionsCount,1744947010170000000,1744947070171000000,0
AWTEventQueue.dispatchTimeMaxNs,1744947010170000000,1744947070171000000,0
FlushQueue.waitingTime90PNs,1744947010170000000,1744947070171000000,0
workspaceModel.do.save.caches.ms,1744947010170000000,1744947070171000000,0
workspaceModel.moduleManagerBridge.load.module.ms,1744947010170000000,1744947070171000000,0
workspaceModel.mutableEntityStorage.put.entity.ms,1744947010170000000,1744947070171000000,0
workspaceModel.load.cache.from.file.ms,1744947010170000000,1744947070171000000,0
jps.global.get.library.by.name.ms,1744947010170000000,1744947070171000000,0
workspaceModel.mutableEntityStorage.add.entity.ms,1744947010170000000,1744947070171000000,0
workspaceModel.mutableEntityStorage.entities.by.source.ms,1744947010170000000,1744947070171000000,0
jps.global.handle.before.change.events.ms,1744947010170000000,1744947070171000000,0
jps.artifact.entities.serializer.save.entities.ms,1744947010170000000,1744947070171000000,0
jps.module.dependency.index.workspace.model.listener.on.changed.ms,1744947010170000000,1744947070171000000,0
workspaceModel.moduleBridge.before.changed.ms,1744947010170000000,1744947070171000000,0
workspaceModel.moduleManagerBridge.build.module.graph.ms,1744947010170000000,1744947070171000000,0
jps.project.serializers.save.ms,1744947010170000000,1744947070171000000,0
workspaceModel.mutableEntityStorage.changeLog.addReplaceEventForNewParent.ms,1744947010170000000,1744947070171000000,0
jps.app.storage.content.writer.save.component.ms,1744947010170000000,1744947070171000000,0
workspaceModel.mutableEntityStorage.resolve.ms,1744947010170000000,1744947070171000000,0
jps.save.global.entities.ms,1744947010170000000,1744947070171000000,0
workspaceModel.moduleManagerBridge.get.modules.ms,1744947010170000000,1744947070171000000,0
workspaceModel.moduleBridgeLoader.loading.modules.ms,1744947010170000000,1744947070171000000,0
jps.storage.jps.conf.reader.load.component.ms,1744947010170000000,1744947070171000000,0
workspaceModel.mutableEntityStorage.entities.ms,1744947010170000000,1744947070171000000,0
jps.facet.change.listener.init.bridge.ms,1744947010170000000,1744947070171000000,0
workspaceModel.mutableEntityStorage.changeLog.addReplaceEventForNewChild.ms,1744947010170000000,1744947070171000000,0
workspaceModel.moduleManagerBridge.create.module.instance.ms,1744947010170000000,1744947070171000000,0
jps.load.project.to.empty.storage.ms,1744947010170000000,1744947070171000000,0
workspaceModel.mutableEntityStorage.mutable.vfurl.index.ms,1744947010170000000,1744947070171000000,0
workspaceModel.moduleBridge.update.option.ms,1744947010170000000,1744947070171000000,0
jps.app.storage.content.reader.load.component.ms,1744947010170000000,1744947070171000000,0
workspaceModel.mutableEntityStorage.apply.changes.from.ms,1744947010170000000,1744947070171000000,0
workspaceModel.orphan.listener.update.ms,1744947010170000000,1744947070171000000,0
workspaceModel.moduleManagerBridge.set.unloadedModules.ms,1744947010170000000,1744947070171000000,0
workspaceModel.mutableEntityStorage.changeLog.addReplaceEventForRemovedChild.ms,1744947010170000000,1744947070171000000,0
jps.global.get.libraries.ms,1744947010170000000,1744947070171000000,0
jps.load.initial.state.ms,1744947010170000000,1744947070171000000,0
jps.facet.change.listener.process.change.events.ms,1744947010170000000,1744947070171000000,0
jps.global.get.library.ms,1744947010170000000,1744947070171000000,0
jps.facet.change.listener.before.change.events.ms,1744947010170000000,1744947070171000000,0
workspaceModel.moduleBridge.facet.initialization.ms,1744947010170000000,1744947070171000000,0
jps.artifact.entities.serializer.load.entities.ms,1744947010170000000,1744947070171000000,0
jps.global.initialize.library.bridges.ms,1744947010170000000,1744947070171000000,0
workspaceModel.save.cache.to.file.ms,1744947010170000000,1744947070171000000,0
workspaceModel.mutableEntityStorage.collect.changes.ms,1744947010170000000,1744947070171000000,0
jps.module.iml.entities.serializer.save.entities.ms,1744947010170000000,1744947070171000000,0
jps.global.handle.changed.events.ms,1744947010170000000,1744947070171000000,0
workspaceModel.global.updates.ms,1744947010170000000,1744947070171000000,0
workspaceModel.mutableEntityStorage.referrers.ms,1744947010170000000,1744947070171000000,0
workspaceModel.mutableEntityStorage.changeLog.addReplaceEventForRemovedParent.ms,1744947010170000000,1744947070171000000,0
workspaceModel.moduleManagerBridge.newModule.ms,1744947010170000000,1744947070171000000,0
jps.project.serializers.load.ms,1744947010170000000,1744947070171000000,0
jps.module.iml.entities.serializer.load.entities.ms,1744947010170000000,1744947070171000000,0
workspaceModel.mutableEntityStorage.instances.count,1744947010170000000,1744947070171000000,0
workspaceModel.moduleManagerBridge.load.all.modules.ms,1744947010170000000,1744947070171000000,0
workspaceModel.moduleManagerBridge.new.nonPersistent.module.ms,1744947010170000000,1744947070171000000,0
workspaceModel.global.apply.state.to.project.builder.ms,1744947010170000000,1744947070171000000,0
workspaceModel.global.updates.count,1744947010170000000,1744947070171000000,0
jps.library.entities.serializer.save.entities.ms,1744947010170000000,1744947070171000000,0
workspaceModel.mutableEntityStorage.replace.by.source.ms,1744947010170000000,1744947070171000000,0
workspaceModel.mutableEntityStorage.remove.entity.ms,1744947010170000000,1744947070171000000,0
jps.global.initialize.library.bridges.after.loading.ms,1744947010170000000,1744947070171000000,0
workspaceModel.mutableEntityStorage.modify.entity.ms,1744947010170000000,1744947070171000000,0
workspaceModel.load.cache.metadata.from.file.ms,1744947010170000000,1744947070171000000,0
workspaceModel.mutableEntityStorage.has.same.entities.ms,1744947010170000000,1744947070171000000,0
workspaceModel.mutableEntityStorage.mutable.ext.mapping.ms,1744947010170000000,1744947070171000000,0
jps.reload.project.entities.ms,1744947010170000000,1744947070171000000,0
jps.apply.loaded.storage.ms,1744947010170000000,1744947070171000000,0
workspaceModel.delayed.project.synchronizer.sync.ms,1744947010170000000,1744947070171000000,0
workspaceModel.global.apply.state.to.project.ms,1744947010170000000,1744947070171000000,0
workspaceModel.sync.entities.ms,1744947010170000000,1744947070171000000,0
workspaceModel.mutableEntityStorage.to.snapshot.ms,1744947010170000000,1744947070171000000,0
jps.library.entities.serializer.load.entities.ms,1744947010170000000,1744947070171000000,0
jps.save.changed.project.entities.ms,1744947010170000000,1744947070171000000,0
IndexesFlusher.totalFlushesRetried,1744947010170000000,1744947070171000000,0
Indexing.writer_0.totalTimeSpentWritingMs,1744947010170000000,1744947070171000000,0
Indexing.writesQueuedMin,1744947010170000000,1744947070171000000,9223372036854775807
Indexing.cache.totalCacheAccesses,1744947010170000000,1744947070171000000,0
Indexes.entries.lookupDurationMaxMs,1744947010170000000,1744947070171000000,0.0
Indexes.stubs.lookupDurationMaxMs,1744947010170000000,1744947070171000000,0.0
Indexes.entries.lookupDuration90PMs,1744947010170000000,1744947070171000000,0.0
Indexes.allKeys.lookupDurationMaxMs,1744947010170000000,1744947070171000000,0.0
Indexing.writer_2.totalTimeSpentWritingMs,1744947010170000000,1744947070171000000,0
Indexes.stubs.lookupDuration90PMs,1744947010170000000,1744947070171000000,0.0
Indexes.stubs.lookupDurationAvgMs,1744947010170000000,1744947070171000000,0.0
Indexes.entries.lookups,1744947010170000000,1744947070171000000,0
Indexing.writer_1.totalTimeSpentWritingMs,1744947010170000000,1744947070171000000,0
Indexes.allKeys.lookupDurationAvgMs,1744947010170000000,1744947070171000000,0.0
Indexing.writesQueuedMax,1744947010170000000,1744947070171000000,0
Indexing.cache.totalCacheMisses,1744947010170000000,1744947070171000000,0
IndexesFlusher.totalFlushes,1744947010170000000,1744947070171000000,60
Indexes.stubs.lookups,1744947010170000000,1744947070171000000,0
Indexes.allKeys.lookupDuration90PMs,1744947010170000000,1744947070171000000,0.0
Indexing.cache.totalCacheEvicted,1744947010170000000,1744947070171000000,0
Indexes.allKeys.lookups,1744947010170000000,1744947070171000000,0
IndexesFlusher.totalFlushingTimeUs,1744947010170000000,1744947070171000000,99338
Indexing.writer_3.totalTimeSpentWritingMs,1744947010170000000,1744947070171000000,0
Indexing.totalTimeIndexersSleptMs,1744947010170000000,1744947070171000000,0
Indexes.entries.lookupDurationAvgMs,1744947010170000000,1744947070171000000,0.0
IndexesFlusher.totalContentionQuotaSpent,1744947010170000000,1744947070171000000,0
JVM.totalTimeAtSafepointsMs,1744947010170000000,1744947070171000000,0
JVM.usedNativeBytes,1744947010170000000,1744947070171000000,434623776
OS.loadAverage,1744947010170000000,1744947070171000000,0.0146484375
JVM.maxHeapBytes,1744947010170000000,1744947070171000000,2147483648
JVM.usedHeapBytes,1744947010170000000,1744947070171000000,582372800
JVM.GC.collectionTimesMs,1744947010170000000,1744947070171000000,0
JVM.totalDirectByteBuffersBytes,1744947010170000000,1744947070171000000,159075723
JVM.totalSafepointCount,1744947010170000000,1744947070171000000,2
JVM.totalTimeToSafepointsMs,1744947010170000000,1744947070171000000,0
JVM.maxThreadCount,1744947010170000000,1744947070171000000,132
JVM.totalCpuTimeMs,1744947010170000000,1744947070171000000,1340
JVM.threadCount,1744947010170000000,1744947070171000000,42
JVM.newThreadsCount,1744947010170000000,1744947070171000000,0
JVM.GC.collections,1744947010170000000,1744947070171000000,0
JVM.totalBytesAllocated,1744947010170000000,1744947070171000000,15699176
StreamlinedBlobStorage.recordsAllocated,1744947010170000000,1744947070171000000,0
FileChannelInterruptsRetryer.totalRetriedAttempts,1744947010170000000,1744947070171000000,0
FilePageCacheLockFree.totalBytesRequested,1744947010170000000,1744947070171000000,0
FilePageCacheLockFree.totalPagesRequested,1744947010170000000,1744947070171000000,0
FilePageCache.disposedBuffers,1744947010170000000,1744947070171000000,0
DirectByteBufferAllocator.misses,1744947010170000000,1744947070171000000,0
FilePageCacheLockFree.totalNativeBytesReclaimed,1744947010170000000,1744947070171000000,0
StreamlinedBlobStorage.recordsDeleted,1744947010170000000,1744947070171000000,0
FilePageCache.pageLoadsAboveSizeThreshold,1744947010170000000,1744947070171000000,0
FilePageCache.pageFastCacheHits,1744947010170000000,1744947070171000000,0
FilePageCacheLockFree.housekeeperTurnsSkipped,1744947010170000000,1744947070171000000,0
DirectByteBufferAllocator.totalSizeOfBuffersCachedInBytes,1744947010170000000,1744947070171000000,0
MappedFileStorage.storages,1744947010170000000,1744947070171000000,16
FilePageCache.uncachedFileAccess,1744947010170000000,1744947070171000000,0
MappedFileStorage.totalPagesMapped,1744947010170000000,1744947070171000000,16
FilePageCacheLockFree.totalPagesReclaimed,1744947010170000000,1744947070171000000,0
FilePageCacheLockFree.totalPagesRequestsMs,1744947010170000000,1744947070171000000,0
DirectByteBufferAllocator.reclaimed,1744947010170000000,1744947070171000000,0
FilePageCache.capacityInBytes,1744947010170000000,1744947070171000000,503316478
StorageLockContext.competingThreads.avg,1744947010170000000,1744947070171000000,0.0
FilePageCache.totalPageLoadsUs,1744947010170000000,1744947070171000000,0
MappedFileStorage.totalTimeSpentOnMappingUs,1744947010170000000,1744947070171000000,41443
StorageLockContext.competingThreads.90P,1744947010170000000,1744947070171000000,0
FilePageCacheLockFree.totalBytesWritten,1744947010170000000,1744947070171000000,0
StreamlinedBlobStorage.totalLiveRecordsCapacityBytes,1744947010170000000,1744947070171000000,0
FilePageCache.pageHits,1744947010170000000,1744947070171000000,0
FilePageCacheLockFree.totalPagesHandedOver,1744947010170000000,1744947070171000000,0
FilePageCacheLockFree.totalPagesWritten,1744947010170000000,1744947070171000000,0
FilePageCacheLockFree.totalClosedStoragesReclaimed,1744947010170000000,1744947070171000000,0
FilePageCacheLockFree.totalPagesWriteMs,1744947010170000000,1744947070171000000,0
FilePageCacheLockFree.totalPageAllocationsWaited,1744947010170000000,1744947070171000000,0
FilePageCacheLockFree.nativeBytesInUse,1744947010170000000,1744947070171000000,0
MappedFileStorage.totalBytesMapped,1744947010170000000,1744947070171000000,202637312
DirectByteBufferAllocator.totalSizeOfBuffersAllocatedInBytes,1744947010170000000,1744947070171000000,158474240
StreamlinedBlobStorage.recordsRelocated,1744947010170000000,1744947070171000000,0
StreamlinedBlobStorage.totalLiveRecordsPayloadBytes,1744947010170000000,1744947070171000000,0
FilePageCacheLockFree.totalBytesRead,1744947010170000000,1744947070171000000,0
FilePageCache.totalPageDisposalsUs,1744947010170000000,1744947070171000000,0
FilePageCache.maxRegisteredFiles,1744947010170000000,1744947070171000000,261
DirectByteBufferAllocator.disposed,1744947010170000000,1744947070171000000,0
FilePageCache.pageLoads,1744947010170000000,1744947070171000000,0
FilePageCacheLockFree.totalPagesAllocated,1744947010170000000,1744947070171000000,0
FilePageCacheLockFree.totalHeapBytesReclaimed,1744947010170000000,1744947070171000000,0
FilePageCacheLockFree.heapBytesInUse,1744947010170000000,1744947070171000000,0
FilePageCache.maxCacheSizeInBytes,1744947010170000000,1744947070171000000,158474240
DirectByteBufferAllocator.hits,1744947010170000000,1744947070171000000,0
FilePageCacheLockFree.totalNativeBytesAllocated,1744947010170000000,1744947070171000000,0
FilePageCacheLockFree.totalHeapBytesAllocated,1744947010170000000,1744947070171000000,0
StorageLockContext.competingThreads.max,1744947010170000000,1744947070171000000,0
FilePageCacheLockFree.housekeeperTimeSpentMs,1744947010170000000,1744947070171000000,0
FilePageCacheLockFree.housekeeperTurnsDone,1744947010170000000,1744947070171000000,0
FilePageCacheLockFree.totalPagesReadMs,1744947010170000000,1744947070171000000,0
VFS.invertedFileNameIndex.requests,1744947070171000000,1744947130178000000,0
VFS.contentStorage.recordsDecompressionTimeUs,1744947070171000000,1744947130178000000,0
VFS.contentStorage.recordsUncompressedSize,1744947070171000000,1744947130178000000,579
VFS.fileChildByName,1744947070171000000,1744947130178000000,5779
FileNameCache.queries,1744947070171000000,1744947130178000000,41024
VFS.contentStorage.recordsRead,1744947070171000000,1744947130178000000,6
VFS.contentStorage.recordsStoredCompressed,1744947070171000000,1744947130178000000,0
VFS.fileByIdCache.hits,1744947070171000000,1744947130178000000,0
VFS.contentStorage.recordsReadDecompressed,1744947070171000000,1744947130178000000,0
VFS.contentStorage.recordsReadSize,1744947070171000000,1744947130178000000,6711
VFS.contentStorage.recordsStored,1744947070171000000,1744947130178000000,1
VFS.contentStorage.recordsDeduplicated,1744947070171000000,1744947130178000000,0
FileNameCache.totalMisses,1744947070171000000,1744947130178000000,0
VFS.fileByIdCache.misses,1744947070171000000,1744947130178000000,0
VFS.contentStorage.recordsStoredSize,1744947070171000000,1744947130178000000,579
DiskQueryRelay.taskWaitingTotalTimeUs,1744947070171000000,1744947130178000000,2329988
DiskQueryRelay.tasksRequested,1744947070171000000,1744947130178000000,916
writeAction.count,1744947070171000000,1744947130178000000,3
writeAction.wait.ms,1744947070171000000,1744947130178000000,0
writeAction.median.wait.ms,1744947070171000000,1744947130178000000,200
DiskQueryRelay.taskExecutionTotalTimeUs,1744947070171000000,1744947130178000000,2316659
DiskQueryRelay.tasksExecuted,1744947070171000000,1744947130178000000,916
writeAction.max.wait.ms,1744947070171000000,1744947130178000000,96
cacheStateStorage.set.counter,1744947070171000000,1744947130178000000,5
cacheStateStorage.set.duration,1744947070171000000,1744947130178000000,1
cacheStateStorage.get.duration,1744947070171000000,1744947130178000000,339
cacheStateStorage.get.counter,1744947070171000000,1744947130178000000,12
workspaceModel.cachedValueWithParameters.from.cache.count,1744947070171000000,1744947130178000000,0
workspaceModel.update.unloaded.entities.ms,1744947070171000000,1744947130178000000,0
workspaceModel.cachedValueWithParameters.clear.count,1744947070171000000,1744947130178000000,0
workspaceModel.cachedValue.clear.count,1744947070171000000,1744947130178000000,0
workspaceModel.workspaceFileIndexData.visitFileSets.ms,1744947070171000000,1744947130178000000,0
workspaceModel.cachedValue.from.cache.count,1744947070171000000,1744947130178000000,747
workspaceModel.workspaceFileIndexContributor.registerFileSets.ms,1744947070171000000,1744947130178000000,0
workspaceModel.workspaceFileIndexData.init.ms,1744947070171000000,1744947130178000000,0
workspaceModel.pre.handlers.ms,1744947070171000000,1744947130178000000,0
workspaceModel.on.before.changed.ms,1744947070171000000,1744947130178000000,0
workspaceModel.updates.precise.ms,1744947070171000000,1744947130178000000,0
workspaceModel.entityStorageSnapshotImpl.instances.count,1744947070171000000,1744947130178000000,0
workspaceModel.check.recursive.update.ms,1744947070171000000,1744947130178000000,0
workspaceModel.loading.total.ms,1744947070171000000,1744947130178000000,0
workspaceModel.initializing.ms,1744947070171000000,1744947130178000000,0
workspaceModel.cachedValue.calculated.count,1744947070171000000,1744947130178000000,0
workspaceModel.on.changed.ms,1744947070171000000,1744947130178000000,0
workspaceModel.workspaceFileIndexData.processFileSets.ms,1744947070171000000,1744947130178000000,0
workspaceModel.workspaceFileIndexData.getFileInfo.ms,1744947070171000000,1744947130178000000,15
workspaceModel.full.replace.project.model.ms,1744947070171000000,1744947130178000000,0
workspaceModel.cachedValueWithParameters.total.get.count,1744947070171000000,1744947130178000000,0
workspaceModel.workspaceFileIndexData.getDirectoriesByPackageName.ms,1744947070171000000,1744947130178000000,0
workspaceModel.workspaceFileIndexData.updateDirtyEntities.ms,1744947070171000000,1744947130178000000,0
workspaceModel.replace.project.model.ms,1744947070171000000,1744947130178000000,0
workspaceModel.updates.count,1744947070171000000,1744947130178000000,0
workspaceModel.loading.from.cache.ms,1744947070171000000,1744947130178000000,0
workspaceModel.cachedValueWithParameters.calculated.count,1744947070171000000,1744947130178000000,0
workspaceModel.workspaceFileIndexData.instances.count,1744947070171000000,1744947130178000000,0
workspaceModel.workspaceFileIndexData.onEntitiesChanged.ms,1744947070171000000,1744947130178000000,0
workspaceModel.to.snapshot.ms,1744947070171000000,1744947130178000000,0
workspaceModel.workspaceFileIndexData.getPackageName.ms,1744947070171000000,1744947130178000000,0
workspaceModel.collect.changes.ms,1744947070171000000,1744947130178000000,0
workspaceModel.init.bridges.ms,1744947070171000000,1744947130178000000,0
workspaceModel.workspaceFileIndexData.markDirty.ms,1744947070171000000,1744947130178000000,0
workspaceModel.cachedValue.total.get.count,1744947070171000000,1744947130178000000,747
workspaceModel.updates.ms,1744947070171000000,1744947130178000000,0
NonBlockingReadAction.finalizedExecutionTimeUs,1744947070171000000,1744947130178000000,39549
FlushQueue.queueSizeAvg,1744947070171000000,1744947130178000000,0.0
NonBlockingReadAction.failedExecutionTimeUs,1744947070171000000,1744947130178000000,0
NonBlockingReadAction.finalizedExecutionsCount,1744947070171000000,1744947130178000000,21
AWTEventQueue.dispatchTimeTotalNS,1744947070171000000,1744947130178000000,1028893415
FlushQueue.queueSizeMax,1744947070171000000,1744947130178000000,0
AWTEventQueue.eventsDispatched,1744947070171000000,1744947130178000000,1
FlushQueue.waitingTimeMaxNs,1744947070171000000,1744947130178000000,0
FlushQueue.queueSize90P,1744947070171000000,1744947130178000000,0
FlushQueue.waitingTimeAvgNs,1744947070171000000,1744947130178000000,0.0
FlushQueue.executionTimeAvgNs,1744947070171000000,1744947130178000000,0.0
FlushQueue.executionTimeMaxNs,1744947070171000000,1744947130178000000,0
AWTEventQueue.dispatchTimeAvgNs,1744947070171000000,1744947130178000000,940032.0
ReadAction.executionsCount,1744947070171000000,1744947130178000000,52569
NonBlockingReadAction.failedExecutionsCount,1744947070171000000,1744947130178000000,0
FlushQueue.executionTime90PNs,1744947070171000000,1744947130178000000,0
AWTEventQueue.dispatchTime90PNs,1744947070171000000,1744947130178000000,942079
FlushQueue.tasksExecuted,1744947070171000000,1744947130178000000,0
WriteAction.executionsCount,1744947070171000000,1744947130178000000,3
AWTEventQueue.dispatchTimeMaxNs,1744947070171000000,1744947130178000000,942079
FlushQueue.waitingTime90PNs,1744947070171000000,1744947130178000000,0
workspaceModel.do.save.caches.ms,1744947070171000000,1744947130178000000,0
workspaceModel.moduleManagerBridge.load.module.ms,1744947070171000000,1744947130178000000,0
workspaceModel.mutableEntityStorage.put.entity.ms,1744947070171000000,1744947130178000000,0
workspaceModel.load.cache.from.file.ms,1744947070171000000,1744947130178000000,0
jps.global.get.library.by.name.ms,1744947070171000000,1744947130178000000,0
workspaceModel.mutableEntityStorage.add.entity.ms,1744947070171000000,1744947130178000000,0
workspaceModel.mutableEntityStorage.entities.by.source.ms,1744947070171000000,1744947130178000000,0
jps.global.handle.before.change.events.ms,1744947070171000000,1744947130178000000,0
jps.artifact.entities.serializer.save.entities.ms,1744947070171000000,1744947130178000000,0
jps.module.dependency.index.workspace.model.listener.on.changed.ms,1744947070171000000,1744947130178000000,0
workspaceModel.moduleBridge.before.changed.ms,1744947070171000000,1744947130178000000,0
workspaceModel.moduleManagerBridge.build.module.graph.ms,1744947070171000000,1744947130178000000,0
jps.project.serializers.save.ms,1744947070171000000,1744947130178000000,0
workspaceModel.mutableEntityStorage.changeLog.addReplaceEventForNewParent.ms,1744947070171000000,1744947130178000000,0
jps.app.storage.content.writer.save.component.ms,1744947070171000000,1744947130178000000,25
workspaceModel.mutableEntityStorage.resolve.ms,1744947070171000000,1744947130178000000,0
jps.save.global.entities.ms,1744947070171000000,1744947130178000000,32
workspaceModel.moduleManagerBridge.get.modules.ms,1744947070171000000,1744947130178000000,0
workspaceModel.moduleBridgeLoader.loading.modules.ms,1744947070171000000,1744947130178000000,0
jps.storage.jps.conf.reader.load.component.ms,1744947070171000000,1744947130178000000,0
workspaceModel.mutableEntityStorage.entities.ms,1744947070171000000,1744947130178000000,0
jps.facet.change.listener.init.bridge.ms,1744947070171000000,1744947130178000000,0
workspaceModel.mutableEntityStorage.changeLog.addReplaceEventForNewChild.ms,1744947070171000000,1744947130178000000,0
workspaceModel.moduleManagerBridge.create.module.instance.ms,1744947070171000000,1744947130178000000,0
jps.load.project.to.empty.storage.ms,1744947070171000000,1744947130178000000,0
workspaceModel.mutableEntityStorage.mutable.vfurl.index.ms,1744947070171000000,1744947130178000000,0
workspaceModel.moduleBridge.update.option.ms,1744947070171000000,1744947130178000000,0
jps.app.storage.content.reader.load.component.ms,1744947070171000000,1744947130178000000,0
workspaceModel.mutableEntityStorage.apply.changes.from.ms,1744947070171000000,1744947130178000000,0
workspaceModel.orphan.listener.update.ms,1744947070171000000,1744947130178000000,0
workspaceModel.moduleManagerBridge.set.unloadedModules.ms,1744947070171000000,1744947130178000000,0
workspaceModel.mutableEntityStorage.changeLog.addReplaceEventForRemovedChild.ms,1744947070171000000,1744947130178000000,0
jps.global.get.libraries.ms,1744947070171000000,1744947130178000000,0
jps.load.initial.state.ms,1744947070171000000,1744947130178000000,0
jps.facet.change.listener.process.change.events.ms,1744947070171000000,1744947130178000000,0
jps.global.get.library.ms,1744947070171000000,1744947130178000000,0
jps.facet.change.listener.before.change.events.ms,1744947070171000000,1744947130178000000,0
workspaceModel.moduleBridge.facet.initialization.ms,1744947070171000000,1744947130178000000,0
jps.artifact.entities.serializer.load.entities.ms,1744947070171000000,1744947130178000000,0
jps.global.initialize.library.bridges.ms,1744947070171000000,1744947130178000000,0
workspaceModel.save.cache.to.file.ms,1744947070171000000,1744947130178000000,0
workspaceModel.mutableEntityStorage.collect.changes.ms,1744947070171000000,1744947130178000000,0
jps.module.iml.entities.serializer.save.entities.ms,1744947070171000000,1744947130178000000,0
jps.global.handle.changed.events.ms,1744947070171000000,1744947130178000000,0
workspaceModel.global.updates.ms,1744947070171000000,1744947130178000000,0
workspaceModel.mutableEntityStorage.referrers.ms,1744947070171000000,1744947130178000000,0
workspaceModel.mutableEntityStorage.changeLog.addReplaceEventForRemovedParent.ms,1744947070171000000,1744947130178000000,0
workspaceModel.moduleManagerBridge.newModule.ms,1744947070171000000,1744947130178000000,0
jps.project.serializers.load.ms,1744947070171000000,1744947130178000000,0
jps.module.iml.entities.serializer.load.entities.ms,1744947070171000000,1744947130178000000,0
workspaceModel.mutableEntityStorage.instances.count,1744947070171000000,1744947130178000000,0
workspaceModel.moduleManagerBridge.load.all.modules.ms,1744947070171000000,1744947130178000000,0
workspaceModel.moduleManagerBridge.new.nonPersistent.module.ms,1744947070171000000,1744947130178000000,0
workspaceModel.global.apply.state.to.project.builder.ms,1744947070171000000,1744947130178000000,0
workspaceModel.global.updates.count,1744947070171000000,1744947130178000000,0
jps.library.entities.serializer.save.entities.ms,1744947070171000000,1744947130178000000,0
workspaceModel.mutableEntityStorage.replace.by.source.ms,1744947070171000000,1744947130178000000,0
workspaceModel.mutableEntityStorage.remove.entity.ms,1744947070171000000,1744947130178000000,0
jps.global.initialize.library.bridges.after.loading.ms,1744947070171000000,1744947130178000000,0
workspaceModel.mutableEntityStorage.modify.entity.ms,1744947070171000000,1744947130178000000,0
workspaceModel.load.cache.metadata.from.file.ms,1744947070171000000,1744947130178000000,0
workspaceModel.mutableEntityStorage.has.same.entities.ms,1744947070171000000,1744947130178000000,0
workspaceModel.mutableEntityStorage.mutable.ext.mapping.ms,1744947070171000000,1744947130178000000,0
jps.reload.project.entities.ms,1744947070171000000,1744947130178000000,0
jps.apply.loaded.storage.ms,1744947070171000000,1744947130178000000,0
workspaceModel.delayed.project.synchronizer.sync.ms,1744947070171000000,1744947130178000000,0
workspaceModel.global.apply.state.to.project.ms,1744947070171000000,1744947130178000000,0
workspaceModel.sync.entities.ms,1744947070171000000,1744947130178000000,0
workspaceModel.mutableEntityStorage.to.snapshot.ms,1744947070171000000,1744947130178000000,0
jps.library.entities.serializer.load.entities.ms,1744947070171000000,1744947130178000000,0
jps.save.changed.project.entities.ms,1744947070171000000,1744947130178000000,0
IndexesFlusher.totalFlushesRetried,1744947070171000000,1744947130178000000,0
Indexing.writer_0.totalTimeSpentWritingMs,1744947070171000000,1744947130178000000,0
Indexing.writesQueuedMin,1744947070171000000,1744947130178000000,9223372036854775807
Indexing.cache.totalCacheAccesses,1744947070171000000,1744947130178000000,132
Indexes.entries.lookupDurationMaxMs,1744947070171000000,1744947130178000000,0.0
Indexes.stubs.lookupDurationMaxMs,1744947070171000000,1744947130178000000,0.0
Indexes.entries.lookupDuration90PMs,1744947070171000000,1744947130178000000,0.0
Indexes.allKeys.lookupDurationMaxMs,1744947070171000000,1744947130178000000,0.0
Indexing.writer_2.totalTimeSpentWritingMs,1744947070171000000,1744947130178000000,0
Indexes.stubs.lookupDuration90PMs,1744947070171000000,1744947130178000000,0.0
Indexes.stubs.lookupDurationAvgMs,1744947070171000000,1744947130178000000,0.0
Indexes.entries.lookups,1744947070171000000,1744947130178000000,0
Indexing.writer_1.totalTimeSpentWritingMs,1744947070171000000,1744947130178000000,0
Indexes.allKeys.lookupDurationAvgMs,1744947070171000000,1744947130178000000,0.0
Indexing.writesQueuedMax,1744947070171000000,1744947130178000000,0
Indexing.cache.totalCacheMisses,1744947070171000000,1744947130178000000,132
IndexesFlusher.totalFlushes,1744947070171000000,1744947130178000000,60
Indexes.stubs.lookups,1744947070171000000,1744947130178000000,0
Indexes.allKeys.lookupDuration90PMs,1744947070171000000,1744947130178000000,0.0
Indexing.cache.totalCacheEvicted,1744947070171000000,1744947130178000000,132
Indexes.allKeys.lookups,1744947070171000000,1744947130178000000,0
IndexesFlusher.totalFlushingTimeUs,1744947070171000000,1744947130178000000,145080
Indexing.writer_3.totalTimeSpentWritingMs,1744947070171000000,1744947130178000000,0
Indexing.totalTimeIndexersSleptMs,1744947070171000000,1744947130178000000,0
Indexes.entries.lookupDurationAvgMs,1744947070171000000,1744947130178000000,0.0
IndexesFlusher.totalContentionQuotaSpent,1744947070171000000,1744947130178000000,0
JVM.totalTimeAtSafepointsMs,1744947070171000000,1744947130178000000,47
JVM.usedNativeBytes,1744947070171000000,1744947130178000000,434686400
OS.loadAverage,1744947070171000000,1744947130178000000,0.4140625
JVM.maxHeapBytes,1744947070171000000,1744947130178000000,2147483648
JVM.usedHeapBytes,1744947070171000000,1744947130178000000,427782800
JVM.GC.collectionTimesMs,1744947070171000000,1744947130178000000,46
JVM.totalDirectByteBuffersBytes,1744947070171000000,1744947130178000000,162412648
JVM.totalSafepointCount,1744947070171000000,1744947130178000000,7
JVM.totalTimeToSafepointsMs,1744947070171000000,1744947130178000000,5
JVM.maxThreadCount,1744947070171000000,1744947130178000000,132
JVM.totalCpuTimeMs,1744947070171000000,1744947130178000000,6530
JVM.threadCount,1744947070171000000,1744947130178000000,67
JVM.newThreadsCount,1744947070171000000,1744947130178000000,25
JVM.GC.collections,1744947070171000000,1744947130178000000,3
JVM.totalBytesAllocated,1744947070171000000,1744947130178000000,102396816
StreamlinedBlobStorage.recordsAllocated,1744947070171000000,1744947130178000000,0
FileChannelInterruptsRetryer.totalRetriedAttempts,1744947070171000000,1744947130178000000,0
FilePageCacheLockFree.totalBytesRequested,1744947070171000000,1744947130178000000,0
FilePageCacheLockFree.totalPagesRequested,1744947070171000000,1744947130178000000,0
FilePageCache.disposedBuffers,1744947070171000000,1744947130178000000,0
DirectByteBufferAllocator.misses,1744947070171000000,1744947130178000000,3
FilePageCacheLockFree.totalNativeBytesReclaimed,1744947070171000000,1744947130178000000,0
StreamlinedBlobStorage.recordsDeleted,1744947070171000000,1744947130178000000,0
FilePageCache.pageLoadsAboveSizeThreshold,1744947070171000000,1744947130178000000,0
FilePageCache.pageFastCacheHits,1744947070171000000,1744947130178000000,378
FilePageCacheLockFree.housekeeperTurnsSkipped,1744947070171000000,1744947130178000000,0
DirectByteBufferAllocator.totalSizeOfBuffersCachedInBytes,1744947070171000000,1744947130178000000,0
MappedFileStorage.storages,1744947070171000000,1744947130178000000,16
FilePageCache.uncachedFileAccess,1744947070171000000,1744947130178000000,6
MappedFileStorage.totalPagesMapped,1744947070171000000,1744947130178000000,16
FilePageCacheLockFree.totalPagesReclaimed,1744947070171000000,1744947130178000000,0
FilePageCacheLockFree.totalPagesRequestsMs,1744947070171000000,1744947130178000000,0
DirectByteBufferAllocator.reclaimed,1744947070171000000,1744947130178000000,0
FilePageCache.capacityInBytes,1744947070171000000,1744947130178000000,503316478
StorageLockContext.competingThreads.avg,1744947070171000000,1744947130178000000,0.0
FilePageCache.totalPageLoadsUs,1744947070171000000,1744947130178000000,15947
MappedFileStorage.totalTimeSpentOnMappingUs,1744947070171000000,1744947130178000000,41443
StorageLockContext.competingThreads.90P,1744947070171000000,1744947130178000000,0
FilePageCacheLockFree.totalBytesWritten,1744947070171000000,1744947130178000000,0
StreamlinedBlobStorage.totalLiveRecordsCapacityBytes,1744947070171000000,1744947130178000000,0
FilePageCache.pageHits,1744947070171000000,1744947130178000000,23
FilePageCacheLockFree.totalPagesHandedOver,1744947070171000000,1744947130178000000,0
FilePageCacheLockFree.totalPagesWritten,1744947070171000000,1744947130178000000,0
FilePageCacheLockFree.totalClosedStoragesReclaimed,1744947070171000000,1744947130178000000,0
FilePageCacheLockFree.totalPagesWriteMs,1744947070171000000,1744947130178000000,0
FilePageCacheLockFree.totalPageAllocationsWaited,1744947070171000000,1744947130178000000,0
FilePageCacheLockFree.nativeBytesInUse,1744947070171000000,1744947130178000000,0
MappedFileStorage.totalBytesMapped,1744947070171000000,1744947130178000000,202637312
DirectByteBufferAllocator.totalSizeOfBuffersAllocatedInBytes,1744947070171000000,1744947130178000000,161619968
StreamlinedBlobStorage.recordsRelocated,1744947070171000000,1744947130178000000,0
StreamlinedBlobStorage.totalLiveRecordsPayloadBytes,1744947070171000000,1744947130178000000,0
FilePageCacheLockFree.totalBytesRead,1744947070171000000,1744947130178000000,0
FilePageCache.totalPageDisposalsUs,1744947070171000000,1744947130178000000,58
FilePageCache.maxRegisteredFiles,1744947070171000000,1744947130178000000,261
DirectByteBufferAllocator.disposed,1744947070171000000,1744947130178000000,0
FilePageCache.pageLoads,1744947070171000000,1744947130178000000,3
FilePageCacheLockFree.totalPagesAllocated,1744947070171000000,1744947130178000000,0
FilePageCacheLockFree.totalHeapBytesReclaimed,1744947070171000000,1744947130178000000,0
FilePageCacheLockFree.heapBytesInUse,1744947070171000000,1744947130178000000,0
FilePageCache.maxCacheSizeInBytes,1744947070171000000,1744947130178000000,161619968
DirectByteBufferAllocator.hits,1744947070171000000,1744947130178000000,0
FilePageCacheLockFree.totalNativeBytesAllocated,1744947070171000000,1744947130178000000,0
FilePageCacheLockFree.totalHeapBytesAllocated,1744947070171000000,1744947130178000000,0
StorageLockContext.competingThreads.max,1744947070171000000,1744947130178000000,0
FilePageCacheLockFree.housekeeperTimeSpentMs,1744947070171000000,1744947130178000000,0
FilePageCacheLockFree.housekeeperTurnsDone,1744947070171000000,1744947130178000000,0
FilePageCacheLockFree.totalPagesReadMs,1744947070171000000,1744947130178000000,0
VFS.invertedFileNameIndex.requests,1744947130178000000,1744947190169000000,0
VFS.contentStorage.recordsDecompressionTimeUs,1744947130178000000,1744947190169000000,0
VFS.contentStorage.recordsUncompressedSize,1744947130178000000,1744947190169000000,0
VFS.fileChildByName,1744947130178000000,1744947190169000000,16788
FileNameCache.queries,1744947130178000000,1744947190169000000,0
VFS.contentStorage.recordsRead,1744947130178000000,1744947190169000000,90
VFS.contentStorage.recordsStoredCompressed,1744947130178000000,1744947190169000000,0
VFS.fileByIdCache.hits,1744947130178000000,1744947190169000000,0
VFS.contentStorage.recordsReadDecompressed,1744947130178000000,1744947190169000000,0
VFS.contentStorage.recordsReadSize,1744947130178000000,1744947190169000000,166590
VFS.contentStorage.recordsStored,1744947130178000000,1744947190169000000,0
VFS.contentStorage.recordsDeduplicated,1744947130178000000,1744947190169000000,0
FileNameCache.totalMisses,1744947130178000000,1744947190169000000,0
VFS.fileByIdCache.misses,1744947130178000000,1744947190169000000,0
VFS.contentStorage.recordsStoredSize,1744947130178000000,1744947190169000000,0
DiskQueryRelay.taskWaitingTotalTimeUs,1744947130178000000,1744947190169000000,0
DiskQueryRelay.tasksRequested,1744947130178000000,1744947190169000000,0
writeAction.count,1744947130178000000,1744947190169000000,107
writeAction.wait.ms,1744947130178000000,1744947190169000000,1
writeAction.median.wait.ms,1744947130178000000,1744947190169000000,200
DiskQueryRelay.taskExecutionTotalTimeUs,1744947130178000000,1744947190169000000,0
DiskQueryRelay.tasksExecuted,1744947130178000000,1744947190169000000,0
writeAction.max.wait.ms,1744947130178000000,1744947190169000000,96
cacheStateStorage.set.counter,1744947130178000000,1744947190169000000,0
cacheStateStorage.set.duration,1744947130178000000,1744947190169000000,0
cacheStateStorage.get.duration,1744947130178000000,1744947190169000000,0
cacheStateStorage.get.counter,1744947130178000000,1744947190169000000,0
workspaceModel.cachedValueWithParameters.from.cache.count,1744947130178000000,1744947190169000000,0
workspaceModel.update.unloaded.entities.ms,1744947130178000000,1744947190169000000,0
workspaceModel.cachedValueWithParameters.clear.count,1744947130178000000,1744947190169000000,0
workspaceModel.cachedValue.clear.count,1744947130178000000,1744947190169000000,0
workspaceModel.workspaceFileIndexData.visitFileSets.ms,1744947130178000000,1744947190169000000,0
workspaceModel.cachedValue.from.cache.count,1744947130178000000,1744947190169000000,1345
workspaceModel.workspaceFileIndexContributor.registerFileSets.ms,1744947130178000000,1744947190169000000,0
workspaceModel.workspaceFileIndexData.init.ms,1744947130178000000,1744947190169000000,0
workspaceModel.pre.handlers.ms,1744947130178000000,1744947190169000000,0
workspaceModel.on.before.changed.ms,1744947130178000000,1744947190169000000,0
workspaceModel.updates.precise.ms,1744947130178000000,1744947190169000000,0
workspaceModel.entityStorageSnapshotImpl.instances.count,1744947130178000000,1744947190169000000,0
workspaceModel.check.recursive.update.ms,1744947130178000000,1744947190169000000,0
workspaceModel.loading.total.ms,1744947130178000000,1744947190169000000,0
workspaceModel.initializing.ms,1744947130178000000,1744947190169000000,0
workspaceModel.cachedValue.calculated.count,1744947130178000000,1744947190169000000,0
workspaceModel.on.changed.ms,1744947130178000000,1744947190169000000,0
workspaceModel.workspaceFileIndexData.processFileSets.ms,1744947130178000000,1744947190169000000,0
workspaceModel.workspaceFileIndexData.getFileInfo.ms,1744947130178000000,1744947190169000000,18
workspaceModel.full.replace.project.model.ms,1744947130178000000,1744947190169000000,0
workspaceModel.cachedValueWithParameters.total.get.count,1744947130178000000,1744947190169000000,0
workspaceModel.workspaceFileIndexData.getDirectoriesByPackageName.ms,1744947130178000000,1744947190169000000,0
workspaceModel.workspaceFileIndexData.updateDirtyEntities.ms,1744947130178000000,1744947190169000000,0
workspaceModel.replace.project.model.ms,1744947130178000000,1744947190169000000,0
workspaceModel.updates.count,1744947130178000000,1744947190169000000,0
workspaceModel.loading.from.cache.ms,1744947130178000000,1744947190169000000,0
workspaceModel.cachedValueWithParameters.calculated.count,1744947130178000000,1744947190169000000,0
workspaceModel.workspaceFileIndexData.instances.count,1744947130178000000,1744947190169000000,0
workspaceModel.workspaceFileIndexData.onEntitiesChanged.ms,1744947130178000000,1744947190169000000,0
workspaceModel.to.snapshot.ms,1744947130178000000,1744947190169000000,0
workspaceModel.workspaceFileIndexData.getPackageName.ms,1744947130178000000,1744947190169000000,0
workspaceModel.collect.changes.ms,1744947130178000000,1744947190169000000,0
workspaceModel.init.bridges.ms,1744947130178000000,1744947190169000000,0
workspaceModel.workspaceFileIndexData.markDirty.ms,1744947130178000000,1744947190169000000,0
workspaceModel.cachedValue.total.get.count,1744947130178000000,1744947190169000000,1345
workspaceModel.updates.ms,1744947130178000000,1744947190169000000,0
NonBlockingReadAction.finalizedExecutionTimeUs,1744947130178000000,1744947190169000000,234775
FlushQueue.queueSizeAvg,1744947130178000000,1744947190169000000,0.0
NonBlockingReadAction.failedExecutionTimeUs,1744947130178000000,1744947190169000000,0
NonBlockingReadAction.finalizedExecutionsCount,1744947130178000000,1744947190169000000,455
AWTEventQueue.dispatchTimeTotalNS,1744947130178000000,1744947190169000000,3279180128
FlushQueue.queueSizeMax,1744947130178000000,1744947190169000000,0
AWTEventQueue.eventsDispatched,1744947130178000000,1744947190169000000,0
FlushQueue.waitingTimeMaxNs,1744947130178000000,1744947190169000000,0
FlushQueue.queueSize90P,1744947130178000000,1744947190169000000,0
FlushQueue.waitingTimeAvgNs,1744947130178000000,1744947190169000000,0.0
FlushQueue.executionTimeAvgNs,1744947130178000000,1744947190169000000,0.0
FlushQueue.executionTimeMaxNs,1744947130178000000,1744947190169000000,0
AWTEventQueue.dispatchTimeAvgNs,1744947130178000000,1744947190169000000,0.0
ReadAction.executionsCount,1744947130178000000,1744947190169000000,184719
NonBlockingReadAction.failedExecutionsCount,1744947130178000000,1744947190169000000,0
FlushQueue.executionTime90PNs,1744947130178000000,1744947190169000000,0
AWTEventQueue.dispatchTime90PNs,1744947130178000000,1744947190169000000,0
FlushQueue.tasksExecuted,1744947130178000000,1744947190169000000,0
WriteAction.executionsCount,1744947130178000000,1744947190169000000,107
AWTEventQueue.dispatchTimeMaxNs,1744947130178000000,1744947190169000000,0
FlushQueue.waitingTime90PNs,1744947130178000000,1744947190169000000,0
workspaceModel.do.save.caches.ms,1744947130178000000,1744947190169000000,0
workspaceModel.moduleManagerBridge.load.module.ms,1744947130178000000,1744947190169000000,0
workspaceModel.mutableEntityStorage.put.entity.ms,1744947130178000000,1744947190169000000,0
workspaceModel.load.cache.from.file.ms,1744947130178000000,1744947190169000000,0
jps.global.get.library.by.name.ms,1744947130178000000,1744947190169000000,0
workspaceModel.mutableEntityStorage.add.entity.ms,1744947130178000000,1744947190169000000,0
workspaceModel.mutableEntityStorage.entities.by.source.ms,1744947130178000000,1744947190169000000,0
jps.global.handle.before.change.events.ms,1744947130178000000,1744947190169000000,0
jps.artifact.entities.serializer.save.entities.ms,1744947130178000000,1744947190169000000,0
jps.module.dependency.index.workspace.model.listener.on.changed.ms,1744947130178000000,1744947190169000000,0
workspaceModel.moduleBridge.before.changed.ms,1744947130178000000,1744947190169000000,0
workspaceModel.moduleManagerBridge.build.module.graph.ms,1744947130178000000,1744947190169000000,0
jps.project.serializers.save.ms,1744947130178000000,1744947190169000000,0
workspaceModel.mutableEntityStorage.changeLog.addReplaceEventForNewParent.ms,1744947130178000000,1744947190169000000,0
jps.app.storage.content.writer.save.component.ms,1744947130178000000,1744947190169000000,0
workspaceModel.mutableEntityStorage.resolve.ms,1744947130178000000,1744947190169000000,0
jps.save.global.entities.ms,1744947130178000000,1744947190169000000,0
workspaceModel.moduleManagerBridge.get.modules.ms,1744947130178000000,1744947190169000000,0
workspaceModel.moduleBridgeLoader.loading.modules.ms,1744947130178000000,1744947190169000000,0
jps.storage.jps.conf.reader.load.component.ms,1744947130178000000,1744947190169000000,0
workspaceModel.mutableEntityStorage.entities.ms,1744947130178000000,1744947190169000000,0
jps.facet.change.listener.init.bridge.ms,1744947130178000000,1744947190169000000,0
workspaceModel.mutableEntityStorage.changeLog.addReplaceEventForNewChild.ms,1744947130178000000,1744947190169000000,0
workspaceModel.moduleManagerBridge.create.module.instance.ms,1744947130178000000,1744947190169000000,0
jps.load.project.to.empty.storage.ms,1744947130178000000,1744947190169000000,0
workspaceModel.mutableEntityStorage.mutable.vfurl.index.ms,1744947130178000000,1744947190169000000,0
workspaceModel.moduleBridge.update.option.ms,1744947130178000000,1744947190169000000,0
jps.app.storage.content.reader.load.component.ms,1744947130178000000,1744947190169000000,0
workspaceModel.mutableEntityStorage.apply.changes.from.ms,1744947130178000000,1744947190169000000,0
workspaceModel.orphan.listener.update.ms,1744947130178000000,1744947190169000000,0
workspaceModel.moduleManagerBridge.set.unloadedModules.ms,1744947130178000000,1744947190169000000,0
workspaceModel.mutableEntityStorage.changeLog.addReplaceEventForRemovedChild.ms,1744947130178000000,1744947190169000000,0
jps.global.get.libraries.ms,1744947130178000000,1744947190169000000,0
jps.load.initial.state.ms,1744947130178000000,1744947190169000000,0
jps.facet.change.listener.process.change.events.ms,1744947130178000000,1744947190169000000,0
jps.global.get.library.ms,1744947130178000000,1744947190169000000,0
jps.facet.change.listener.before.change.events.ms,1744947130178000000,1744947190169000000,0
workspaceModel.moduleBridge.facet.initialization.ms,1744947130178000000,1744947190169000000,0
jps.artifact.entities.serializer.load.entities.ms,1744947130178000000,1744947190169000000,0
jps.global.initialize.library.bridges.ms,1744947130178000000,1744947190169000000,0
workspaceModel.save.cache.to.file.ms,1744947130178000000,1744947190169000000,0
workspaceModel.mutableEntityStorage.collect.changes.ms,1744947130178000000,1744947190169000000,0
jps.module.iml.entities.serializer.save.entities.ms,1744947130178000000,1744947190169000000,0
jps.global.handle.changed.events.ms,1744947130178000000,1744947190169000000,0
workspaceModel.global.updates.ms,1744947130178000000,1744947190169000000,0
workspaceModel.mutableEntityStorage.referrers.ms,1744947130178000000,1744947190169000000,0
workspaceModel.mutableEntityStorage.changeLog.addReplaceEventForRemovedParent.ms,1744947130178000000,1744947190169000000,0
workspaceModel.moduleManagerBridge.newModule.ms,1744947130178000000,1744947190169000000,0
jps.project.serializers.load.ms,1744947130178000000,1744947190169000000,0
jps.module.iml.entities.serializer.load.entities.ms,1744947130178000000,1744947190169000000,0
workspaceModel.mutableEntityStorage.instances.count,1744947130178000000,1744947190169000000,0
workspaceModel.moduleManagerBridge.load.all.modules.ms,1744947130178000000,1744947190169000000,0
workspaceModel.moduleManagerBridge.new.nonPersistent.module.ms,1744947130178000000,1744947190169000000,0
workspaceModel.global.apply.state.to.project.builder.ms,1744947130178000000,1744947190169000000,0
workspaceModel.global.updates.count,1744947130178000000,1744947190169000000,0
jps.library.entities.serializer.save.entities.ms,1744947130178000000,1744947190169000000,0
workspaceModel.mutableEntityStorage.replace.by.source.ms,1744947130178000000,1744947190169000000,0
workspaceModel.mutableEntityStorage.remove.entity.ms,1744947130178000000,1744947190169000000,0
jps.global.initialize.library.bridges.after.loading.ms,1744947130178000000,1744947190169000000,0
workspaceModel.mutableEntityStorage.modify.entity.ms,1744947130178000000,1744947190169000000,0
workspaceModel.load.cache.metadata.from.file.ms,1744947130178000000,1744947190169000000,0
workspaceModel.mutableEntityStorage.has.same.entities.ms,1744947130178000000,1744947190169000000,0
workspaceModel.mutableEntityStorage.mutable.ext.mapping.ms,1744947130178000000,1744947190169000000,0
jps.reload.project.entities.ms,1744947130178000000,1744947190169000000,0
jps.apply.loaded.storage.ms,1744947130178000000,1744947190169000000,0
workspaceModel.delayed.project.synchronizer.sync.ms,1744947130178000000,1744947190169000000,0
workspaceModel.global.apply.state.to.project.ms,1744947130178000000,1744947190169000000,0
workspaceModel.sync.entities.ms,1744947130178000000,1744947190169000000,0
workspaceModel.mutableEntityStorage.to.snapshot.ms,1744947130178000000,1744947190169000000,0
jps.library.entities.serializer.load.entities.ms,1744947130178000000,1744947190169000000,0
jps.save.changed.project.entities.ms,1744947130178000000,1744947190169000000,0
IndexesFlusher.totalFlushesRetried,1744947130178000000,1744947190169000000,0
Indexing.writer_0.totalTimeSpentWritingMs,1744947130178000000,1744947190169000000,0
Indexing.writesQueuedMin,1744947130178000000,1744947190169000000,9223372036854775807
Indexing.cache.totalCacheAccesses,1744947130178000000,1744947190169000000,30
Indexes.entries.lookupDurationMaxMs,1744947130178000000,1744947190169000000,0.0
Indexes.stubs.lookupDurationMaxMs,1744947130178000000,1744947190169000000,0.0
Indexes.entries.lookupDuration90PMs,1744947130178000000,1744947190169000000,0.0
Indexes.allKeys.lookupDurationMaxMs,1744947130178000000,1744947190169000000,0.0
Indexing.writer_2.totalTimeSpentWritingMs,1744947130178000000,1744947190169000000,0
Indexes.stubs.lookupDuration90PMs,1744947130178000000,1744947190169000000,0.0
Indexes.stubs.lookupDurationAvgMs,1744947130178000000,1744947190169000000,0.0
Indexes.entries.lookups,1744947130178000000,1744947190169000000,0
Indexing.writer_1.totalTimeSpentWritingMs,1744947130178000000,1744947190169000000,0
Indexes.allKeys.lookupDurationAvgMs,1744947130178000000,1744947190169000000,0.0
Indexing.writesQueuedMax,1744947130178000000,1744947190169000000,0
Indexing.cache.totalCacheMisses,1744947130178000000,1744947190169000000,23
IndexesFlusher.totalFlushes,1744947130178000000,1744947190169000000,59
Indexes.stubs.lookups,1744947130178000000,1744947190169000000,0
Indexes.allKeys.lookupDuration90PMs,1744947130178000000,1744947190169000000,0.0
Indexing.cache.totalCacheEvicted,1744947130178000000,1744947190169000000,23
Indexes.allKeys.lookups,1744947130178000000,1744947190169000000,0
IndexesFlusher.totalFlushingTimeUs,1744947130178000000,1744947190169000000,97885
Indexing.writer_3.totalTimeSpentWritingMs,1744947130178000000,1744947190169000000,0
Indexing.totalTimeIndexersSleptMs,1744947130178000000,1744947190169000000,0
Indexes.entries.lookupDurationAvgMs,1744947130178000000,1744947190169000000,0.0
IndexesFlusher.totalContentionQuotaSpent,1744947130178000000,1744947190169000000,0
JVM.totalTimeAtSafepointsMs,1744947130178000000,1744947190169000000,8
JVM.usedNativeBytes,1744947130178000000,1744947190169000000,439715880
OS.loadAverage,1744947130178000000,1744947190169000000,0.15087890625
JVM.maxHeapBytes,1744947130178000000,1744947190169000000,2147483648
JVM.usedHeapBytes,1744947130178000000,1744947190169000000,562007160
JVM.GC.collectionTimesMs,1744947130178000000,1744947190169000000,6
JVM.totalDirectByteBuffersBytes,1744947130178000000,1744947190169000000,162412648
JVM.totalSafepointCount,1744947130178000000,1744947190169000000,39
JVM.totalTimeToSafepointsMs,1744947130178000000,1744947190169000000,2
JVM.maxThreadCount,1744947130178000000,1744947190169000000,132
JVM.totalCpuTimeMs,1744947130178000000,1744947190169000000,16010
JVM.threadCount,1744947130178000000,1744947190169000000,65
JVM.newThreadsCount,1744947130178000000,1744947190169000000,1
JVM.GC.collections,1744947130178000000,1744947190169000000,1
JVM.totalBytesAllocated,1744947130178000000,1744947190169000000,390378792
StreamlinedBlobStorage.recordsAllocated,1744947130178000000,1744947190169000000,0
FileChannelInterruptsRetryer.totalRetriedAttempts,1744947130178000000,1744947190169000000,0
FilePageCacheLockFree.totalBytesRequested,1744947130178000000,1744947190169000000,0
FilePageCacheLockFree.totalPagesRequested,1744947130178000000,1744947190169000000,0
FilePageCache.disposedBuffers,1744947130178000000,1744947190169000000,0
DirectByteBufferAllocator.misses,1744947130178000000,1744947190169000000,0
FilePageCacheLockFree.totalNativeBytesReclaimed,1744947130178000000,1744947190169000000,0
StreamlinedBlobStorage.recordsDeleted,1744947130178000000,1744947190169000000,0
FilePageCache.pageLoadsAboveSizeThreshold,1744947130178000000,1744947190169000000,0
FilePageCache.pageFastCacheHits,1744947130178000000,1744947190169000000,0
FilePageCacheLockFree.housekeeperTurnsSkipped,1744947130178000000,1744947190169000000,0
DirectByteBufferAllocator.totalSizeOfBuffersCachedInBytes,1744947130178000000,1744947190169000000,0
MappedFileStorage.storages,1744947130178000000,1744947190169000000,16
FilePageCache.uncachedFileAccess,1744947130178000000,1744947190169000000,0
MappedFileStorage.totalPagesMapped,1744947130178000000,1744947190169000000,16
FilePageCacheLockFree.totalPagesReclaimed,1744947130178000000,1744947190169000000,0
FilePageCacheLockFree.totalPagesRequestsMs,1744947130178000000,1744947190169000000,0
DirectByteBufferAllocator.reclaimed,1744947130178000000,1744947190169000000,0
FilePageCache.capacityInBytes,1744947130178000000,1744947190169000000,503316478
StorageLockContext.competingThreads.avg,1744947130178000000,1744947190169000000,0.0
FilePageCache.totalPageLoadsUs,1744947130178000000,1744947190169000000,0
MappedFileStorage.totalTimeSpentOnMappingUs,1744947130178000000,1744947190169000000,41443
StorageLockContext.competingThreads.90P,1744947130178000000,1744947190169000000,0
FilePageCacheLockFree.totalBytesWritten,1744947130178000000,1744947190169000000,0
StreamlinedBlobStorage.totalLiveRecordsCapacityBytes,1744947130178000000,1744947190169000000,0
FilePageCache.pageHits,1744947130178000000,1744947190169000000,0
FilePageCacheLockFree.totalPagesHandedOver,1744947130178000000,1744947190169000000,0
FilePageCacheLockFree.totalPagesWritten,1744947130178000000,1744947190169000000,0
FilePageCacheLockFree.totalClosedStoragesReclaimed,1744947130178000000,1744947190169000000,0
FilePageCacheLockFree.totalPagesWriteMs,1744947130178000000,1744947190169000000,0
FilePageCacheLockFree.totalPageAllocationsWaited,1744947130178000000,1744947190169000000,0
FilePageCacheLockFree.nativeBytesInUse,1744947130178000000,1744947190169000000,0
MappedFileStorage.totalBytesMapped,1744947130178000000,1744947190169000000,202637312
DirectByteBufferAllocator.totalSizeOfBuffersAllocatedInBytes,1744947130178000000,1744947190169000000,161619968
StreamlinedBlobStorage.recordsRelocated,1744947130178000000,1744947190169000000,0
StreamlinedBlobStorage.totalLiveRecordsPayloadBytes,1744947130178000000,1744947190169000000,0
FilePageCacheLockFree.totalBytesRead,1744947130178000000,1744947190169000000,0
FilePageCache.totalPageDisposalsUs,1744947130178000000,1744947190169000000,0
FilePageCache.maxRegisteredFiles,1744947130178000000,1744947190169000000,261
DirectByteBufferAllocator.disposed,1744947130178000000,1744947190169000000,0
FilePageCache.pageLoads,1744947130178000000,1744947190169000000,0
FilePageCacheLockFree.totalPagesAllocated,1744947130178000000,1744947190169000000,0
FilePageCacheLockFree.totalHeapBytesReclaimed,1744947130178000000,1744947190169000000,0
FilePageCacheLockFree.heapBytesInUse,1744947130178000000,1744947190169000000,0
FilePageCache.maxCacheSizeInBytes,1744947130178000000,1744947190169000000,161619968
DirectByteBufferAllocator.hits,1744947130178000000,1744947190169000000,0
FilePageCacheLockFree.totalNativeBytesAllocated,1744947130178000000,1744947190169000000,0
FilePageCacheLockFree.totalHeapBytesAllocated,1744947130178000000,1744947190169000000,0
StorageLockContext.competingThreads.max,1744947130178000000,1744947190169000000,0
FilePageCacheLockFree.housekeeperTimeSpentMs,1744947130178000000,1744947190169000000,0
FilePageCacheLockFree.housekeeperTurnsDone,1744947130178000000,1744947190169000000,0
FilePageCacheLockFree.totalPagesReadMs,1744947130178000000,1744947190169000000,0
VFS.invertedFileNameIndex.requests,1744947190169000000,1744947250170000000,0
VFS.contentStorage.recordsDecompressionTimeUs,1744947190169000000,1744947250170000000,0
VFS.contentStorage.recordsUncompressedSize,1744947190169000000,1744947250170000000,0
VFS.fileChildByName,1744947190169000000,1744947250170000000,27251
FileNameCache.queries,1744947190169000000,1744947250170000000,0
VFS.contentStorage.recordsRead,1744947190169000000,1744947250170000000,138
VFS.contentStorage.recordsStoredCompressed,1744947190169000000,1744947250170000000,0
VFS.fileByIdCache.hits,1744947190169000000,1744947250170000000,0
VFS.contentStorage.recordsReadDecompressed,1744947190169000000,1744947250170000000,0
VFS.contentStorage.recordsReadSize,1744947190169000000,1744947250170000000,255438
VFS.contentStorage.recordsStored,1744947190169000000,1744947250170000000,0
VFS.contentStorage.recordsDeduplicated,1744947190169000000,1744947250170000000,0
FileNameCache.totalMisses,1744947190169000000,1744947250170000000,0
VFS.fileByIdCache.misses,1744947190169000000,1744947250170000000,0
VFS.contentStorage.recordsStoredSize,1744947190169000000,1744947250170000000,0
DiskQueryRelay.taskWaitingTotalTimeUs,1744947190169000000,1744947250170000000,0
DiskQueryRelay.tasksRequested,1744947190169000000,1744947250170000000,0
writeAction.count,1744947190169000000,1744947250170000000,189
writeAction.wait.ms,1744947190169000000,1744947250170000000,4
writeAction.median.wait.ms,1744947190169000000,1744947250170000000,200
DiskQueryRelay.taskExecutionTotalTimeUs,1744947190169000000,1744947250170000000,0
DiskQueryRelay.tasksExecuted,1744947190169000000,1744947250170000000,0
writeAction.max.wait.ms,1744947190169000000,1744947250170000000,96
cacheStateStorage.set.counter,1744947190169000000,1744947250170000000,0
cacheStateStorage.set.duration,1744947190169000000,1744947250170000000,0
cacheStateStorage.get.duration,1744947190169000000,1744947250170000000,0
cacheStateStorage.get.counter,1744947190169000000,1744947250170000000,0
workspaceModel.cachedValueWithParameters.from.cache.count,1744947190169000000,1744947250170000000,0
workspaceModel.update.unloaded.entities.ms,1744947190169000000,1744947250170000000,0
workspaceModel.cachedValueWithParameters.clear.count,1744947190169000000,1744947250170000000,0
workspaceModel.cachedValue.clear.count,1744947190169000000,1744947250170000000,0
workspaceModel.workspaceFileIndexData.visitFileSets.ms,1744947190169000000,1744947250170000000,0
workspaceModel.cachedValue.from.cache.count,1744947190169000000,1744947250170000000,2190
workspaceModel.workspaceFileIndexContributor.registerFileSets.ms,1744947190169000000,1744947250170000000,0
workspaceModel.workspaceFileIndexData.init.ms,1744947190169000000,1744947250170000000,0
workspaceModel.pre.handlers.ms,1744947190169000000,1744947250170000000,0
workspaceModel.on.before.changed.ms,1744947190169000000,1744947250170000000,0
workspaceModel.updates.precise.ms,1744947190169000000,1744947250170000000,0
workspaceModel.entityStorageSnapshotImpl.instances.count,1744947190169000000,1744947250170000000,0
workspaceModel.check.recursive.update.ms,1744947190169000000,1744947250170000000,0
workspaceModel.loading.total.ms,1744947190169000000,1744947250170000000,0
workspaceModel.initializing.ms,1744947190169000000,1744947250170000000,0
workspaceModel.cachedValue.calculated.count,1744947190169000000,1744947250170000000,0
workspaceModel.on.changed.ms,1744947190169000000,1744947250170000000,0
workspaceModel.workspaceFileIndexData.processFileSets.ms,1744947190169000000,1744947250170000000,0
workspaceModel.workspaceFileIndexData.getFileInfo.ms,1744947190169000000,1744947250170000000,28
workspaceModel.full.replace.project.model.ms,1744947190169000000,1744947250170000000,0
workspaceModel.cachedValueWithParameters.total.get.count,1744947190169000000,1744947250170000000,0
workspaceModel.workspaceFileIndexData.getDirectoriesByPackageName.ms,1744947190169000000,1744947250170000000,0
workspaceModel.workspaceFileIndexData.updateDirtyEntities.ms,1744947190169000000,1744947250170000000,0
workspaceModel.replace.project.model.ms,1744947190169000000,1744947250170000000,0
workspaceModel.updates.count,1744947190169000000,1744947250170000000,0
workspaceModel.loading.from.cache.ms,1744947190169000000,1744947250170000000,0
workspaceModel.cachedValueWithParameters.calculated.count,1744947190169000000,1744947250170000000,0
workspaceModel.workspaceFileIndexData.instances.count,1744947190169000000,1744947250170000000,0
workspaceModel.workspaceFileIndexData.onEntitiesChanged.ms,1744947190169000000,1744947250170000000,0
workspaceModel.to.snapshot.ms,1744947190169000000,1744947250170000000,0
workspaceModel.workspaceFileIndexData.getPackageName.ms,1744947190169000000,1744947250170000000,0
workspaceModel.collect.changes.ms,1744947190169000000,1744947250170000000,0
workspaceModel.init.bridges.ms,1744947190169000000,1744947250170000000,0
workspaceModel.workspaceFileIndexData.markDirty.ms,1744947190169000000,1744947250170000000,0
workspaceModel.cachedValue.total.get.count,1744947190169000000,1744947250170000000,2190
workspaceModel.updates.ms,1744947190169000000,1744947250170000000,0
NonBlockingReadAction.finalizedExecutionTimeUs,1744947190169000000,1744947250170000000,394764
FlushQueue.queueSizeAvg,1744947190169000000,1744947250170000000,0.0
NonBlockingReadAction.failedExecutionTimeUs,1744947190169000000,1744947250170000000,0
NonBlockingReadAction.finalizedExecutionsCount,1744947190169000000,1744947250170000000,429
AWTEventQueue.dispatchTimeTotalNS,1744947190169000000,1744947250170000000,3717098424
FlushQueue.queueSizeMax,1744947190169000000,1744947250170000000,0
AWTEventQueue.eventsDispatched,1744947190169000000,1744947250170000000,0
FlushQueue.waitingTimeMaxNs,1744947190169000000,1744947250170000000,0
FlushQueue.queueSize90P,1744947190169000000,1744947250170000000,0
FlushQueue.waitingTimeAvgNs,1744947190169000000,1744947250170000000,0.0
FlushQueue.executionTimeAvgNs,1744947190169000000,1744947250170000000,0.0
FlushQueue.executionTimeMaxNs,1744947190169000000,1744947250170000000,0
AWTEventQueue.dispatchTimeAvgNs,1744947190169000000,1744947250170000000,0.0
ReadAction.executionsCount,1744947190169000000,1744947250170000000,187599
NonBlockingReadAction.failedExecutionsCount,1744947190169000000,1744947250170000000,0
FlushQueue.executionTime90PNs,1744947190169000000,1744947250170000000,0
AWTEventQueue.dispatchTime90PNs,1744947190169000000,1744947250170000000,0
FlushQueue.tasksExecuted,1744947190169000000,1744947250170000000,0
WriteAction.executionsCount,1744947190169000000,1744947250170000000,189
AWTEventQueue.dispatchTimeMaxNs,1744947190169000000,1744947250170000000,0
FlushQueue.waitingTime90PNs,1744947190169000000,1744947250170000000,0
workspaceModel.do.save.caches.ms,1744947190169000000,1744947250170000000,0
workspaceModel.moduleManagerBridge.load.module.ms,1744947190169000000,1744947250170000000,0
workspaceModel.mutableEntityStorage.put.entity.ms,1744947190169000000,1744947250170000000,0
workspaceModel.load.cache.from.file.ms,1744947190169000000,1744947250170000000,0
jps.global.get.library.by.name.ms,1744947190169000000,1744947250170000000,0
workspaceModel.mutableEntityStorage.add.entity.ms,1744947190169000000,1744947250170000000,0
workspaceModel.mutableEntityStorage.entities.by.source.ms,1744947190169000000,1744947250170000000,0
jps.global.handle.before.change.events.ms,1744947190169000000,1744947250170000000,0
jps.artifact.entities.serializer.save.entities.ms,1744947190169000000,1744947250170000000,0
jps.module.dependency.index.workspace.model.listener.on.changed.ms,1744947190169000000,1744947250170000000,0
workspaceModel.moduleBridge.before.changed.ms,1744947190169000000,1744947250170000000,0
workspaceModel.moduleManagerBridge.build.module.graph.ms,1744947190169000000,1744947250170000000,0
jps.project.serializers.save.ms,1744947190169000000,1744947250170000000,0
workspaceModel.mutableEntityStorage.changeLog.addReplaceEventForNewParent.ms,1744947190169000000,1744947250170000000,0
jps.app.storage.content.writer.save.component.ms,1744947190169000000,1744947250170000000,0
workspaceModel.mutableEntityStorage.resolve.ms,1744947190169000000,1744947250170000000,0
jps.save.global.entities.ms,1744947190169000000,1744947250170000000,0
workspaceModel.moduleManagerBridge.get.modules.ms,1744947190169000000,1744947250170000000,0
workspaceModel.moduleBridgeLoader.loading.modules.ms,1744947190169000000,1744947250170000000,0
jps.storage.jps.conf.reader.load.component.ms,1744947190169000000,1744947250170000000,0
workspaceModel.mutableEntityStorage.entities.ms,1744947190169000000,1744947250170000000,0
jps.facet.change.listener.init.bridge.ms,1744947190169000000,1744947250170000000,0
workspaceModel.mutableEntityStorage.changeLog.addReplaceEventForNewChild.ms,1744947190169000000,1744947250170000000,0
workspaceModel.moduleManagerBridge.create.module.instance.ms,1744947190169000000,1744947250170000000,0
jps.load.project.to.empty.storage.ms,1744947190169000000,1744947250170000000,0
workspaceModel.mutableEntityStorage.mutable.vfurl.index.ms,1744947190169000000,1744947250170000000,0
workspaceModel.moduleBridge.update.option.ms,1744947190169000000,1744947250170000000,0
jps.app.storage.content.reader.load.component.ms,1744947190169000000,1744947250170000000,0
workspaceModel.mutableEntityStorage.apply.changes.from.ms,1744947190169000000,1744947250170000000,0
workspaceModel.orphan.listener.update.ms,1744947190169000000,1744947250170000000,0
workspaceModel.moduleManagerBridge.set.unloadedModules.ms,1744947190169000000,1744947250170000000,0
workspaceModel.mutableEntityStorage.changeLog.addReplaceEventForRemovedChild.ms,1744947190169000000,1744947250170000000,0
jps.global.get.libraries.ms,1744947190169000000,1744947250170000000,0
jps.load.initial.state.ms,1744947190169000000,1744947250170000000,0
jps.facet.change.listener.process.change.events.ms,1744947190169000000,1744947250170000000,0
jps.global.get.library.ms,1744947190169000000,1744947250170000000,0
jps.facet.change.listener.before.change.events.ms,1744947190169000000,1744947250170000000,0
workspaceModel.moduleBridge.facet.initialization.ms,1744947190169000000,1744947250170000000,0
jps.artifact.entities.serializer.load.entities.ms,1744947190169000000,1744947250170000000,0
jps.global.initialize.library.bridges.ms,1744947190169000000,1744947250170000000,0
workspaceModel.save.cache.to.file.ms,1744947190169000000,1744947250170000000,0
workspaceModel.mutableEntityStorage.collect.changes.ms,1744947190169000000,1744947250170000000,0
jps.module.iml.entities.serializer.save.entities.ms,1744947190169000000,1744947250170000000,0
jps.global.handle.changed.events.ms,1744947190169000000,1744947250170000000,0
workspaceModel.global.updates.ms,1744947190169000000,1744947250170000000,0
workspaceModel.mutableEntityStorage.referrers.ms,1744947190169000000,1744947250170000000,0
workspaceModel.mutableEntityStorage.changeLog.addReplaceEventForRemovedParent.ms,1744947190169000000,1744947250170000000,0
workspaceModel.moduleManagerBridge.newModule.ms,1744947190169000000,1744947250170000000,0
jps.project.serializers.load.ms,1744947190169000000,1744947250170000000,0
jps.module.iml.entities.serializer.load.entities.ms,1744947190169000000,1744947250170000000,0
workspaceModel.mutableEntityStorage.instances.count,1744947190169000000,1744947250170000000,0
workspaceModel.moduleManagerBridge.load.all.modules.ms,1744947190169000000,1744947250170000000,0
workspaceModel.moduleManagerBridge.new.nonPersistent.module.ms,1744947190169000000,1744947250170000000,0
workspaceModel.global.apply.state.to.project.builder.ms,1744947190169000000,1744947250170000000,0
workspaceModel.global.updates.count,1744947190169000000,1744947250170000000,0
jps.library.entities.serializer.save.entities.ms,1744947190169000000,1744947250170000000,0
workspaceModel.mutableEntityStorage.replace.by.source.ms,1744947190169000000,1744947250170000000,0
workspaceModel.mutableEntityStorage.remove.entity.ms,1744947190169000000,1744947250170000000,0
jps.global.initialize.library.bridges.after.loading.ms,1744947190169000000,1744947250170000000,0
workspaceModel.mutableEntityStorage.modify.entity.ms,1744947190169000000,1744947250170000000,0
workspaceModel.load.cache.metadata.from.file.ms,1744947190169000000,1744947250170000000,0
workspaceModel.mutableEntityStorage.has.same.entities.ms,1744947190169000000,1744947250170000000,0
workspaceModel.mutableEntityStorage.mutable.ext.mapping.ms,1744947190169000000,1744947250170000000,0
jps.reload.project.entities.ms,1744947190169000000,1744947250170000000,0
jps.apply.loaded.storage.ms,1744947190169000000,1744947250170000000,0
workspaceModel.delayed.project.synchronizer.sync.ms,1744947190169000000,1744947250170000000,0
workspaceModel.global.apply.state.to.project.ms,1744947190169000000,1744947250170000000,0
workspaceModel.sync.entities.ms,1744947190169000000,1744947250170000000,0
workspaceModel.mutableEntityStorage.to.snapshot.ms,1744947190169000000,1744947250170000000,0
jps.library.entities.serializer.load.entities.ms,1744947190169000000,1744947250170000000,0
jps.save.changed.project.entities.ms,1744947190169000000,1744947250170000000,0
IndexesFlusher.totalFlushesRetried,1744947190169000000,1744947250170000000,0
Indexing.writer_0.totalTimeSpentWritingMs,1744947190169000000,1744947250170000000,0
Indexing.writesQueuedMin,1744947190169000000,1744947250170000000,9223372036854775807
Indexing.cache.totalCacheAccesses,1744947190169000000,1744947250170000000,46
Indexes.entries.lookupDurationMaxMs,1744947190169000000,1744947250170000000,0.0
Indexes.stubs.lookupDurationMaxMs,1744947190169000000,1744947250170000000,0.0
Indexes.entries.lookupDuration90PMs,1744947190169000000,1744947250170000000,0.0
Indexes.allKeys.lookupDurationMaxMs,1744947190169000000,1744947250170000000,0.0
Indexing.writer_2.totalTimeSpentWritingMs,1744947190169000000,1744947250170000000,0
Indexes.stubs.lookupDuration90PMs,1744947190169000000,1744947250170000000,0.0
Indexes.stubs.lookupDurationAvgMs,1744947190169000000,1744947250170000000,0.0
Indexes.entries.lookups,1744947190169000000,1744947250170000000,0
Indexing.writer_1.totalTimeSpentWritingMs,1744947190169000000,1744947250170000000,0
Indexes.allKeys.lookupDurationAvgMs,1744947190169000000,1744947250170000000,0.0
Indexing.writesQueuedMax,1744947190169000000,1744947250170000000,0
Indexing.cache.totalCacheMisses,1744947190169000000,1744947250170000000,38
IndexesFlusher.totalFlushes,1744947190169000000,1744947250170000000,60
Indexes.stubs.lookups,1744947190169000000,1744947250170000000,0
Indexes.allKeys.lookupDuration90PMs,1744947190169000000,1744947250170000000,0.0
Indexing.cache.totalCacheEvicted,1744947190169000000,1744947250170000000,38
Indexes.allKeys.lookups,1744947190169000000,1744947250170000000,0
IndexesFlusher.totalFlushingTimeUs,1744947190169000000,1744947250170000000,99101
Indexing.writer_3.totalTimeSpentWritingMs,1744947190169000000,1744947250170000000,0
Indexing.totalTimeIndexersSleptMs,1744947190169000000,1744947250170000000,0
Indexes.entries.lookupDurationAvgMs,1744947190169000000,1744947250170000000,0.0
IndexesFlusher.totalContentionQuotaSpent,1744947190169000000,1744947250170000000,0
JVM.totalTimeAtSafepointsMs,1744947190169000000,1744947250170000000,56
JVM.usedNativeBytes,1744947190169000000,1744947250170000000,433859784
OS.loadAverage,1744947190169000000,1744947250170000000,0.1298828125
JVM.maxHeapBytes,1744947190169000000,1744947250170000000,2147483648
JVM.usedHeapBytes,1744947190169000000,1744947250170000000,588067584
JVM.GC.collectionTimesMs,1744947190169000000,1744947250170000000,54
JVM.totalDirectByteBuffersBytes,1744947190169000000,1744947250170000000,162420840
JVM.totalSafepointCount,1744947190169000000,1744947250170000000,47
JVM.totalTimeToSafepointsMs,1744947190169000000,1744947250170000000,1
JVM.maxThreadCount,1744947190169000000,1744947250170000000,132
JVM.totalCpuTimeMs,1744947190169000000,1744947250170000000,21430
JVM.threadCount,1744947190169000000,1744947250170000000,64
JVM.newThreadsCount,1744947190169000000,1744947250170000000,0
JVM.GC.collections,1744947190169000000,1744947250170000000,4
JVM.totalBytesAllocated,1744947190169000000,1744947250170000000,551745880
StreamlinedBlobStorage.recordsAllocated,1744947190169000000,1744947250170000000,0
FileChannelInterruptsRetryer.totalRetriedAttempts,1744947190169000000,1744947250170000000,0
FilePageCacheLockFree.totalBytesRequested,1744947190169000000,1744947250170000000,0
FilePageCacheLockFree.totalPagesRequested,1744947190169000000,1744947250170000000,0
FilePageCache.disposedBuffers,1744947190169000000,1744947250170000000,0
DirectByteBufferAllocator.misses,1744947190169000000,1744947250170000000,0
FilePageCacheLockFree.totalNativeBytesReclaimed,1744947190169000000,1744947250170000000,0
StreamlinedBlobStorage.recordsDeleted,1744947190169000000,1744947250170000000,0
FilePageCache.pageLoadsAboveSizeThreshold,1744947190169000000,1744947250170000000,0
FilePageCache.pageFastCacheHits,1744947190169000000,1744947250170000000,0
FilePageCacheLockFree.housekeeperTurnsSkipped,1744947190169000000,1744947250170000000,0
DirectByteBufferAllocator.totalSizeOfBuffersCachedInBytes,1744947190169000000,1744947250170000000,0
MappedFileStorage.storages,1744947190169000000,1744947250170000000,16
FilePageCache.uncachedFileAccess,1744947190169000000,1744947250170000000,0
MappedFileStorage.totalPagesMapped,1744947190169000000,1744947250170000000,16
FilePageCacheLockFree.totalPagesReclaimed,1744947190169000000,1744947250170000000,0
FilePageCacheLockFree.totalPagesRequestsMs,1744947190169000000,1744947250170000000,0
DirectByteBufferAllocator.reclaimed,1744947190169000000,1744947250170000000,0
FilePageCache.capacityInBytes,1744947190169000000,1744947250170000000,503316478
StorageLockContext.competingThreads.avg,1744947190169000000,1744947250170000000,0.0
FilePageCache.totalPageLoadsUs,1744947190169000000,1744947250170000000,0
MappedFileStorage.totalTimeSpentOnMappingUs,1744947190169000000,1744947250170000000,41443
StorageLockContext.competingThreads.90P,1744947190169000000,1744947250170000000,0
FilePageCacheLockFree.totalBytesWritten,1744947190169000000,1744947250170000000,0
StreamlinedBlobStorage.totalLiveRecordsCapacityBytes,1744947190169000000,1744947250170000000,0
FilePageCache.pageHits,1744947190169000000,1744947250170000000,0
FilePageCacheLockFree.totalPagesHandedOver,1744947190169000000,1744947250170000000,0
FilePageCacheLockFree.totalPagesWritten,1744947190169000000,1744947250170000000,0
FilePageCacheLockFree.totalClosedStoragesReclaimed,1744947190169000000,1744947250170000000,0
FilePageCacheLockFree.totalPagesWriteMs,1744947190169000000,1744947250170000000,0
FilePageCacheLockFree.totalPageAllocationsWaited,1744947190169000000,1744947250170000000,0
FilePageCacheLockFree.nativeBytesInUse,1744947190169000000,1744947250170000000,0
MappedFileStorage.totalBytesMapped,1744947190169000000,1744947250170000000,202637312
DirectByteBufferAllocator.totalSizeOfBuffersAllocatedInBytes,1744947190169000000,1744947250170000000,161619968
StreamlinedBlobStorage.recordsRelocated,1744947190169000000,1744947250170000000,0
StreamlinedBlobStorage.totalLiveRecordsPayloadBytes,1744947190169000000,1744947250170000000,0
FilePageCacheLockFree.totalBytesRead,1744947190169000000,1744947250170000000,0
FilePageCache.totalPageDisposalsUs,1744947190169000000,1744947250170000000,0
FilePageCache.maxRegisteredFiles,1744947190169000000,1744947250170000000,261
DirectByteBufferAllocator.disposed,1744947190169000000,1744947250170000000,0
FilePageCache.pageLoads,1744947190169000000,1744947250170000000,0
FilePageCacheLockFree.totalPagesAllocated,1744947190169000000,1744947250170000000,0
FilePageCacheLockFree.totalHeapBytesReclaimed,1744947190169000000,1744947250170000000,0
FilePageCacheLockFree.heapBytesInUse,1744947190169000000,1744947250170000000,0
FilePageCache.maxCacheSizeInBytes,1744947190169000000,1744947250170000000,161619968
DirectByteBufferAllocator.hits,1744947190169000000,1744947250170000000,0
FilePageCacheLockFree.totalNativeBytesAllocated,1744947190169000000,1744947250170000000,0
FilePageCacheLockFree.totalHeapBytesAllocated,1744947190169000000,1744947250170000000,0
StorageLockContext.competingThreads.max,1744947190169000000,1744947250170000000,0
FilePageCacheLockFree.housekeeperTimeSpentMs,1744947190169000000,1744947250170000000,0
FilePageCacheLockFree.housekeeperTurnsDone,1744947190169000000,1744947250170000000,0
FilePageCacheLockFree.totalPagesReadMs,1744947190169000000,1744947250170000000,0
VFS.invertedFileNameIndex.requests,1744947250170000000,1744947310169000000,0
VFS.contentStorage.recordsDecompressionTimeUs,1744947250170000000,1744947310169000000,0
VFS.contentStorage.recordsUncompressedSize,1744947250170000000,1744947310169000000,0
VFS.fileChildByName,1744947250170000000,1744947310169000000,22521
FileNameCache.queries,1744947250170000000,1744947310169000000,11776
VFS.contentStorage.recordsRead,1744947250170000000,1744947310169000000,75
VFS.contentStorage.recordsStoredCompressed,1744947250170000000,1744947310169000000,0
VFS.fileByIdCache.hits,1744947250170000000,1744947310169000000,0
VFS.contentStorage.recordsReadDecompressed,1744947250170000000,1744947310169000000,0
VFS.contentStorage.recordsReadSize,1744947250170000000,1744947310169000000,138825
VFS.contentStorage.recordsStored,1744947250170000000,1744947310169000000,0
VFS.contentStorage.recordsDeduplicated,1744947250170000000,1744947310169000000,0
FileNameCache.totalMisses,1744947250170000000,1744947310169000000,0
VFS.fileByIdCache.misses,1744947250170000000,1744947310169000000,0
VFS.contentStorage.recordsStoredSize,1744947250170000000,1744947310169000000,0
DiskQueryRelay.taskWaitingTotalTimeUs,1744947250170000000,1744947310169000000,0
DiskQueryRelay.tasksRequested,1744947250170000000,1744947310169000000,0
writeAction.count,1744947250170000000,1744947310169000000,111
writeAction.wait.ms,1744947250170000000,1744947310169000000,1
writeAction.median.wait.ms,1744947250170000000,1744947310169000000,200
DiskQueryRelay.taskExecutionTotalTimeUs,1744947250170000000,1744947310169000000,0
DiskQueryRelay.tasksExecuted,1744947250170000000,1744947310169000000,0
writeAction.max.wait.ms,1744947250170000000,1744947310169000000,96
cacheStateStorage.set.counter,1744947250170000000,1744947310169000000,0
cacheStateStorage.set.duration,1744947250170000000,1744947310169000000,0
cacheStateStorage.get.duration,1744947250170000000,1744947310169000000,0
cacheStateStorage.get.counter,1744947250170000000,1744947310169000000,0
workspaceModel.cachedValueWithParameters.from.cache.count,1744947250170000000,1744947310169000000,0
workspaceModel.update.unloaded.entities.ms,1744947250170000000,1744947310169000000,0
workspaceModel.cachedValueWithParameters.clear.count,1744947250170000000,1744947310169000000,0
workspaceModel.cachedValue.clear.count,1744947250170000000,1744947310169000000,0
workspaceModel.workspaceFileIndexData.visitFileSets.ms,1744947250170000000,1744947310169000000,0
workspaceModel.cachedValue.from.cache.count,1744947250170000000,1744947310169000000,1633
workspaceModel.workspaceFileIndexContributor.registerFileSets.ms,1744947250170000000,1744947310169000000,0
workspaceModel.workspaceFileIndexData.init.ms,1744947250170000000,1744947310169000000,0
workspaceModel.pre.handlers.ms,1744947250170000000,1744947310169000000,0
workspaceModel.on.before.changed.ms,1744947250170000000,1744947310169000000,0
workspaceModel.updates.precise.ms,1744947250170000000,1744947310169000000,0
workspaceModel.entityStorageSnapshotImpl.instances.count,1744947250170000000,1744947310169000000,0
workspaceModel.check.recursive.update.ms,1744947250170000000,1744947310169000000,0
workspaceModel.loading.total.ms,1744947250170000000,1744947310169000000,0
workspaceModel.initializing.ms,1744947250170000000,1744947310169000000,0
workspaceModel.cachedValue.calculated.count,1744947250170000000,1744947310169000000,0
workspaceModel.on.changed.ms,1744947250170000000,1744947310169000000,0
workspaceModel.workspaceFileIndexData.processFileSets.ms,1744947250170000000,1744947310169000000,0
workspaceModel.workspaceFileIndexData.getFileInfo.ms,1744947250170000000,1744947310169000000,24
workspaceModel.full.replace.project.model.ms,1744947250170000000,1744947310169000000,0
workspaceModel.cachedValueWithParameters.total.get.count,1744947250170000000,1744947310169000000,0
workspaceModel.workspaceFileIndexData.getDirectoriesByPackageName.ms,1744947250170000000,1744947310169000000,0
workspaceModel.workspaceFileIndexData.updateDirtyEntities.ms,1744947250170000000,1744947310169000000,0
workspaceModel.replace.project.model.ms,1744947250170000000,1744947310169000000,0
workspaceModel.updates.count,1744947250170000000,1744947310169000000,0
workspaceModel.loading.from.cache.ms,1744947250170000000,1744947310169000000,0
workspaceModel.cachedValueWithParameters.calculated.count,1744947250170000000,1744947310169000000,0
workspaceModel.workspaceFileIndexData.instances.count,1744947250170000000,1744947310169000000,0
workspaceModel.workspaceFileIndexData.onEntitiesChanged.ms,1744947250170000000,1744947310169000000,0
workspaceModel.to.snapshot.ms,1744947250170000000,1744947310169000000,0
workspaceModel.workspaceFileIndexData.getPackageName.ms,1744947250170000000,1744947310169000000,0
workspaceModel.collect.changes.ms,1744947250170000000,1744947310169000000,0
workspaceModel.init.bridges.ms,1744947250170000000,1744947310169000000,0
workspaceModel.workspaceFileIndexData.markDirty.ms,1744947250170000000,1744947310169000000,0
workspaceModel.cachedValue.total.get.count,1744947250170000000,1744947310169000000,1633
workspaceModel.updates.ms,1744947250170000000,1744947310169000000,0
NonBlockingReadAction.finalizedExecutionTimeUs,1744947250170000000,1744947310169000000,355326
FlushQueue.queueSizeAvg,1744947250170000000,1744947310169000000,0.0
NonBlockingReadAction.failedExecutionTimeUs,1744947250170000000,1744947310169000000,0
NonBlockingReadAction.finalizedExecutionsCount,1744947250170000000,1744947310169000000,613
AWTEventQueue.dispatchTimeTotalNS,1744947250170000000,1744947310169000000,4401416408
FlushQueue.queueSizeMax,1744947250170000000,1744947310169000000,0
AWTEventQueue.eventsDispatched,1744947250170000000,1744947310169000000,0
FlushQueue.waitingTimeMaxNs,1744947250170000000,1744947310169000000,0
FlushQueue.queueSize90P,1744947250170000000,1744947310169000000,0
FlushQueue.waitingTimeAvgNs,1744947250170000000,1744947310169000000,0.0
FlushQueue.executionTimeAvgNs,1744947250170000000,1744947310169000000,0.0
FlushQueue.executionTimeMaxNs,1744947250170000000,1744947310169000000,0
AWTEventQueue.dispatchTimeAvgNs,1744947250170000000,1744947310169000000,0.0
ReadAction.executionsCount,1744947250170000000,1744947310169000000,472225
NonBlockingReadAction.failedExecutionsCount,1744947250170000000,1744947310169000000,0
FlushQueue.executionTime90PNs,1744947250170000000,1744947310169000000,0
AWTEventQueue.dispatchTime90PNs,1744947250170000000,1744947310169000000,0
FlushQueue.tasksExecuted,1744947250170000000,1744947310169000000,0
WriteAction.executionsCount,1744947250170000000,1744947310169000000,111
AWTEventQueue.dispatchTimeMaxNs,1744947250170000000,1744947310169000000,0
FlushQueue.waitingTime90PNs,1744947250170000000,1744947310169000000,0
workspaceModel.do.save.caches.ms,1744947250170000000,1744947310169000000,0
workspaceModel.moduleManagerBridge.load.module.ms,1744947250170000000,1744947310169000000,0
workspaceModel.mutableEntityStorage.put.entity.ms,1744947250170000000,1744947310169000000,0
workspaceModel.load.cache.from.file.ms,1744947250170000000,1744947310169000000,0
jps.global.get.library.by.name.ms,1744947250170000000,1744947310169000000,0
workspaceModel.mutableEntityStorage.add.entity.ms,1744947250170000000,1744947310169000000,0
workspaceModel.mutableEntityStorage.entities.by.source.ms,1744947250170000000,1744947310169000000,0
jps.global.handle.before.change.events.ms,1744947250170000000,1744947310169000000,0
jps.artifact.entities.serializer.save.entities.ms,1744947250170000000,1744947310169000000,0
jps.module.dependency.index.workspace.model.listener.on.changed.ms,1744947250170000000,1744947310169000000,0
workspaceModel.moduleBridge.before.changed.ms,1744947250170000000,1744947310169000000,0
workspaceModel.moduleManagerBridge.build.module.graph.ms,1744947250170000000,1744947310169000000,0
jps.project.serializers.save.ms,1744947250170000000,1744947310169000000,0
workspaceModel.mutableEntityStorage.changeLog.addReplaceEventForNewParent.ms,1744947250170000000,1744947310169000000,0
jps.app.storage.content.writer.save.component.ms,1744947250170000000,1744947310169000000,0
workspaceModel.mutableEntityStorage.resolve.ms,1744947250170000000,1744947310169000000,0
jps.save.global.entities.ms,1744947250170000000,1744947310169000000,0
workspaceModel.moduleManagerBridge.get.modules.ms,1744947250170000000,1744947310169000000,0
workspaceModel.moduleBridgeLoader.loading.modules.ms,1744947250170000000,1744947310169000000,0
jps.storage.jps.conf.reader.load.component.ms,1744947250170000000,1744947310169000000,0
workspaceModel.mutableEntityStorage.entities.ms,1744947250170000000,1744947310169000000,0
jps.facet.change.listener.init.bridge.ms,1744947250170000000,1744947310169000000,0
workspaceModel.mutableEntityStorage.changeLog.addReplaceEventForNewChild.ms,1744947250170000000,1744947310169000000,0
workspaceModel.moduleManagerBridge.create.module.instance.ms,1744947250170000000,1744947310169000000,0
jps.load.project.to.empty.storage.ms,1744947250170000000,1744947310169000000,0
workspaceModel.mutableEntityStorage.mutable.vfurl.index.ms,1744947250170000000,1744947310169000000,0
workspaceModel.moduleBridge.update.option.ms,1744947250170000000,1744947310169000000,0
jps.app.storage.content.reader.load.component.ms,1744947250170000000,1744947310169000000,0
workspaceModel.mutableEntityStorage.apply.changes.from.ms,1744947250170000000,1744947310169000000,0
workspaceModel.orphan.listener.update.ms,1744947250170000000,1744947310169000000,0
workspaceModel.moduleManagerBridge.set.unloadedModules.ms,1744947250170000000,1744947310169000000,0
workspaceModel.mutableEntityStorage.changeLog.addReplaceEventForRemovedChild.ms,1744947250170000000,1744947310169000000,0
jps.global.get.libraries.ms,1744947250170000000,1744947310169000000,0
jps.load.initial.state.ms,1744947250170000000,1744947310169000000,0
jps.facet.change.listener.process.change.events.ms,1744947250170000000,1744947310169000000,0
jps.global.get.library.ms,1744947250170000000,1744947310169000000,0
jps.facet.change.listener.before.change.events.ms,1744947250170000000,1744947310169000000,0
workspaceModel.moduleBridge.facet.initialization.ms,1744947250170000000,1744947310169000000,0
jps.artifact.entities.serializer.load.entities.ms,1744947250170000000,1744947310169000000,0
jps.global.initialize.library.bridges.ms,1744947250170000000,1744947310169000000,0
workspaceModel.save.cache.to.file.ms,1744947250170000000,1744947310169000000,0
workspaceModel.mutableEntityStorage.collect.changes.ms,1744947250170000000,1744947310169000000,0
jps.module.iml.entities.serializer.save.entities.ms,1744947250170000000,1744947310169000000,0
jps.global.handle.changed.events.ms,1744947250170000000,1744947310169000000,0
workspaceModel.global.updates.ms,1744947250170000000,1744947310169000000,0
workspaceModel.mutableEntityStorage.referrers.ms,1744947250170000000,1744947310169000000,0
workspaceModel.mutableEntityStorage.changeLog.addReplaceEventForRemovedParent.ms,1744947250170000000,1744947310169000000,0
workspaceModel.moduleManagerBridge.newModule.ms,1744947250170000000,1744947310169000000,0
jps.project.serializers.load.ms,1744947250170000000,1744947310169000000,0
jps.module.iml.entities.serializer.load.entities.ms,1744947250170000000,1744947310169000000,0
workspaceModel.mutableEntityStorage.instances.count,1744947250170000000,1744947310169000000,0
workspaceModel.moduleManagerBridge.load.all.modules.ms,1744947250170000000,1744947310169000000,0
workspaceModel.moduleManagerBridge.new.nonPersistent.module.ms,1744947250170000000,1744947310169000000,0
workspaceModel.global.apply.state.to.project.builder.ms,1744947250170000000,1744947310169000000,0
workspaceModel.global.updates.count,1744947250170000000,1744947310169000000,0
jps.library.entities.serializer.save.entities.ms,1744947250170000000,1744947310169000000,0
workspaceModel.mutableEntityStorage.replace.by.source.ms,1744947250170000000,1744947310169000000,0
workspaceModel.mutableEntityStorage.remove.entity.ms,1744947250170000000,1744947310169000000,0
jps.global.initialize.library.bridges.after.loading.ms,1744947250170000000,1744947310169000000,0
workspaceModel.mutableEntityStorage.modify.entity.ms,1744947250170000000,1744947310169000000,0
workspaceModel.load.cache.metadata.from.file.ms,1744947250170000000,1744947310169000000,0
workspaceModel.mutableEntityStorage.has.same.entities.ms,1744947250170000000,1744947310169000000,0
workspaceModel.mutableEntityStorage.mutable.ext.mapping.ms,1744947250170000000,1744947310169000000,0
jps.reload.project.entities.ms,1744947250170000000,1744947310169000000,0
jps.apply.loaded.storage.ms,1744947250170000000,1744947310169000000,0
workspaceModel.delayed.project.synchronizer.sync.ms,1744947250170000000,1744947310169000000,0
workspaceModel.global.apply.state.to.project.ms,1744947250170000000,1744947310169000000,0
workspaceModel.sync.entities.ms,1744947250170000000,1744947310169000000,0
workspaceModel.mutableEntityStorage.to.snapshot.ms,1744947250170000000,1744947310169000000,0
jps.library.entities.serializer.load.entities.ms,1744947250170000000,1744947310169000000,0
jps.save.changed.project.entities.ms,1744947250170000000,1744947310169000000,0
IndexesFlusher.totalFlushesRetried,1744947250170000000,1744947310169000000,0
Indexing.writer_0.totalTimeSpentWritingMs,1744947250170000000,1744947310169000000,0
Indexing.writesQueuedMin,1744947250170000000,1744947310169000000,9223372036854775807
Indexing.cache.totalCacheAccesses,1744947250170000000,1744947310169000000,25
Indexes.entries.lookupDurationMaxMs,1744947250170000000,1744947310169000000,0.0
Indexes.stubs.lookupDurationMaxMs,1744947250170000000,1744947310169000000,0.0
Indexes.entries.lookupDuration90PMs,1744947250170000000,1744947310169000000,0.0
Indexes.allKeys.lookupDurationMaxMs,1744947250170000000,1744947310169000000,0.0
Indexing.writer_2.totalTimeSpentWritingMs,1744947250170000000,1744947310169000000,0
Indexes.stubs.lookupDuration90PMs,1744947250170000000,1744947310169000000,0.0
Indexes.stubs.lookupDurationAvgMs,1744947250170000000,1744947310169000000,0.0
Indexes.entries.lookups,1744947250170000000,1744947310169000000,0
Indexing.writer_1.totalTimeSpentWritingMs,1744947250170000000,1744947310169000000,0
Indexes.allKeys.lookupDurationAvgMs,1744947250170000000,1744947310169000000,0.0
Indexing.writesQueuedMax,1744947250170000000,1744947310169000000,0
Indexing.cache.totalCacheMisses,1744947250170000000,1744947310169000000,22
IndexesFlusher.totalFlushes,1744947250170000000,1744947310169000000,60
Indexes.stubs.lookups,1744947250170000000,1744947310169000000,0
Indexes.allKeys.lookupDuration90PMs,1744947250170000000,1744947310169000000,0.0
Indexing.cache.totalCacheEvicted,1744947250170000000,1744947310169000000,21
Indexes.allKeys.lookups,1744947250170000000,1744947310169000000,0
IndexesFlusher.totalFlushingTimeUs,1744947250170000000,1744947310169000000,95143
Indexing.writer_3.totalTimeSpentWritingMs,1744947250170000000,1744947310169000000,0
Indexing.totalTimeIndexersSleptMs,1744947250170000000,1744947310169000000,0
Indexes.entries.lookupDurationAvgMs,1744947250170000000,1744947310169000000,0.0
IndexesFlusher.totalContentionQuotaSpent,1744947250170000000,1744947310169000000,0
JVM.totalTimeAtSafepointsMs,1744947250170000000,1744947310169000000,22
JVM.usedNativeBytes,1744947250170000000,1744947310169000000,438241632
OS.loadAverage,1744947250170000000,1744947310169000000,0.12548828125
JVM.maxHeapBytes,1744947250170000000,1744947310169000000,2147483648
JVM.usedHeapBytes,1744947250170000000,1744947310169000000,583577728
JVM.GC.collectionTimesMs,1744947250170000000,1744947310169000000,20
JVM.totalDirectByteBuffersBytes,1744947250170000000,1744947310169000000,162421629
JVM.totalSafepointCount,1744947250170000000,1744947310169000000,50
JVM.totalTimeToSafepointsMs,1744947250170000000,1744947310169000000,1
JVM.maxThreadCount,1744947250170000000,1744947310169000000,132
JVM.totalCpuTimeMs,1744947250170000000,1744947310169000000,18620
JVM.threadCount,1744947250170000000,1744947310169000000,64
JVM.newThreadsCount,1744947250170000000,1744947310169000000,3
JVM.GC.collections,1744947250170000000,1744947310169000000,2
JVM.totalBytesAllocated,1744947250170000000,1744947310169000000,527185192
StreamlinedBlobStorage.recordsAllocated,1744947250170000000,1744947310169000000,0
FileChannelInterruptsRetryer.totalRetriedAttempts,1744947250170000000,1744947310169000000,0
FilePageCacheLockFree.totalBytesRequested,1744947250170000000,1744947310169000000,0
FilePageCacheLockFree.totalPagesRequested,1744947250170000000,1744947310169000000,0
FilePageCache.disposedBuffers,1744947250170000000,1744947310169000000,0
DirectByteBufferAllocator.misses,1744947250170000000,1744947310169000000,0
FilePageCacheLockFree.totalNativeBytesReclaimed,1744947250170000000,1744947310169000000,0
StreamlinedBlobStorage.recordsDeleted,1744947250170000000,1744947310169000000,0
FilePageCache.pageLoadsAboveSizeThreshold,1744947250170000000,1744947310169000000,0
FilePageCache.pageFastCacheHits,1744947250170000000,1744947310169000000,0
FilePageCacheLockFree.housekeeperTurnsSkipped,1744947250170000000,1744947310169000000,0
DirectByteBufferAllocator.totalSizeOfBuffersCachedInBytes,1744947250170000000,1744947310169000000,0
MappedFileStorage.storages,1744947250170000000,1744947310169000000,16
FilePageCache.uncachedFileAccess,1744947250170000000,1744947310169000000,0
MappedFileStorage.totalPagesMapped,1744947250170000000,1744947310169000000,16
FilePageCacheLockFree.totalPagesReclaimed,1744947250170000000,1744947310169000000,0
FilePageCacheLockFree.totalPagesRequestsMs,1744947250170000000,1744947310169000000,0
DirectByteBufferAllocator.reclaimed,1744947250170000000,1744947310169000000,0
FilePageCache.capacityInBytes,1744947250170000000,1744947310169000000,503316478
StorageLockContext.competingThreads.avg,1744947250170000000,1744947310169000000,0.0
FilePageCache.totalPageLoadsUs,1744947250170000000,1744947310169000000,0
MappedFileStorage.totalTimeSpentOnMappingUs,1744947250170000000,1744947310169000000,41443
StorageLockContext.competingThreads.90P,1744947250170000000,1744947310169000000,0
FilePageCacheLockFree.totalBytesWritten,1744947250170000000,1744947310169000000,0
StreamlinedBlobStorage.totalLiveRecordsCapacityBytes,1744947250170000000,1744947310169000000,0
FilePageCache.pageHits,1744947250170000000,1744947310169000000,0
FilePageCacheLockFree.totalPagesHandedOver,1744947250170000000,1744947310169000000,0
FilePageCacheLockFree.totalPagesWritten,1744947250170000000,1744947310169000000,0
FilePageCacheLockFree.totalClosedStoragesReclaimed,1744947250170000000,1744947310169000000,0
FilePageCacheLockFree.totalPagesWriteMs,1744947250170000000,1744947310169000000,0
FilePageCacheLockFree.totalPageAllocationsWaited,1744947250170000000,1744947310169000000,0
FilePageCacheLockFree.nativeBytesInUse,1744947250170000000,1744947310169000000,0
MappedFileStorage.totalBytesMapped,1744947250170000000,1744947310169000000,202637312
DirectByteBufferAllocator.totalSizeOfBuffersAllocatedInBytes,1744947250170000000,1744947310169000000,161619968
StreamlinedBlobStorage.recordsRelocated,1744947250170000000,1744947310169000000,0
StreamlinedBlobStorage.totalLiveRecordsPayloadBytes,1744947250170000000,1744947310169000000,0
FilePageCacheLockFree.totalBytesRead,1744947250170000000,1744947310169000000,0
FilePageCache.totalPageDisposalsUs,1744947250170000000,1744947310169000000,0
FilePageCache.maxRegisteredFiles,1744947250170000000,1744947310169000000,261
DirectByteBufferAllocator.disposed,1744947250170000000,1744947310169000000,0
FilePageCache.pageLoads,1744947250170000000,1744947310169000000,0
FilePageCacheLockFree.totalPagesAllocated,1744947250170000000,1744947310169000000,0
FilePageCacheLockFree.totalHeapBytesReclaimed,1744947250170000000,1744947310169000000,0
FilePageCacheLockFree.heapBytesInUse,1744947250170000000,1744947310169000000,0
FilePageCache.maxCacheSizeInBytes,1744947250170000000,1744947310169000000,161619968
DirectByteBufferAllocator.hits,1744947250170000000,1744947310169000000,0
FilePageCacheLockFree.totalNativeBytesAllocated,1744947250170000000,1744947310169000000,0
FilePageCacheLockFree.totalHeapBytesAllocated,1744947250170000000,1744947310169000000,0
StorageLockContext.competingThreads.max,1744947250170000000,1744947310169000000,0
FilePageCacheLockFree.housekeeperTimeSpentMs,1744947250170000000,1744947310169000000,0
FilePageCacheLockFree.housekeeperTurnsDone,1744947250170000000,1744947310169000000,0
FilePageCacheLockFree.totalPagesReadMs,1744947250170000000,1744947310169000000,0
VFS.invertedFileNameIndex.requests,1744947310169000000,1744947370170000000,0
VFS.contentStorage.recordsDecompressionTimeUs,1744947310169000000,1744947370170000000,0
VFS.contentStorage.recordsUncompressedSize,1744947310169000000,1744947370170000000,0
VFS.fileChildByName,1744947310169000000,1744947370170000000,24110
FileNameCache.queries,1744947310169000000,1744947370170000000,0
VFS.contentStorage.recordsRead,1744947310169000000,1744947370170000000,120
VFS.contentStorage.recordsStoredCompressed,1744947310169000000,1744947370170000000,0
VFS.fileByIdCache.hits,1744947310169000000,1744947370170000000,0
VFS.contentStorage.recordsReadDecompressed,1744947310169000000,1744947370170000000,0
VFS.contentStorage.recordsReadSize,1744947310169000000,1744947370170000000,222120
VFS.contentStorage.recordsStored,1744947310169000000,1744947370170000000,0
VFS.contentStorage.recordsDeduplicated,1744947310169000000,1744947370170000000,0
FileNameCache.totalMisses,1744947310169000000,1744947370170000000,0
VFS.fileByIdCache.misses,1744947310169000000,1744947370170000000,0
VFS.contentStorage.recordsStoredSize,1744947310169000000,1744947370170000000,0
DiskQueryRelay.taskWaitingTotalTimeUs,1744947310169000000,1744947370170000000,0
DiskQueryRelay.tasksRequested,1744947310169000000,1744947370170000000,0
writeAction.count,1744947310169000000,1744947370170000000,167
writeAction.wait.ms,1744947310169000000,1744947370170000000,2
writeAction.median.wait.ms,1744947310169000000,1744947370170000000,200
DiskQueryRelay.taskExecutionTotalTimeUs,1744947310169000000,1744947370170000000,0
DiskQueryRelay.tasksExecuted,1744947310169000000,1744947370170000000,0
writeAction.max.wait.ms,1744947310169000000,1744947370170000000,96
cacheStateStorage.set.counter,1744947310169000000,1744947370170000000,0
cacheStateStorage.set.duration,1744947310169000000,1744947370170000000,0
cacheStateStorage.get.duration,1744947310169000000,1744947370170000000,0
cacheStateStorage.get.counter,1744947310169000000,1744947370170000000,0
workspaceModel.cachedValueWithParameters.from.cache.count,1744947310169000000,1744947370170000000,0
workspaceModel.update.unloaded.entities.ms,1744947310169000000,1744947370170000000,0
workspaceModel.cachedValueWithParameters.clear.count,1744947310169000000,1744947370170000000,0
workspaceModel.cachedValue.clear.count,1744947310169000000,1744947370170000000,0
workspaceModel.workspaceFileIndexData.visitFileSets.ms,1744947310169000000,1744947370170000000,0
workspaceModel.cachedValue.from.cache.count,1744947310169000000,1744947370170000000,1924
workspaceModel.workspaceFileIndexContributor.registerFileSets.ms,1744947310169000000,1744947370170000000,0
workspaceModel.workspaceFileIndexData.init.ms,1744947310169000000,1744947370170000000,0
workspaceModel.pre.handlers.ms,1744947310169000000,1744947370170000000,0
workspaceModel.on.before.changed.ms,1744947310169000000,1744947370170000000,0
workspaceModel.updates.precise.ms,1744947310169000000,1744947370170000000,0
workspaceModel.entityStorageSnapshotImpl.instances.count,1744947310169000000,1744947370170000000,0
workspaceModel.check.recursive.update.ms,1744947310169000000,1744947370170000000,0
workspaceModel.loading.total.ms,1744947310169000000,1744947370170000000,0
workspaceModel.initializing.ms,1744947310169000000,1744947370170000000,0
workspaceModel.cachedValue.calculated.count,1744947310169000000,1744947370170000000,0
workspaceModel.on.changed.ms,1744947310169000000,1744947370170000000,0
workspaceModel.workspaceFileIndexData.processFileSets.ms,1744947310169000000,1744947370170000000,0
workspaceModel.workspaceFileIndexData.getFileInfo.ms,1744947310169000000,1744947370170000000,23
workspaceModel.full.replace.project.model.ms,1744947310169000000,1744947370170000000,0
workspaceModel.cachedValueWithParameters.total.get.count,1744947310169000000,1744947370170000000,0
workspaceModel.workspaceFileIndexData.getDirectoriesByPackageName.ms,1744947310169000000,1744947370170000000,0
workspaceModel.workspaceFileIndexData.updateDirtyEntities.ms,1744947310169000000,1744947370170000000,0
workspaceModel.replace.project.model.ms,1744947310169000000,1744947370170000000,0
workspaceModel.updates.count,1744947310169000000,1744947370170000000,0
workspaceModel.loading.from.cache.ms,1744947310169000000,1744947370170000000,0
workspaceModel.cachedValueWithParameters.calculated.count,1744947310169000000,1744947370170000000,0
workspaceModel.workspaceFileIndexData.instances.count,1744947310169000000,1744947370170000000,0
workspaceModel.workspaceFileIndexData.onEntitiesChanged.ms,1744947310169000000,1744947370170000000,0
workspaceModel.to.snapshot.ms,1744947310169000000,1744947370170000000,0
workspaceModel.workspaceFileIndexData.getPackageName.ms,1744947310169000000,1744947370170000000,0
workspaceModel.collect.changes.ms,1744947310169000000,1744947370170000000,0
workspaceModel.init.bridges.ms,1744947310169000000,1744947370170000000,0
workspaceModel.workspaceFileIndexData.markDirty.ms,1744947310169000000,1744947370170000000,0
workspaceModel.cachedValue.total.get.count,1744947310169000000,1744947370170000000,1924
workspaceModel.updates.ms,1744947310169000000,1744947370170000000,0
NonBlockingReadAction.finalizedExecutionTimeUs,1744947310169000000,1744947370170000000,368806
FlushQueue.queueSizeAvg,1744947310169000000,1744947370170000000,0.0
NonBlockingReadAction.failedExecutionTimeUs,1744947310169000000,1744947370170000000,0
NonBlockingReadAction.finalizedExecutionsCount,1744947310169000000,1744947370170000000,375
AWTEventQueue.dispatchTimeTotalNS,1744947310169000000,1744947370170000000,2961059925
FlushQueue.queueSizeMax,1744947310169000000,1744947370170000000,0
AWTEventQueue.eventsDispatched,1744947310169000000,1744947370170000000,0
FlushQueue.waitingTimeMaxNs,1744947310169000000,1744947370170000000,0
FlushQueue.queueSize90P,1744947310169000000,1744947370170000000,0
FlushQueue.waitingTimeAvgNs,1744947310169000000,1744947370170000000,0.0
FlushQueue.executionTimeAvgNs,1744947310169000000,1744947370170000000,0.0
FlushQueue.executionTimeMaxNs,1744947310169000000,1744947370170000000,0
AWTEventQueue.dispatchTimeAvgNs,1744947310169000000,1744947370170000000,0.0
ReadAction.executionsCount,1744947310169000000,1744947370170000000,156993
NonBlockingReadAction.failedExecutionsCount,1744947310169000000,1744947370170000000,0
FlushQueue.executionTime90PNs,1744947310169000000,1744947370170000000,0
AWTEventQueue.dispatchTime90PNs,1744947310169000000,1744947370170000000,0
FlushQueue.tasksExecuted,1744947310169000000,1744947370170000000,0
WriteAction.executionsCount,1744947310169000000,1744947370170000000,167
AWTEventQueue.dispatchTimeMaxNs,1744947310169000000,1744947370170000000,0
FlushQueue.waitingTime90PNs,1744947310169000000,1744947370170000000,0
workspaceModel.do.save.caches.ms,1744947310169000000,1744947370170000000,0
workspaceModel.moduleManagerBridge.load.module.ms,1744947310169000000,1744947370170000000,0
workspaceModel.mutableEntityStorage.put.entity.ms,1744947310169000000,1744947370170000000,0
workspaceModel.load.cache.from.file.ms,1744947310169000000,1744947370170000000,0
jps.global.get.library.by.name.ms,1744947310169000000,1744947370170000000,0
workspaceModel.mutableEntityStorage.add.entity.ms,1744947310169000000,1744947370170000000,0
workspaceModel.mutableEntityStorage.entities.by.source.ms,1744947310169000000,1744947370170000000,0
jps.global.handle.before.change.events.ms,1744947310169000000,1744947370170000000,0
jps.artifact.entities.serializer.save.entities.ms,1744947310169000000,1744947370170000000,0
jps.module.dependency.index.workspace.model.listener.on.changed.ms,1744947310169000000,1744947370170000000,0
workspaceModel.moduleBridge.before.changed.ms,1744947310169000000,1744947370170000000,0
workspaceModel.moduleManagerBridge.build.module.graph.ms,1744947310169000000,1744947370170000000,0
jps.project.serializers.save.ms,1744947310169000000,1744947370170000000,0
workspaceModel.mutableEntityStorage.changeLog.addReplaceEventForNewParent.ms,1744947310169000000,1744947370170000000,0
jps.app.storage.content.writer.save.component.ms,1744947310169000000,1744947370170000000,0
workspaceModel.mutableEntityStorage.resolve.ms,1744947310169000000,1744947370170000000,0
jps.save.global.entities.ms,1744947310169000000,1744947370170000000,0
workspaceModel.moduleManagerBridge.get.modules.ms,1744947310169000000,1744947370170000000,0
workspaceModel.moduleBridgeLoader.loading.modules.ms,1744947310169000000,1744947370170000000,0
jps.storage.jps.conf.reader.load.component.ms,1744947310169000000,1744947370170000000,0
workspaceModel.mutableEntityStorage.entities.ms,1744947310169000000,1744947370170000000,0
jps.facet.change.listener.init.bridge.ms,1744947310169000000,1744947370170000000,0
workspaceModel.mutableEntityStorage.changeLog.addReplaceEventForNewChild.ms,1744947310169000000,1744947370170000000,0
workspaceModel.moduleManagerBridge.create.module.instance.ms,1744947310169000000,1744947370170000000,0
jps.load.project.to.empty.storage.ms,1744947310169000000,1744947370170000000,0
workspaceModel.mutableEntityStorage.mutable.vfurl.index.ms,1744947310169000000,1744947370170000000,0
workspaceModel.moduleBridge.update.option.ms,1744947310169000000,1744947370170000000,0
jps.app.storage.content.reader.load.component.ms,1744947310169000000,1744947370170000000,0
workspaceModel.mutableEntityStorage.apply.changes.from.ms,1744947310169000000,1744947370170000000,0
workspaceModel.orphan.listener.update.ms,1744947310169000000,1744947370170000000,0
workspaceModel.moduleManagerBridge.set.unloadedModules.ms,1744947310169000000,1744947370170000000,0
workspaceModel.mutableEntityStorage.changeLog.addReplaceEventForRemovedChild.ms,1744947310169000000,1744947370170000000,0
jps.global.get.libraries.ms,1744947310169000000,1744947370170000000,0
jps.load.initial.state.ms,1744947310169000000,1744947370170000000,0
jps.facet.change.listener.process.change.events.ms,1744947310169000000,1744947370170000000,0
jps.global.get.library.ms,1744947310169000000,1744947370170000000,0
jps.facet.change.listener.before.change.events.ms,1744947310169000000,1744947370170000000,0
workspaceModel.moduleBridge.facet.initialization.ms,1744947310169000000,1744947370170000000,0
jps.artifact.entities.serializer.load.entities.ms,1744947310169000000,1744947370170000000,0
jps.global.initialize.library.bridges.ms,1744947310169000000,1744947370170000000,0
workspaceModel.save.cache.to.file.ms,1744947310169000000,1744947370170000000,0
workspaceModel.mutableEntityStorage.collect.changes.ms,1744947310169000000,1744947370170000000,0
jps.module.iml.entities.serializer.save.entities.ms,1744947310169000000,1744947370170000000,0
jps.global.handle.changed.events.ms,1744947310169000000,1744947370170000000,0
workspaceModel.global.updates.ms,1744947310169000000,1744947370170000000,0
workspaceModel.mutableEntityStorage.referrers.ms,1744947310169000000,1744947370170000000,0
workspaceModel.mutableEntityStorage.changeLog.addReplaceEventForRemovedParent.ms,1744947310169000000,1744947370170000000,0
workspaceModel.moduleManagerBridge.newModule.ms,1744947310169000000,1744947370170000000,0
jps.project.serializers.load.ms,1744947310169000000,1744947370170000000,0
jps.module.iml.entities.serializer.load.entities.ms,1744947310169000000,1744947370170000000,0
workspaceModel.mutableEntityStorage.instances.count,1744947310169000000,1744947370170000000,0
workspaceModel.moduleManagerBridge.load.all.modules.ms,1744947310169000000,1744947370170000000,0
workspaceModel.moduleManagerBridge.new.nonPersistent.module.ms,1744947310169000000,1744947370170000000,0
workspaceModel.global.apply.state.to.project.builder.ms,1744947310169000000,1744947370170000000,0
workspaceModel.global.updates.count,1744947310169000000,1744947370170000000,0
jps.library.entities.serializer.save.entities.ms,1744947310169000000,1744947370170000000,0
workspaceModel.mutableEntityStorage.replace.by.source.ms,1744947310169000000,1744947370170000000,0
workspaceModel.mutableEntityStorage.remove.entity.ms,1744947310169000000,1744947370170000000,0
jps.global.initialize.library.bridges.after.loading.ms,1744947310169000000,1744947370170000000,0
workspaceModel.mutableEntityStorage.modify.entity.ms,1744947310169000000,1744947370170000000,0
workspaceModel.load.cache.metadata.from.file.ms,1744947310169000000,1744947370170000000,0
workspaceModel.mutableEntityStorage.has.same.entities.ms,1744947310169000000,1744947370170000000,0
workspaceModel.mutableEntityStorage.mutable.ext.mapping.ms,1744947310169000000,1744947370170000000,0
jps.reload.project.entities.ms,1744947310169000000,1744947370170000000,0
jps.apply.loaded.storage.ms,1744947310169000000,1744947370170000000,0
workspaceModel.delayed.project.synchronizer.sync.ms,1744947310169000000,1744947370170000000,0
workspaceModel.global.apply.state.to.project.ms,1744947310169000000,1744947370170000000,0
workspaceModel.sync.entities.ms,1744947310169000000,1744947370170000000,0
workspaceModel.mutableEntityStorage.to.snapshot.ms,1744947310169000000,1744947370170000000,0
jps.library.entities.serializer.load.entities.ms,1744947310169000000,1744947370170000000,0
jps.save.changed.project.entities.ms,1744947310169000000,1744947370170000000,0
IndexesFlusher.totalFlushesRetried,1744947310169000000,1744947370170000000,0
Indexing.writer_0.totalTimeSpentWritingMs,1744947310169000000,1744947370170000000,0
Indexing.writesQueuedMin,1744947310169000000,1744947370170000000,9223372036854775807
Indexing.cache.totalCacheAccesses,1744947310169000000,1744947370170000000,41
Indexes.entries.lookupDurationMaxMs,1744947310169000000,1744947370170000000,0.0
Indexes.stubs.lookupDurationMaxMs,1744947310169000000,1744947370170000000,0.0
Indexes.entries.lookupDuration90PMs,1744947310169000000,1744947370170000000,0.0
Indexes.allKeys.lookupDurationMaxMs,1744947310169000000,1744947370170000000,0.0
Indexing.writer_2.totalTimeSpentWritingMs,1744947310169000000,1744947370170000000,0
Indexes.stubs.lookupDuration90PMs,1744947310169000000,1744947370170000000,0.0
Indexes.stubs.lookupDurationAvgMs,1744947310169000000,1744947370170000000,0.0
Indexes.entries.lookups,1744947310169000000,1744947370170000000,0
Indexing.writer_1.totalTimeSpentWritingMs,1744947310169000000,1744947370170000000,0
Indexes.allKeys.lookupDurationAvgMs,1744947310169000000,1744947370170000000,0.0
Indexing.writesQueuedMax,1744947310169000000,1744947370170000000,0
Indexing.cache.totalCacheMisses,1744947310169000000,1744947370170000000,34
IndexesFlusher.totalFlushes,1744947310169000000,1744947370170000000,60
Indexes.stubs.lookups,1744947310169000000,1744947370170000000,0
Indexes.allKeys.lookupDuration90PMs,1744947310169000000,1744947370170000000,0.0
Indexing.cache.totalCacheEvicted,1744947310169000000,1744947370170000000,35
Indexes.allKeys.lookups,1744947310169000000,1744947370170000000,0
IndexesFlusher.totalFlushingTimeUs,1744947310169000000,1744947370170000000,100632
Indexing.writer_3.totalTimeSpentWritingMs,1744947310169000000,1744947370170000000,0
Indexing.totalTimeIndexersSleptMs,1744947310169000000,1744947370170000000,0
Indexes.entries.lookupDurationAvgMs,1744947310169000000,1744947370170000000,0.0
IndexesFlusher.totalContentionQuotaSpent,1744947310169000000,1744947370170000000,0
JVM.totalTimeAtSafepointsMs,1744947310169000000,1744947370170000000,50
JVM.usedNativeBytes,1744947310169000000,1744947370170000000,438255504
OS.loadAverage,1744947310169000000,1744947370170000000,0.81640625
JVM.maxHeapBytes,1744947310169000000,1744947370170000000,2147483648
JVM.usedHeapBytes,1744947310169000000,1744947370170000000,560692960
JVM.GC.collectionTimesMs,1744947310169000000,1744947370170000000,49
JVM.totalDirectByteBuffersBytes,1744947310169000000,1744947370170000000,162421821
JVM.totalSafepointCount,1744947310169000000,1744947370170000000,41
JVM.totalTimeToSafepointsMs,1744947310169000000,1744947370170000000,1
JVM.maxThreadCount,1744947310169000000,1744947370170000000,132
JVM.totalCpuTimeMs,1744947310169000000,1744947370170000000,16330
JVM.threadCount,1744947310169000000,1744947370170000000,65
JVM.newThreadsCount,1744947310169000000,1744947370170000000,2
JVM.GC.collections,1744947310169000000,1744947370170000000,4
JVM.totalBytesAllocated,1744947310169000000,1744947370170000000,511881272
StreamlinedBlobStorage.recordsAllocated,1744947310169000000,1744947370170000000,0
FileChannelInterruptsRetryer.totalRetriedAttempts,1744947310169000000,1744947370170000000,0
FilePageCacheLockFree.totalBytesRequested,1744947310169000000,1744947370170000000,0
FilePageCacheLockFree.totalPagesRequested,1744947310169000000,1744947370170000000,0
FilePageCache.disposedBuffers,1744947310169000000,1744947370170000000,0
DirectByteBufferAllocator.misses,1744947310169000000,1744947370170000000,0
FilePageCacheLockFree.totalNativeBytesReclaimed,1744947310169000000,1744947370170000000,0
StreamlinedBlobStorage.recordsDeleted,1744947310169000000,1744947370170000000,0
FilePageCache.pageLoadsAboveSizeThreshold,1744947310169000000,1744947370170000000,0
FilePageCache.pageFastCacheHits,1744947310169000000,1744947370170000000,0
FilePageCacheLockFree.housekeeperTurnsSkipped,1744947310169000000,1744947370170000000,0
DirectByteBufferAllocator.totalSizeOfBuffersCachedInBytes,1744947310169000000,1744947370170000000,0
MappedFileStorage.storages,1744947310169000000,1744947370170000000,16
FilePageCache.uncachedFileAccess,1744947310169000000,1744947370170000000,0
MappedFileStorage.totalPagesMapped,1744947310169000000,1744947370170000000,16
FilePageCacheLockFree.totalPagesReclaimed,1744947310169000000,1744947370170000000,0
FilePageCacheLockFree.totalPagesRequestsMs,1744947310169000000,1744947370170000000,0
DirectByteBufferAllocator.reclaimed,1744947310169000000,1744947370170000000,0
FilePageCache.capacityInBytes,1744947310169000000,1744947370170000000,503316478
StorageLockContext.competingThreads.avg,1744947310169000000,1744947370170000000,0.0
FilePageCache.totalPageLoadsUs,1744947310169000000,1744947370170000000,0
MappedFileStorage.totalTimeSpentOnMappingUs,1744947310169000000,1744947370170000000,41443
StorageLockContext.competingThreads.90P,1744947310169000000,1744947370170000000,0
FilePageCacheLockFree.totalBytesWritten,1744947310169000000,1744947370170000000,0
StreamlinedBlobStorage.totalLiveRecordsCapacityBytes,1744947310169000000,1744947370170000000,0
FilePageCache.pageHits,1744947310169000000,1744947370170000000,0
FilePageCacheLockFree.totalPagesHandedOver,1744947310169000000,1744947370170000000,0
FilePageCacheLockFree.totalPagesWritten,1744947310169000000,1744947370170000000,0
FilePageCacheLockFree.totalClosedStoragesReclaimed,1744947310169000000,1744947370170000000,0
FilePageCacheLockFree.totalPagesWriteMs,1744947310169000000,1744947370170000000,0
FilePageCacheLockFree.totalPageAllocationsWaited,1744947310169000000,1744947370170000000,0
FilePageCacheLockFree.nativeBytesInUse,1744947310169000000,1744947370170000000,0
MappedFileStorage.totalBytesMapped,1744947310169000000,1744947370170000000,202637312
DirectByteBufferAllocator.totalSizeOfBuffersAllocatedInBytes,1744947310169000000,1744947370170000000,161619968
StreamlinedBlobStorage.recordsRelocated,1744947310169000000,1744947370170000000,0
StreamlinedBlobStorage.totalLiveRecordsPayloadBytes,1744947310169000000,1744947370170000000,0
FilePageCacheLockFree.totalBytesRead,1744947310169000000,1744947370170000000,0
FilePageCache.totalPageDisposalsUs,1744947310169000000,1744947370170000000,0
FilePageCache.maxRegisteredFiles,1744947310169000000,1744947370170000000,261
DirectByteBufferAllocator.disposed,1744947310169000000,1744947370170000000,0
FilePageCache.pageLoads,1744947310169000000,1744947370170000000,0
FilePageCacheLockFree.totalPagesAllocated,1744947310169000000,1744947370170000000,0
FilePageCacheLockFree.totalHeapBytesReclaimed,1744947310169000000,1744947370170000000,0
FilePageCacheLockFree.heapBytesInUse,1744947310169000000,1744947370170000000,0
FilePageCache.maxCacheSizeInBytes,1744947310169000000,1744947370170000000,161619968
DirectByteBufferAllocator.hits,1744947310169000000,1744947370170000000,0
FilePageCacheLockFree.totalNativeBytesAllocated,1744947310169000000,1744947370170000000,0
FilePageCacheLockFree.totalHeapBytesAllocated,1744947310169000000,1744947370170000000,0
StorageLockContext.competingThreads.max,1744947310169000000,1744947370170000000,0
FilePageCacheLockFree.housekeeperTimeSpentMs,1744947310169000000,1744947370170000000,0
FilePageCacheLockFree.housekeeperTurnsDone,1744947310169000000,1744947370170000000,0
FilePageCacheLockFree.totalPagesReadMs,1744947310169000000,1744947370170000000,0
VFS.invertedFileNameIndex.requests,1744947370170000000,1744947430169000000,0
VFS.contentStorage.recordsDecompressionTimeUs,1744947370170000000,1744947430169000000,0
VFS.contentStorage.recordsUncompressedSize,1744947370170000000,1744947430169000000,0
VFS.fileChildByName,1744947370170000000,1744947430169000000,19679
FileNameCache.queries,1744947370170000000,1744947430169000000,30336
VFS.contentStorage.recordsRead,1744947370170000000,1744947430169000000,51
VFS.contentStorage.recordsStoredCompressed,1744947370170000000,1744947430169000000,0
VFS.fileByIdCache.hits,1744947370170000000,1744947430169000000,0
VFS.contentStorage.recordsReadDecompressed,1744947370170000000,1744947430169000000,0
VFS.contentStorage.recordsReadSize,1744947370170000000,1744947430169000000,128001
VFS.contentStorage.recordsStored,1744947370170000000,1744947430169000000,0
VFS.contentStorage.recordsDeduplicated,1744947370170000000,1744947430169000000,0
FileNameCache.totalMisses,1744947370170000000,1744947430169000000,0
VFS.fileByIdCache.misses,1744947370170000000,1744947430169000000,10310
VFS.contentStorage.recordsStoredSize,1744947370170000000,1744947430169000000,0
DiskQueryRelay.taskWaitingTotalTimeUs,1744947370170000000,1744947430169000000,530
DiskQueryRelay.tasksRequested,1744947370170000000,1744947430169000000,2
parser.Python.time.ns,1744947370170000000,1744947430169000000,46292438
parser.Python.size.bytes,1744947370170000000,1744947430169000000,11573
writeAction.count,1744947370170000000,1744947430169000000,30
lexer.Python.size.bytes,1744947370170000000,1744947430169000000,11573
writeAction.wait.ms,1744947370170000000,1744947430169000000,0
writeAction.median.wait.ms,1744947370170000000,1744947430169000000,200
DiskQueryRelay.taskExecutionTotalTimeUs,1744947370170000000,1744947430169000000,504
DiskQueryRelay.tasksExecuted,1744947370170000000,1744947430169000000,2
writeAction.max.wait.ms,1744947370170000000,1744947430169000000,96
lexer.Python.time.ns,1744947370170000000,1744947430169000000,12127912
cacheStateStorage.set.counter,1744947370170000000,1744947430169000000,0
cacheStateStorage.set.duration,1744947370170000000,1744947430169000000,0
cacheStateStorage.get.duration,1744947370170000000,1744947430169000000,9
cacheStateStorage.get.counter,1744947370170000000,1744947430169000000,2
workspaceModel.cachedValueWithParameters.from.cache.count,1744947370170000000,1744947430169000000,0
workspaceModel.update.unloaded.entities.ms,1744947370170000000,1744947430169000000,0
workspaceModel.cachedValueWithParameters.clear.count,1744947370170000000,1744947430169000000,0
workspaceModel.cachedValue.clear.count,1744947370170000000,1744947430169000000,0
workspaceModel.workspaceFileIndexData.visitFileSets.ms,1744947370170000000,1744947430169000000,0
workspaceModel.cachedValue.from.cache.count,1744947370170000000,1744947430169000000,5085
workspaceModel.workspaceFileIndexContributor.registerFileSets.ms,1744947370170000000,1744947430169000000,0
workspaceModel.workspaceFileIndexData.init.ms,1744947370170000000,1744947430169000000,0
workspaceModel.pre.handlers.ms,1744947370170000000,1744947430169000000,0
workspaceModel.on.before.changed.ms,1744947370170000000,1744947430169000000,0
workspaceModel.updates.precise.ms,1744947370170000000,1744947430169000000,0
workspaceModel.entityStorageSnapshotImpl.instances.count,1744947370170000000,1744947430169000000,0
workspaceModel.check.recursive.update.ms,1744947370170000000,1744947430169000000,0
workspaceModel.loading.total.ms,1744947370170000000,1744947430169000000,0
workspaceModel.initializing.ms,1744947370170000000,1744947430169000000,0
workspaceModel.cachedValue.calculated.count,1744947370170000000,1744947430169000000,0
workspaceModel.on.changed.ms,1744947370170000000,1744947430169000000,0
workspaceModel.workspaceFileIndexData.processFileSets.ms,1744947370170000000,1744947430169000000,0
workspaceModel.workspaceFileIndexData.getFileInfo.ms,1744947370170000000,1744947430169000000,34
workspaceModel.full.replace.project.model.ms,1744947370170000000,1744947430169000000,0
workspaceModel.cachedValueWithParameters.total.get.count,1744947370170000000,1744947430169000000,0
workspaceModel.workspaceFileIndexData.getDirectoriesByPackageName.ms,1744947370170000000,1744947430169000000,0
workspaceModel.workspaceFileIndexData.updateDirtyEntities.ms,1744947370170000000,1744947430169000000,0
workspaceModel.replace.project.model.ms,1744947370170000000,1744947430169000000,0
workspaceModel.updates.count,1744947370170000000,1744947430169000000,0
workspaceModel.loading.from.cache.ms,1744947370170000000,1744947430169000000,0
workspaceModel.cachedValueWithParameters.calculated.count,1744947370170000000,1744947430169000000,0
workspaceModel.workspaceFileIndexData.instances.count,1744947370170000000,1744947430169000000,0
workspaceModel.workspaceFileIndexData.onEntitiesChanged.ms,1744947370170000000,1744947430169000000,0
workspaceModel.to.snapshot.ms,1744947370170000000,1744947430169000000,0
workspaceModel.workspaceFileIndexData.getPackageName.ms,1744947370170000000,1744947430169000000,0
workspaceModel.collect.changes.ms,1744947370170000000,1744947430169000000,0
workspaceModel.init.bridges.ms,1744947370170000000,1744947430169000000,0
workspaceModel.workspaceFileIndexData.markDirty.ms,1744947370170000000,1744947430169000000,0
workspaceModel.cachedValue.total.get.count,1744947370170000000,1744947430169000000,5085
workspaceModel.updates.ms,1744947370170000000,1744947430169000000,0
NonBlockingReadAction.finalizedExecutionTimeUs,1744947370170000000,1744947430169000000,154875
FlushQueue.queueSizeAvg,1744947370170000000,1744947430169000000,0.0
NonBlockingReadAction.failedExecutionTimeUs,1744947370170000000,1744947430169000000,0
NonBlockingReadAction.finalizedExecutionsCount,1744947370170000000,1744947430169000000,381
AWTEventQueue.dispatchTimeTotalNS,1744947370170000000,1744947430169000000,9576153227
FlushQueue.queueSizeMax,1744947370170000000,1744947430169000000,0
AWTEventQueue.eventsDispatched,1744947370170000000,1744947430169000000,0
FlushQueue.waitingTimeMaxNs,1744947370170000000,1744947430169000000,0
FlushQueue.queueSize90P,1744947370170000000,1744947430169000000,0
FlushQueue.waitingTimeAvgNs,1744947370170000000,1744947430169000000,0.0
FlushQueue.executionTimeAvgNs,1744947370170000000,1744947430169000000,0.0
FlushQueue.executionTimeMaxNs,1744947370170000000,1744947430169000000,0
AWTEventQueue.dispatchTimeAvgNs,1744947370170000000,1744947430169000000,0.0
ReadAction.executionsCount,1744947370170000000,1744947430169000000,1423808
NonBlockingReadAction.failedExecutionsCount,1744947370170000000,1744947430169000000,0
FlushQueue.executionTime90PNs,1744947370170000000,1744947430169000000,0
AWTEventQueue.dispatchTime90PNs,1744947370170000000,1744947430169000000,0
FlushQueue.tasksExecuted,1744947370170000000,1744947430169000000,0
WriteAction.executionsCount,1744947370170000000,1744947430169000000,30
AWTEventQueue.dispatchTimeMaxNs,1744947370170000000,1744947430169000000,0
FlushQueue.waitingTime90PNs,1744947370170000000,1744947430169000000,0
workspaceModel.do.save.caches.ms,1744947370170000000,1744947430169000000,0
workspaceModel.moduleManagerBridge.load.module.ms,1744947370170000000,1744947430169000000,0
workspaceModel.mutableEntityStorage.put.entity.ms,1744947370170000000,1744947430169000000,0
workspaceModel.load.cache.from.file.ms,1744947370170000000,1744947430169000000,0
jps.global.get.library.by.name.ms,1744947370170000000,1744947430169000000,0
workspaceModel.mutableEntityStorage.add.entity.ms,1744947370170000000,1744947430169000000,0
workspaceModel.mutableEntityStorage.entities.by.source.ms,1744947370170000000,1744947430169000000,0
jps.global.handle.before.change.events.ms,1744947370170000000,1744947430169000000,0
jps.artifact.entities.serializer.save.entities.ms,1744947370170000000,1744947430169000000,0
jps.module.dependency.index.workspace.model.listener.on.changed.ms,1744947370170000000,1744947430169000000,0
workspaceModel.moduleBridge.before.changed.ms,1744947370170000000,1744947430169000000,0
workspaceModel.moduleManagerBridge.build.module.graph.ms,1744947370170000000,1744947430169000000,0
jps.project.serializers.save.ms,1744947370170000000,1744947430169000000,0
workspaceModel.mutableEntityStorage.changeLog.addReplaceEventForNewParent.ms,1744947370170000000,1744947430169000000,0
jps.app.storage.content.writer.save.component.ms,1744947370170000000,1744947430169000000,0
workspaceModel.mutableEntityStorage.resolve.ms,1744947370170000000,1744947430169000000,0
jps.save.global.entities.ms,1744947370170000000,1744947430169000000,0
workspaceModel.moduleManagerBridge.get.modules.ms,1744947370170000000,1744947430169000000,0
workspaceModel.moduleBridgeLoader.loading.modules.ms,1744947370170000000,1744947430169000000,0
jps.storage.jps.conf.reader.load.component.ms,1744947370170000000,1744947430169000000,0
workspaceModel.mutableEntityStorage.entities.ms,1744947370170000000,1744947430169000000,0
jps.facet.change.listener.init.bridge.ms,1744947370170000000,1744947430169000000,0
workspaceModel.mutableEntityStorage.changeLog.addReplaceEventForNewChild.ms,1744947370170000000,1744947430169000000,0
workspaceModel.moduleManagerBridge.create.module.instance.ms,1744947370170000000,1744947430169000000,0
jps.load.project.to.empty.storage.ms,1744947370170000000,1744947430169000000,0
workspaceModel.mutableEntityStorage.mutable.vfurl.index.ms,1744947370170000000,1744947430169000000,0
workspaceModel.moduleBridge.update.option.ms,1744947370170000000,1744947430169000000,0
jps.app.storage.content.reader.load.component.ms,1744947370170000000,1744947430169000000,0
workspaceModel.mutableEntityStorage.apply.changes.from.ms,1744947370170000000,1744947430169000000,0
workspaceModel.orphan.listener.update.ms,1744947370170000000,1744947430169000000,0
workspaceModel.moduleManagerBridge.set.unloadedModules.ms,1744947370170000000,1744947430169000000,0
workspaceModel.mutableEntityStorage.changeLog.addReplaceEventForRemovedChild.ms,1744947370170000000,1744947430169000000,0
jps.global.get.libraries.ms,1744947370170000000,1744947430169000000,0
jps.load.initial.state.ms,1744947370170000000,1744947430169000000,0
jps.facet.change.listener.process.change.events.ms,1744947370170000000,1744947430169000000,0
jps.global.get.library.ms,1744947370170000000,1744947430169000000,0
jps.facet.change.listener.before.change.events.ms,1744947370170000000,1744947430169000000,0
workspaceModel.moduleBridge.facet.initialization.ms,1744947370170000000,1744947430169000000,0
jps.artifact.entities.serializer.load.entities.ms,1744947370170000000,1744947430169000000,0
jps.global.initialize.library.bridges.ms,1744947370170000000,1744947430169000000,0
workspaceModel.save.cache.to.file.ms,1744947370170000000,1744947430169000000,0
workspaceModel.mutableEntityStorage.collect.changes.ms,1744947370170000000,1744947430169000000,0
jps.module.iml.entities.serializer.save.entities.ms,1744947370170000000,1744947430169000000,0
jps.global.handle.changed.events.ms,1744947370170000000,1744947430169000000,0
workspaceModel.global.updates.ms,1744947370170000000,1744947430169000000,0
workspaceModel.mutableEntityStorage.referrers.ms,1744947370170000000,1744947430169000000,0
workspaceModel.mutableEntityStorage.changeLog.addReplaceEventForRemovedParent.ms,1744947370170000000,1744947430169000000,0
workspaceModel.moduleManagerBridge.newModule.ms,1744947370170000000,1744947430169000000,0
jps.project.serializers.load.ms,1744947370170000000,1744947430169000000,0
jps.module.iml.entities.serializer.load.entities.ms,1744947370170000000,1744947430169000000,0
workspaceModel.mutableEntityStorage.instances.count,1744947370170000000,1744947430169000000,0
workspaceModel.moduleManagerBridge.load.all.modules.ms,1744947370170000000,1744947430169000000,0
workspaceModel.moduleManagerBridge.new.nonPersistent.module.ms,1744947370170000000,1744947430169000000,0
workspaceModel.global.apply.state.to.project.builder.ms,1744947370170000000,1744947430169000000,0
workspaceModel.global.updates.count,1744947370170000000,1744947430169000000,0
jps.library.entities.serializer.save.entities.ms,1744947370170000000,1744947430169000000,0
workspaceModel.mutableEntityStorage.replace.by.source.ms,1744947370170000000,1744947430169000000,0
workspaceModel.mutableEntityStorage.remove.entity.ms,1744947370170000000,1744947430169000000,0
jps.global.initialize.library.bridges.after.loading.ms,1744947370170000000,1744947430169000000,0
workspaceModel.mutableEntityStorage.modify.entity.ms,1744947370170000000,1744947430169000000,0
workspaceModel.load.cache.metadata.from.file.ms,1744947370170000000,1744947430169000000,0
workspaceModel.mutableEntityStorage.has.same.entities.ms,1744947370170000000,1744947430169000000,0
workspaceModel.mutableEntityStorage.mutable.ext.mapping.ms,1744947370170000000,1744947430169000000,0
jps.reload.project.entities.ms,1744947370170000000,1744947430169000000,0
jps.apply.loaded.storage.ms,1744947370170000000,1744947430169000000,0
workspaceModel.delayed.project.synchronizer.sync.ms,1744947370170000000,1744947430169000000,0
workspaceModel.global.apply.state.to.project.ms,1744947370170000000,1744947430169000000,0
workspaceModel.sync.entities.ms,1744947370170000000,1744947430169000000,0
workspaceModel.mutableEntityStorage.to.snapshot.ms,1744947370170000000,1744947430169000000,0
jps.library.entities.serializer.load.entities.ms,1744947370170000000,1744947430169000000,0
jps.save.changed.project.entities.ms,1744947370170000000,1744947430169000000,0
IndexesFlusher.totalFlushesRetried,1744947370170000000,1744947430169000000,0
Indexing.writer_0.totalTimeSpentWritingMs,1744947370170000000,1744947430169000000,0
Indexing.writesQueuedMin,1744947370170000000,1744947430169000000,9223372036854775807
Indexing.cache.totalCacheAccesses,1744947370170000000,1744947430169000000,168
Indexes.entries.lookupDurationMaxMs,1744947370170000000,1744947430169000000,0.0
Indexes.stubs.lookupDurationMaxMs,1744947370170000000,1744947430169000000,0.0
Indexes.entries.lookupDuration90PMs,1744947370170000000,1744947430169000000,0.0
Indexes.allKeys.lookupDurationMaxMs,1744947370170000000,1744947430169000000,0.0
Indexing.writer_2.totalTimeSpentWritingMs,1744947370170000000,1744947430169000000,0
Indexes.stubs.lookupDuration90PMs,1744947370170000000,1744947430169000000,0.0
Indexes.stubs.lookupDurationAvgMs,1744947370170000000,1744947430169000000,0.0
Indexes.entries.lookups,1744947370170000000,1744947430169000000,51
Indexing.writer_1.totalTimeSpentWritingMs,1744947370170000000,1744947430169000000,0
Indexes.allKeys.lookupDurationAvgMs,1744947370170000000,1744947430169000000,0.0
Indexing.writesQueuedMax,1744947370170000000,1744947430169000000,0
Indexing.cache.totalCacheMisses,1744947370170000000,1744947430169000000,31
IndexesFlusher.totalFlushes,1744947370170000000,1744947430169000000,60
Indexes.stubs.lookups,1744947370170000000,1744947430169000000,31
Indexes.allKeys.lookupDuration90PMs,1744947370170000000,1744947430169000000,0.0
Indexing.cache.totalCacheEvicted,1744947370170000000,1744947430169000000,31
Indexes.allKeys.lookups,1744947370170000000,1744947430169000000,0
IndexesFlusher.totalFlushingTimeUs,1744947370170000000,1744947430169000000,89680
Indexing.writer_3.totalTimeSpentWritingMs,1744947370170000000,1744947430169000000,0
Indexing.totalTimeIndexersSleptMs,1744947370170000000,1744947430169000000,0
Indexes.entries.lookupDurationAvgMs,1744947370170000000,1744947430169000000,0.0
IndexesFlusher.totalContentionQuotaSpent,1744947370170000000,1744947430169000000,0
JVM.totalTimeAtSafepointsMs,1744947370170000000,1744947430169000000,206
JVM.usedNativeBytes,1744947370170000000,1744947430169000000,444230112
OS.loadAverage,1744947370170000000,1744947430169000000,0.72314453125
JVM.maxHeapBytes,1744947370170000000,1744947430169000000,2147483648
JVM.usedHeapBytes,1744947370170000000,1744947430169000000,578584064
JVM.GC.collectionTimesMs,1744947370170000000,1744947430169000000,201
JVM.totalDirectByteBuffersBytes,1744947370170000000,1744947430169000000,162429920
JVM.totalSafepointCount,1744947370170000000,1744947430169000000,55
JVM.totalTimeToSafepointsMs,1744947370170000000,1744947430169000000,2
JVM.maxThreadCount,1744947370170000000,1744947430169000000,132
JVM.totalCpuTimeMs,1744947370170000000,1744947430169000000,35040
JVM.threadCount,1744947370170000000,1744947430169000000,68
JVM.newThreadsCount,1744947370170000000,1744947430169000000,4
JVM.GC.collections,1744947370170000000,1744947430169000000,10
JVM.totalBytesAllocated,1744947370170000000,1744947430169000000,1254956336
StreamlinedBlobStorage.recordsAllocated,1744947370170000000,1744947430169000000,0
FileChannelInterruptsRetryer.totalRetriedAttempts,1744947370170000000,1744947430169000000,0
FilePageCacheLockFree.totalBytesRequested,1744947370170000000,1744947430169000000,0
FilePageCacheLockFree.totalPagesRequested,1744947370170000000,1744947430169000000,0
FilePageCache.disposedBuffers,1744947370170000000,1744947430169000000,0
DirectByteBufferAllocator.misses,1744947370170000000,1744947430169000000,0
FilePageCacheLockFree.totalNativeBytesReclaimed,1744947370170000000,1744947430169000000,0
StreamlinedBlobStorage.recordsDeleted,1744947370170000000,1744947430169000000,0
FilePageCache.pageLoadsAboveSizeThreshold,1744947370170000000,1744947430169000000,0
FilePageCache.pageFastCacheHits,1744947370170000000,1744947430169000000,36
FilePageCacheLockFree.housekeeperTurnsSkipped,1744947370170000000,1744947430169000000,0
DirectByteBufferAllocator.totalSizeOfBuffersCachedInBytes,1744947370170000000,1744947430169000000,0
MappedFileStorage.storages,1744947370170000000,1744947430169000000,16
FilePageCache.uncachedFileAccess,1744947370170000000,1744947430169000000,0
MappedFileStorage.totalPagesMapped,1744947370170000000,1744947430169000000,16
FilePageCacheLockFree.totalPagesReclaimed,1744947370170000000,1744947430169000000,0
FilePageCacheLockFree.totalPagesRequestsMs,1744947370170000000,1744947430169000000,0
DirectByteBufferAllocator.reclaimed,1744947370170000000,1744947430169000000,0
FilePageCache.capacityInBytes,1744947370170000000,1744947430169000000,503316478
StorageLockContext.competingThreads.avg,1744947370170000000,1744947430169000000,0.0
FilePageCache.totalPageLoadsUs,1744947370170000000,1744947430169000000,0
MappedFileStorage.totalTimeSpentOnMappingUs,1744947370170000000,1744947430169000000,41443
StorageLockContext.competingThreads.90P,1744947370170000000,1744947430169000000,0
FilePageCacheLockFree.totalBytesWritten,1744947370170000000,1744947430169000000,0
StreamlinedBlobStorage.totalLiveRecordsCapacityBytes,1744947370170000000,1744947430169000000,0
FilePageCache.pageHits,1744947370170000000,1744947430169000000,9
FilePageCacheLockFree.totalPagesHandedOver,1744947370170000000,1744947430169000000,0
FilePageCacheLockFree.totalPagesWritten,1744947370170000000,1744947430169000000,0
FilePageCacheLockFree.totalClosedStoragesReclaimed,1744947370170000000,1744947430169000000,0
FilePageCacheLockFree.totalPagesWriteMs,1744947370170000000,1744947430169000000,0
FilePageCacheLockFree.totalPageAllocationsWaited,1744947370170000000,1744947430169000000,0
FilePageCacheLockFree.nativeBytesInUse,1744947370170000000,1744947430169000000,0
MappedFileStorage.totalBytesMapped,1744947370170000000,1744947430169000000,202637312
DirectByteBufferAllocator.totalSizeOfBuffersAllocatedInBytes,1744947370170000000,1744947430169000000,161619968
StreamlinedBlobStorage.recordsRelocated,1744947370170000000,1744947430169000000,0
StreamlinedBlobStorage.totalLiveRecordsPayloadBytes,1744947370170000000,1744947430169000000,0
FilePageCacheLockFree.totalBytesRead,1744947370170000000,1744947430169000000,0
FilePageCache.totalPageDisposalsUs,1744947370170000000,1744947430169000000,0
FilePageCache.maxRegisteredFiles,1744947370170000000,1744947430169000000,261
DirectByteBufferAllocator.disposed,1744947370170000000,1744947430169000000,0
FilePageCache.pageLoads,1744947370170000000,1744947430169000000,0
FilePageCacheLockFree.totalPagesAllocated,1744947370170000000,1744947430169000000,0
FilePageCacheLockFree.totalHeapBytesReclaimed,1744947370170000000,1744947430169000000,0
FilePageCacheLockFree.heapBytesInUse,1744947370170000000,1744947430169000000,0
FilePageCache.maxCacheSizeInBytes,1744947370170000000,1744947430169000000,161619968
DirectByteBufferAllocator.hits,1744947370170000000,1744947430169000000,0
FilePageCacheLockFree.totalNativeBytesAllocated,1744947370170000000,1744947430169000000,0
FilePageCacheLockFree.totalHeapBytesAllocated,1744947370170000000,1744947430169000000,0
StorageLockContext.competingThreads.max,1744947370170000000,1744947430169000000,0
FilePageCacheLockFree.housekeeperTimeSpentMs,1744947370170000000,1744947430169000000,0
FilePageCacheLockFree.housekeeperTurnsDone,1744947370170000000,1744947430169000000,0
FilePageCacheLockFree.totalPagesReadMs,1744947370170000000,1744947430169000000,0
VFS.invertedFileNameIndex.requests,1744947430169000000,1744947490209000000,0
VFS.contentStorage.recordsDecompressionTimeUs,1744947430169000000,1744947490209000000,0
VFS.contentStorage.recordsUncompressedSize,1744947430169000000,1744947490209000000,0
VFS.fileChildByName,1744947430169000000,1744947490209000000,88707
FileNameCache.queries,1744947430169000000,1744947490209000000,3847936
VFS.contentStorage.recordsRead,1744947430169000000,1744947490209000000,507
VFS.contentStorage.recordsStoredCompressed,1744947430169000000,1744947490209000000,0
VFS.fileByIdCache.hits,1744947430169000000,1744947490209000000,0
VFS.contentStorage.recordsReadDecompressed,1744947430169000000,1744947490209000000,0
VFS.contentStorage.recordsReadSize,1744947430169000000,1744947490209000000,1625097
VFS.contentStorage.recordsStored,1744947430169000000,1744947490209000000,0
VFS.contentStorage.recordsDeduplicated,1744947430169000000,1744947490209000000,0
FileNameCache.totalMisses,1744947430169000000,1744947490209000000,0
VFS.fileByIdCache.misses,1744947430169000000,1744947490209000000,226820
VFS.contentStorage.recordsStoredSize,1744947430169000000,1744947490209000000,0
DiskQueryRelay.taskWaitingTotalTimeUs,1744947430169000000,1744947490209000000,6501
DiskQueryRelay.tasksRequested,1744947430169000000,1744947490209000000,22
parser.Python.time.ns,1744947430169000000,1744947490209000000,634314498
parser.Python.size.bytes,1744947430169000000,1744947490209000000,139640
writeAction.count,1744947430169000000,1744947490209000000,202
lexer.Python.size.bytes,1744947430169000000,1744947490209000000,139640
writeAction.wait.ms,1744947430169000000,1744947490209000000,114
writeAction.median.wait.ms,1744947430169000000,1744947490209000000,200
DiskQueryRelay.taskExecutionTotalTimeUs,1744947430169000000,1744947490209000000,3534
DiskQueryRelay.tasksExecuted,1744947430169000000,1744947490209000000,22
writeAction.max.wait.ms,1744947430169000000,1744947490209000000,96
lexer.Python.time.ns,1744947430169000000,1744947490209000000,147203179
model.items.13,1744947430169000000,1744947490209000000,2
sorting.items.6,1744947430169000000,1744947490209000000,12
model.items.6,1744947430169000000,1744947490209000000,12
model.items.5,1744947430169000000,1744947490209000000,22
sorting.time.4,1744947430169000000,1744947490209000000,22
model.time.3,1744947430169000000,1744947490209000000,4
model.items.3,1744947430169000000,1744947490209000000,16
sorting.items.2,1744947430169000000,1744947490209000000,12
sorting.items.0,1744947430169000000,1744947490209000000,156
model.time.8,1744947430169000000,1744947490209000000,1
model.time.6,1744947430169000000,1744947490209000000,3
sorting.time.9,1744947430169000000,1744947490209000000,9
sorting.items.5,1744947430169000000,1744947490209000000,22
model.items.4,1744947430169000000,1744947490209000000,36
model.time.1,1744947430169000000,1744947490209000000,7
sorting.items.7,1744947430169000000,1744947490209000000,11
sorting.time.11,1744947430169000000,1744947490209000000,3
sorting.items.9,1744947430169000000,1744947490209000000,7
sorting.time.6,1744947430169000000,1744947490209000000,9
sorting.items.11,1744947430169000000,1744947490209000000,2
sorting.time.0,1744947430169000000,1744947490209000000,98
reordered.by.ml,1744947430169000000,1744947490209000000,135
model.items.7,1744947430169000000,1744947490209000000,11
sorting.time.5,1744947430169000000,1744947490209000000,21
model.time.0,1744947430169000000,1744947490209000000,35
model.items.8,1744947430169000000,1744947490209000000,9
sorting.time.8,1744947430169000000,1744947490209000000,6
sorting.items.1,1744947430169000000,1744947490209000000,23
model.time.4,1744947430169000000,1744947490209000000,7
sorting.time.2,1744947430169000000,1744947490209000000,21
model.items.9,1744947430169000000,1744947490209000000,7
sorting.items.13,1744947430169000000,1744947490209000000,2
sorting.time.1,1744947430169000000,1744947490209000000,18
sorting.time.10,1744947430169000000,1744947490209000000,1
sorting.time.13,1744947430169000000,1744947490209000000,2
model.items.1,1744947430169000000,1744947490209000000,23
sorting.time.3,1744947430169000000,1744947490209000000,13
sorting.items.4,1744947430169000000,1744947490209000000,36
model.time.2,1744947430169000000,1744947490209000000,8
model.items.11,1744947430169000000,1744947490209000000,2
model.time.5,1744947430169000000,1744947490209000000,4
model.items.2,1744947430169000000,1744947490209000000,12
model.items.0,1744947430169000000,1744947490209000000,156
sorting.items.8,1744947430169000000,1744947490209000000,9
model.time.7,1744947430169000000,1744947490209000000,1
sorting.items.3,1744947430169000000,1744947490209000000,16
sorting.time.7,1744947430169000000,1744947490209000000,14
cacheStateStorage.set.counter,1744947430169000000,1744947490209000000,0
cacheStateStorage.set.duration,1744947430169000000,1744947490209000000,0
cacheStateStorage.get.duration,1744947430169000000,1744947490209000000,0
cacheStateStorage.get.counter,1744947430169000000,1744947490209000000,0
workspaceModel.cachedValueWithParameters.from.cache.count,1744947430169000000,1744947490209000000,0
workspaceModel.update.unloaded.entities.ms,1744947430169000000,1744947490209000000,0
workspaceModel.cachedValueWithParameters.clear.count,1744947430169000000,1744947490209000000,0
workspaceModel.cachedValue.clear.count,1744947430169000000,1744947490209000000,0
workspaceModel.workspaceFileIndexData.visitFileSets.ms,1744947430169000000,1744947490209000000,0
workspaceModel.cachedValue.from.cache.count,1744947430169000000,1744947490209000000,68234
workspaceModel.workspaceFileIndexContributor.registerFileSets.ms,1744947430169000000,1744947490209000000,0
workspaceModel.workspaceFileIndexData.init.ms,1744947430169000000,1744947490209000000,0
workspaceModel.pre.handlers.ms,1744947430169000000,1744947490209000000,0
workspaceModel.on.before.changed.ms,1744947430169000000,1744947490209000000,0
workspaceModel.updates.precise.ms,1744947430169000000,1744947490209000000,0
workspaceModel.entityStorageSnapshotImpl.instances.count,1744947430169000000,1744947490209000000,0
workspaceModel.check.recursive.update.ms,1744947430169000000,1744947490209000000,0
workspaceModel.loading.total.ms,1744947430169000000,1744947490209000000,0
workspaceModel.initializing.ms,1744947430169000000,1744947490209000000,0
workspaceModel.cachedValue.calculated.count,1744947430169000000,1744947490209000000,0
workspaceModel.on.changed.ms,1744947430169000000,1744947490209000000,0
workspaceModel.workspaceFileIndexData.processFileSets.ms,1744947430169000000,1744947490209000000,0
workspaceModel.workspaceFileIndexData.getFileInfo.ms,1744947430169000000,1744947490209000000,490
workspaceModel.full.replace.project.model.ms,1744947430169000000,1744947490209000000,0
workspaceModel.cachedValueWithParameters.total.get.count,1744947430169000000,1744947490209000000,0
workspaceModel.workspaceFileIndexData.getDirectoriesByPackageName.ms,1744947430169000000,1744947490209000000,0
workspaceModel.workspaceFileIndexData.updateDirtyEntities.ms,1744947430169000000,1744947490209000000,0
workspaceModel.replace.project.model.ms,1744947430169000000,1744947490209000000,0
workspaceModel.updates.count,1744947430169000000,1744947490209000000,0
workspaceModel.loading.from.cache.ms,1744947430169000000,1744947490209000000,0
workspaceModel.cachedValueWithParameters.calculated.count,1744947430169000000,1744947490209000000,0
workspaceModel.workspaceFileIndexData.instances.count,1744947430169000000,1744947490209000000,0
workspaceModel.workspaceFileIndexData.onEntitiesChanged.ms,1744947430169000000,1744947490209000000,0
workspaceModel.to.snapshot.ms,1744947430169000000,1744947490209000000,0
workspaceModel.workspaceFileIndexData.getPackageName.ms,1744947430169000000,1744947490209000000,0
workspaceModel.collect.changes.ms,1744947430169000000,1744947490209000000,0
workspaceModel.init.bridges.ms,1744947430169000000,1744947490209000000,0
workspaceModel.workspaceFileIndexData.markDirty.ms,1744947430169000000,1744947490209000000,0
workspaceModel.cachedValue.total.get.count,1744947430169000000,1744947490209000000,68234
workspaceModel.updates.ms,1744947430169000000,1744947490209000000,0
NonBlockingReadAction.finalizedExecutionTimeUs,1744947430169000000,1744947490209000000,669321
FlushQueue.queueSizeAvg,1744947430169000000,1744947490209000000,0.0
NonBlockingReadAction.failedExecutionTimeUs,1744947430169000000,1744947490209000000,4938
NonBlockingReadAction.finalizedExecutionsCount,1744947430169000000,1744947490209000000,496
AWTEventQueue.dispatchTimeTotalNS,1744947430169000000,1744947490209000000,6658756149
FlushQueue.queueSizeMax,1744947430169000000,1744947490209000000,0
AWTEventQueue.eventsDispatched,1744947430169000000,1744947490209000000,0
FlushQueue.waitingTimeMaxNs,1744947430169000000,1744947490209000000,0
FlushQueue.queueSize90P,1744947430169000000,1744947490209000000,0
FlushQueue.waitingTimeAvgNs,1744947430169000000,1744947490209000000,0.0
FlushQueue.executionTimeAvgNs,1744947430169000000,1744947490209000000,0.0
FlushQueue.executionTimeMaxNs,1744947430169000000,1744947490209000000,0
AWTEventQueue.dispatchTimeAvgNs,1744947430169000000,1744947490209000000,0.0
ReadAction.executionsCount,1744947430169000000,1744947490209000000,204166
NonBlockingReadAction.failedExecutionsCount,1744947430169000000,1744947490209000000,1
FlushQueue.executionTime90PNs,1744947430169000000,1744947490209000000,0
AWTEventQueue.dispatchTime90PNs,1744947430169000000,1744947490209000000,0
FlushQueue.tasksExecuted,1744947430169000000,1744947490209000000,0
WriteAction.executionsCount,1744947430169000000,1744947490209000000,202
AWTEventQueue.dispatchTimeMaxNs,1744947430169000000,1744947490209000000,0
FlushQueue.waitingTime90PNs,1744947430169000000,1744947490209000000,0
workspaceModel.do.save.caches.ms,1744947430169000000,1744947490209000000,0
workspaceModel.moduleManagerBridge.load.module.ms,1744947430169000000,1744947490209000000,0
workspaceModel.mutableEntityStorage.put.entity.ms,1744947430169000000,1744947490209000000,0
workspaceModel.load.cache.from.file.ms,1744947430169000000,1744947490209000000,0
jps.global.get.library.by.name.ms,1744947430169000000,1744947490209000000,0
workspaceModel.mutableEntityStorage.add.entity.ms,1744947430169000000,1744947490209000000,0
workspaceModel.mutableEntityStorage.entities.by.source.ms,1744947430169000000,1744947490209000000,0
jps.global.handle.before.change.events.ms,1744947430169000000,1744947490209000000,0
jps.artifact.entities.serializer.save.entities.ms,1744947430169000000,1744947490209000000,0
jps.module.dependency.index.workspace.model.listener.on.changed.ms,1744947430169000000,1744947490209000000,0
workspaceModel.moduleBridge.before.changed.ms,1744947430169000000,1744947490209000000,0
workspaceModel.moduleManagerBridge.build.module.graph.ms,1744947430169000000,1744947490209000000,0
jps.project.serializers.save.ms,1744947430169000000,1744947490209000000,0
workspaceModel.mutableEntityStorage.changeLog.addReplaceEventForNewParent.ms,1744947430169000000,1744947490209000000,0
jps.app.storage.content.writer.save.component.ms,1744947430169000000,1744947490209000000,0
workspaceModel.mutableEntityStorage.resolve.ms,1744947430169000000,1744947490209000000,0
jps.save.global.entities.ms,1744947430169000000,1744947490209000000,0
workspaceModel.moduleManagerBridge.get.modules.ms,1744947430169000000,1744947490209000000,0
workspaceModel.moduleBridgeLoader.loading.modules.ms,1744947430169000000,1744947490209000000,0
jps.storage.jps.conf.reader.load.component.ms,1744947430169000000,1744947490209000000,0
workspaceModel.mutableEntityStorage.entities.ms,1744947430169000000,1744947490209000000,0
jps.facet.change.listener.init.bridge.ms,1744947430169000000,1744947490209000000,0
workspaceModel.mutableEntityStorage.changeLog.addReplaceEventForNewChild.ms,1744947430169000000,1744947490209000000,0
workspaceModel.moduleManagerBridge.create.module.instance.ms,1744947430169000000,1744947490209000000,0
jps.load.project.to.empty.storage.ms,1744947430169000000,1744947490209000000,0
workspaceModel.mutableEntityStorage.mutable.vfurl.index.ms,1744947430169000000,1744947490209000000,0
workspaceModel.moduleBridge.update.option.ms,1744947430169000000,1744947490209000000,0
jps.app.storage.content.reader.load.component.ms,1744947430169000000,1744947490209000000,0
workspaceModel.mutableEntityStorage.apply.changes.from.ms,1744947430169000000,1744947490209000000,0
workspaceModel.orphan.listener.update.ms,1744947430169000000,1744947490209000000,0
workspaceModel.moduleManagerBridge.set.unloadedModules.ms,1744947430169000000,1744947490209000000,0
workspaceModel.mutableEntityStorage.changeLog.addReplaceEventForRemovedChild.ms,1744947430169000000,1744947490209000000,0
jps.global.get.libraries.ms,1744947430169000000,1744947490209000000,0
jps.load.initial.state.ms,1744947430169000000,1744947490209000000,0
jps.facet.change.listener.process.change.events.ms,1744947430169000000,1744947490209000000,0
jps.global.get.library.ms,1744947430169000000,1744947490209000000,0
jps.facet.change.listener.before.change.events.ms,1744947430169000000,1744947490209000000,0
workspaceModel.moduleBridge.facet.initialization.ms,1744947430169000000,1744947490209000000,0
jps.artifact.entities.serializer.load.entities.ms,1744947430169000000,1744947490209000000,0
jps.global.initialize.library.bridges.ms,1744947430169000000,1744947490209000000,0
workspaceModel.save.cache.to.file.ms,1744947430169000000,1744947490209000000,0
workspaceModel.mutableEntityStorage.collect.changes.ms,1744947430169000000,1744947490209000000,0
jps.module.iml.entities.serializer.save.entities.ms,1744947430169000000,1744947490209000000,0
jps.global.handle.changed.events.ms,1744947430169000000,1744947490209000000,0
workspaceModel.global.updates.ms,1744947430169000000,1744947490209000000,0
workspaceModel.mutableEntityStorage.referrers.ms,1744947430169000000,1744947490209000000,0
workspaceModel.mutableEntityStorage.changeLog.addReplaceEventForRemovedParent.ms,1744947430169000000,1744947490209000000,0
workspaceModel.moduleManagerBridge.newModule.ms,1744947430169000000,1744947490209000000,0
jps.project.serializers.load.ms,1744947430169000000,1744947490209000000,0
jps.module.iml.entities.serializer.load.entities.ms,1744947430169000000,1744947490209000000,0
workspaceModel.mutableEntityStorage.instances.count,1744947430169000000,1744947490209000000,0
workspaceModel.moduleManagerBridge.load.all.modules.ms,1744947430169000000,1744947490209000000,0
workspaceModel.moduleManagerBridge.new.nonPersistent.module.ms,1744947430169000000,1744947490209000000,0
workspaceModel.global.apply.state.to.project.builder.ms,1744947430169000000,1744947490209000000,0
workspaceModel.global.updates.count,1744947430169000000,1744947490209000000,0
jps.library.entities.serializer.save.entities.ms,1744947430169000000,1744947490209000000,0
workspaceModel.mutableEntityStorage.replace.by.source.ms,1744947430169000000,1744947490209000000,0
workspaceModel.mutableEntityStorage.remove.entity.ms,1744947430169000000,1744947490209000000,0
jps.global.initialize.library.bridges.after.loading.ms,1744947430169000000,1744947490209000000,0
workspaceModel.mutableEntityStorage.modify.entity.ms,1744947430169000000,1744947490209000000,0
workspaceModel.load.cache.metadata.from.file.ms,1744947430169000000,1744947490209000000,0
workspaceModel.mutableEntityStorage.has.same.entities.ms,1744947430169000000,1744947490209000000,0
workspaceModel.mutableEntityStorage.mutable.ext.mapping.ms,1744947430169000000,1744947490209000000,0
jps.reload.project.entities.ms,1744947430169000000,1744947490209000000,0
jps.apply.loaded.storage.ms,1744947430169000000,1744947490209000000,0
workspaceModel.delayed.project.synchronizer.sync.ms,1744947430169000000,1744947490209000000,0
workspaceModel.global.apply.state.to.project.ms,1744947430169000000,1744947490209000000,0
workspaceModel.sync.entities.ms,1744947430169000000,1744947490209000000,0
workspaceModel.mutableEntityStorage.to.snapshot.ms,1744947430169000000,1744947490209000000,0
jps.library.entities.serializer.load.entities.ms,1744947430169000000,1744947490209000000,0
jps.save.changed.project.entities.ms,1744947430169000000,1744947490209000000,0
IndexesFlusher.totalFlushesRetried,1744947430169000000,1744947490209000000,0
Indexing.writer_0.totalTimeSpentWritingMs,1744947430169000000,1744947490209000000,0
Indexing.writesQueuedMin,1744947430169000000,1744947490209000000,9223372036854775807
Indexing.cache.totalCacheAccesses,1744947430169000000,1744947490209000000,3101
Indexes.entries.lookupDurationMaxMs,1744947430169000000,1744947490209000000,0.0
Indexes.stubs.lookupDurationMaxMs,1744947430169000000,1744947490209000000,0.0
Indexes.entries.lookupDuration90PMs,1744947430169000000,1744947490209000000,0.0
Indexes.allKeys.lookupDurationMaxMs,1744947430169000000,1744947490209000000,0.0
Indexing.writer_2.totalTimeSpentWritingMs,1744947430169000000,1744947490209000000,0
Indexes.stubs.lookupDuration90PMs,1744947430169000000,1744947490209000000,0.0
Indexes.stubs.lookupDurationAvgMs,1744947430169000000,1744947490209000000,0.0
Indexes.entries.lookups,1744947430169000000,1744947490209000000,1120
Indexing.writer_1.totalTimeSpentWritingMs,1744947430169000000,1744947490209000000,0
Indexes.allKeys.lookupDurationAvgMs,1744947430169000000,1744947490209000000,0.0
Indexing.writesQueuedMax,1744947430169000000,1744947490209000000,0
Indexing.cache.totalCacheMisses,1744947430169000000,1744947490209000000,375
IndexesFlusher.totalFlushes,1744947430169000000,1744947490209000000,59
Indexes.stubs.lookups,1744947430169000000,1744947490209000000,529
Indexes.allKeys.lookupDuration90PMs,1744947430169000000,1744947490209000000,0.0
Indexing.cache.totalCacheEvicted,1744947430169000000,1744947490209000000,361
Indexes.allKeys.lookups,1744947430169000000,1744947490209000000,0
IndexesFlusher.totalFlushingTimeUs,1744947430169000000,1744947490209000000,114208
Indexing.writer_3.totalTimeSpentWritingMs,1744947430169000000,1744947490209000000,0
Indexing.totalTimeIndexersSleptMs,1744947430169000000,1744947490209000000,0
Indexes.entries.lookupDurationAvgMs,1744947430169000000,1744947490209000000,0.0
IndexesFlusher.totalContentionQuotaSpent,1744947430169000000,1744947490209000000,0
JVM.totalTimeAtSafepointsMs,1744947430169000000,1744947490209000000,1352
JVM.usedNativeBytes,1744947430169000000,1744947490209000000,457043376
OS.loadAverage,1744947430169000000,1744947490209000000,2.80859375
JVM.maxHeapBytes,1744947430169000000,1744947490209000000,2147483648
JVM.usedHeapBytes,1744947430169000000,1744947490209000000,588775424
JVM.GC.collectionTimesMs,1744947430169000000,1744947490209000000,1341
JVM.totalDirectByteBuffersBytes,1744947430169000000,1744947490209000000,162500295
JVM.totalSafepointCount,1744947430169000000,1744947490209000000,72
JVM.totalTimeToSafepointsMs,1744947430169000000,1744947490209000000,5
JVM.maxThreadCount,1744947430169000000,1744947490209000000,132
JVM.totalCpuTimeMs,1744947430169000000,1744947490209000000,92590
JVM.threadCount,1744947430169000000,1744947490209000000,69
JVM.newThreadsCount,1744947430169000000,1744947490209000000,1
JVM.GC.collections,1744947430169000000,1744947490209000000,38
JVM.totalBytesAllocated,1744947430169000000,1744947490209000000,3008429824
StreamlinedBlobStorage.recordsAllocated,1744947430169000000,1744947490209000000,0
FileChannelInterruptsRetryer.totalRetriedAttempts,1744947430169000000,1744947490209000000,0
FilePageCacheLockFree.totalBytesRequested,1744947430169000000,1744947490209000000,0
FilePageCacheLockFree.totalPagesRequested,1744947430169000000,1744947490209000000,0
FilePageCache.disposedBuffers,1744947430169000000,1744947490209000000,0
DirectByteBufferAllocator.misses,1744947430169000000,1744947490209000000,0
FilePageCacheLockFree.totalNativeBytesReclaimed,1744947430169000000,1744947490209000000,0
StreamlinedBlobStorage.recordsDeleted,1744947430169000000,1744947490209000000,0
FilePageCache.pageLoadsAboveSizeThreshold,1744947430169000000,1744947490209000000,0
FilePageCache.pageFastCacheHits,1744947430169000000,1744947490209000000,118
FilePageCacheLockFree.housekeeperTurnsSkipped,1744947430169000000,1744947490209000000,0
DirectByteBufferAllocator.totalSizeOfBuffersCachedInBytes,1744947430169000000,1744947490209000000,0
MappedFileStorage.storages,1744947430169000000,1744947490209000000,16
FilePageCache.uncachedFileAccess,1744947430169000000,1744947490209000000,0
MappedFileStorage.totalPagesMapped,1744947430169000000,1744947490209000000,16
FilePageCacheLockFree.totalPagesReclaimed,1744947430169000000,1744947490209000000,0
FilePageCacheLockFree.totalPagesRequestsMs,1744947430169000000,1744947490209000000,0
DirectByteBufferAllocator.reclaimed,1744947430169000000,1744947490209000000,0
FilePageCache.capacityInBytes,1744947430169000000,1744947490209000000,503316478
StorageLockContext.competingThreads.avg,1744947430169000000,1744947490209000000,0.0
FilePageCache.totalPageLoadsUs,1744947430169000000,1744947490209000000,0
MappedFileStorage.totalTimeSpentOnMappingUs,1744947430169000000,1744947490209000000,41443
StorageLockContext.competingThreads.90P,1744947430169000000,1744947490209000000,0
FilePageCacheLockFree.totalBytesWritten,1744947430169000000,1744947490209000000,0
StreamlinedBlobStorage.totalLiveRecordsCapacityBytes,1744947430169000000,1744947490209000000,0
FilePageCache.pageHits,1744947430169000000,1744947490209000000,124
FilePageCacheLockFree.totalPagesHandedOver,1744947430169000000,1744947490209000000,0
FilePageCacheLockFree.totalPagesWritten,1744947430169000000,1744947490209000000,0
FilePageCacheLockFree.totalClosedStoragesReclaimed,1744947430169000000,1744947490209000000,0
FilePageCacheLockFree.totalPagesWriteMs,1744947430169000000,1744947490209000000,0
FilePageCacheLockFree.totalPageAllocationsWaited,1744947430169000000,1744947490209000000,0
FilePageCacheLockFree.nativeBytesInUse,1744947430169000000,1744947490209000000,0
MappedFileStorage.totalBytesMapped,1744947430169000000,1744947490209000000,202637312
DirectByteBufferAllocator.totalSizeOfBuffersAllocatedInBytes,1744947430169000000,1744947490209000000,161619968
StreamlinedBlobStorage.recordsRelocated,1744947430169000000,1744947490209000000,0
StreamlinedBlobStorage.totalLiveRecordsPayloadBytes,1744947430169000000,1744947490209000000,0
FilePageCacheLockFree.totalBytesRead,1744947430169000000,1744947490209000000,0
FilePageCache.totalPageDisposalsUs,1744947430169000000,1744947490209000000,0
FilePageCache.maxRegisteredFiles,1744947430169000000,1744947490209000000,261
DirectByteBufferAllocator.disposed,1744947430169000000,1744947490209000000,0
FilePageCache.pageLoads,1744947430169000000,1744947490209000000,0
FilePageCacheLockFree.totalPagesAllocated,1744947430169000000,1744947490209000000,0
FilePageCacheLockFree.totalHeapBytesReclaimed,1744947430169000000,1744947490209000000,0
FilePageCacheLockFree.heapBytesInUse,1744947430169000000,1744947490209000000,0
FilePageCache.maxCacheSizeInBytes,1744947430169000000,1744947490209000000,161619968
DirectByteBufferAllocator.hits,1744947430169000000,1744947490209000000,0
FilePageCacheLockFree.totalNativeBytesAllocated,1744947430169000000,1744947490209000000,0
FilePageCacheLockFree.totalHeapBytesAllocated,1744947430169000000,1744947490209000000,0
StorageLockContext.competingThreads.max,1744947430169000000,1744947490209000000,0
FilePageCacheLockFree.housekeeperTimeSpentMs,1744947430169000000,1744947490209000000,0
FilePageCacheLockFree.housekeeperTurnsDone,1744947430169000000,1744947490209000000,0
FilePageCacheLockFree.totalPagesReadMs,1744947430169000000,1744947490209000000,0
VFS.invertedFileNameIndex.requests,1744947490209000000,1744947550170000000,0
VFS.contentStorage.recordsDecompressionTimeUs,1744947490209000000,1744947550170000000,205
VFS.contentStorage.recordsUncompressedSize,1744947490209000000,1744947550170000000,0
VFS.fileChildByName,1744947490209000000,1744947550170000000,98661
FileNameCache.queries,1744947490209000000,1744947550170000000,1527424
VFS.contentStorage.recordsRead,1744947490209000000,1744947550170000000,606
VFS.contentStorage.recordsStoredCompressed,1744947490209000000,1744947550170000000,0
VFS.fileByIdCache.hits,1744947490209000000,1744947550170000000,0
VFS.contentStorage.recordsReadDecompressed,1744947490209000000,1744947550170000000,2
VFS.contentStorage.recordsReadSize,1744947490209000000,1744947550170000000,1985784
VFS.contentStorage.recordsStored,1744947490209000000,1744947550170000000,0
VFS.contentStorage.recordsDeduplicated,1744947490209000000,1744947550170000000,0
FileNameCache.totalMisses,1744947490209000000,1744947550170000000,0
VFS.fileByIdCache.misses,1744947490209000000,1744947550170000000,265706
VFS.contentStorage.recordsStoredSize,1744947490209000000,1744947550170000000,0
DiskQueryRelay.taskWaitingTotalTimeUs,1744947490209000000,1744947550170000000,3356
DiskQueryRelay.tasksRequested,1744947490209000000,1744947550170000000,6
parser.Python.time.ns,1744947490209000000,1744947550170000000,471012936
parser.Python.size.bytes,1744947490209000000,1744947550170000000,178582
parser.PythonStub.time.ns,1744947490209000000,1744947550170000000,13646010
lexer.PythonStub.size.bytes,1744947490209000000,1744947550170000000,37277
writeAction.count,1744947490209000000,1744947550170000000,165
parser.PythonStub.size.bytes,1744947490209000000,1744947550170000000,37277
lexer.PythonStub.time.ns,1744947490209000000,1744947550170000000,4059039
lexer.Python.size.bytes,1744947490209000000,1744947550170000000,178582
writeAction.wait.ms,1744947490209000000,1744947550170000000,158
writeAction.median.wait.ms,1744947490209000000,1744947550170000000,200
DiskQueryRelay.taskExecutionTotalTimeUs,1744947490209000000,1744947550170000000,1510
DiskQueryRelay.tasksExecuted,1744947490209000000,1744947550170000000,6
writeAction.max.wait.ms,1744947490209000000,1744947550170000000,96
lexer.Python.time.ns,1744947490209000000,1744947550170000000,160659080
sorting.time.12,1744947490209000000,1744947550170000000,1
model.items.12,1744947490209000000,1744947550170000000,1
sorting.time.9,1744947490209000000,1744947550170000000,1
sorting.items.5,1744947490209000000,1744947550170000000,11
model.time.1,1744947490209000000,1744947550170000000,13
reordered.by.ml,1744947490209000000,1744947550170000000,67
sorting.time.5,1744947490209000000,1744947550170000000,7
sorting.time.8,1744947490209000000,1744947550170000000,3
sorting.time.2,1744947490209000000,1744947550170000000,25
sorting.time.1,1744947490209000000,1744947550170000000,28
sorting.time.3,1744947490209000000,1744947550170000000,14
sorting.items.4,1744947490209000000,1744947550170000000,2
model.time.5,1744947490209000000,1744947550170000000,1
model.items.2,1744947490209000000,1744947550170000000,84
model.items.0,1744947490209000000,1744947550170000000,241
model.time.7,1744947490209000000,1744947550170000000,4
model.items.10,1744947490209000000,1744947550170000000,1
model.items.5,1744947490209000000,1744947550170000000,11
sorting.time.4,1744947490209000000,1744947550170000000,4
model.time.3,1744947490209000000,1744947550170000000,6
model.items.3,1744947490209000000,1744947550170000000,45
sorting.items.2,1744947490209000000,1744947550170000000,84
sorting.items.0,1744947490209000000,1744947550170000000,241
sorting.items.12,1744947490209000000,1744947550170000000,1
model.items.4,1744947490209000000,1744947550170000000,2
sorting.items.10,1744947490209000000,1744947550170000000,1
sorting.items.7,1744947490209000000,1744947550170000000,36
sorting.time.0,1744947490209000000,1744947550170000000,66
model.items.7,1744947490209000000,1744947550170000000,36
model.time.0,1744947490209000000,1744947550170000000,32
model.items.8,1744947490209000000,1744947550170000000,6
sorting.items.1,1744947490209000000,1744947550170000000,106
sorting.time.10,1744947490209000000,1744947550170000000,1
model.items.1,1744947490209000000,1744947550170000000,106
model.time.2,1744947490209000000,1744947550170000000,11
sorting.items.8,1744947490209000000,1744947550170000000,6
sorting.items.3,1744947490209000000,1744947550170000000,45
sorting.time.7,1744947490209000000,1744947550170000000,8
cacheStateStorage.set.counter,1744947490209000000,1744947550170000000,0
cacheStateStorage.set.duration,1744947490209000000,1744947550170000000,0
cacheStateStorage.get.duration,1744947490209000000,1744947550170000000,0
cacheStateStorage.get.counter,1744947490209000000,1744947550170000000,0
workspaceModel.cachedValueWithParameters.from.cache.count,1744947490209000000,1744947550170000000,0
workspaceModel.update.unloaded.entities.ms,1744947490209000000,1744947550170000000,0
workspaceModel.cachedValueWithParameters.clear.count,1744947490209000000,1744947550170000000,0
workspaceModel.cachedValue.clear.count,1744947490209000000,1744947550170000000,0
workspaceModel.workspaceFileIndexData.visitFileSets.ms,1744947490209000000,1744947550170000000,0
workspaceModel.cachedValue.from.cache.count,1744947490209000000,1744947550170000000,84017
workspaceModel.workspaceFileIndexContributor.registerFileSets.ms,1744947490209000000,1744947550170000000,0
workspaceModel.workspaceFileIndexData.init.ms,1744947490209000000,1744947550170000000,0
workspaceModel.pre.handlers.ms,1744947490209000000,1744947550170000000,0
workspaceModel.on.before.changed.ms,1744947490209000000,1744947550170000000,0
workspaceModel.updates.precise.ms,1744947490209000000,1744947550170000000,0
workspaceModel.entityStorageSnapshotImpl.instances.count,1744947490209000000,1744947550170000000,0
workspaceModel.check.recursive.update.ms,1744947490209000000,1744947550170000000,0
workspaceModel.loading.total.ms,1744947490209000000,1744947550170000000,0
workspaceModel.initializing.ms,1744947490209000000,1744947550170000000,0
workspaceModel.cachedValue.calculated.count,1744947490209000000,1744947550170000000,0
workspaceModel.on.changed.ms,1744947490209000000,1744947550170000000,0
workspaceModel.workspaceFileIndexData.processFileSets.ms,1744947490209000000,1744947550170000000,0
workspaceModel.workspaceFileIndexData.getFileInfo.ms,1744947490209000000,1744947550170000000,594
workspaceModel.full.replace.project.model.ms,1744947490209000000,1744947550170000000,0
workspaceModel.cachedValueWithParameters.total.get.count,1744947490209000000,1744947550170000000,0
workspaceModel.workspaceFileIndexData.getDirectoriesByPackageName.ms,1744947490209000000,1744947550170000000,0
workspaceModel.workspaceFileIndexData.updateDirtyEntities.ms,1744947490209000000,1744947550170000000,0
workspaceModel.replace.project.model.ms,1744947490209000000,1744947550170000000,0
workspaceModel.updates.count,1744947490209000000,1744947550170000000,0
workspaceModel.loading.from.cache.ms,1744947490209000000,1744947550170000000,0
workspaceModel.cachedValueWithParameters.calculated.count,1744947490209000000,1744947550170000000,0
workspaceModel.workspaceFileIndexData.instances.count,1744947490209000000,1744947550170000000,0
workspaceModel.workspaceFileIndexData.onEntitiesChanged.ms,1744947490209000000,1744947550170000000,0
workspaceModel.to.snapshot.ms,1744947490209000000,1744947550170000000,0
workspaceModel.workspaceFileIndexData.getPackageName.ms,1744947490209000000,1744947550170000000,0
workspaceModel.collect.changes.ms,1744947490209000000,1744947550170000000,0
workspaceModel.init.bridges.ms,1744947490209000000,1744947550170000000,0
workspaceModel.workspaceFileIndexData.markDirty.ms,1744947490209000000,1744947550170000000,0
workspaceModel.cachedValue.total.get.count,1744947490209000000,1744947550170000000,84017
workspaceModel.updates.ms,1744947490209000000,1744947550170000000,0
NonBlockingReadAction.finalizedExecutionTimeUs,1744947490209000000,1744947550170000000,605116
FlushQueue.queueSizeAvg,1744947490209000000,1744947550170000000,0.0
NonBlockingReadAction.failedExecutionTimeUs,1744947490209000000,1744947550170000000,0
NonBlockingReadAction.finalizedExecutionsCount,1744947490209000000,1744947550170000000,424
AWTEventQueue.dispatchTimeTotalNS,1744947490209000000,1744947550170000000,7828722491
FlushQueue.queueSizeMax,1744947490209000000,1744947550170000000,0
AWTEventQueue.eventsDispatched,1744947490209000000,1744947550170000000,0
FlushQueue.waitingTimeMaxNs,1744947490209000000,1744947550170000000,0
FlushQueue.queueSize90P,1744947490209000000,1744947550170000000,0
FlushQueue.waitingTimeAvgNs,1744947490209000000,1744947550170000000,0.0
FlushQueue.executionTimeAvgNs,1744947490209000000,1744947550170000000,0.0
FlushQueue.executionTimeMaxNs,1744947490209000000,1744947550170000000,0
AWTEventQueue.dispatchTimeAvgNs,1744947490209000000,1744947550170000000,0.0
ReadAction.executionsCount,1744947490209000000,1744947550170000000,240422
NonBlockingReadAction.failedExecutionsCount,1744947490209000000,1744947550170000000,0
FlushQueue.executionTime90PNs,1744947490209000000,1744947550170000000,0
AWTEventQueue.dispatchTime90PNs,1744947490209000000,1744947550170000000,0
FlushQueue.tasksExecuted,1744947490209000000,1744947550170000000,0
WriteAction.executionsCount,1744947490209000000,1744947550170000000,165
AWTEventQueue.dispatchTimeMaxNs,1744947490209000000,1744947550170000000,0
FlushQueue.waitingTime90PNs,1744947490209000000,1744947550170000000,0
workspaceModel.do.save.caches.ms,1744947490209000000,1744947550170000000,0
workspaceModel.moduleManagerBridge.load.module.ms,1744947490209000000,1744947550170000000,0
workspaceModel.mutableEntityStorage.put.entity.ms,1744947490209000000,1744947550170000000,0
workspaceModel.load.cache.from.file.ms,1744947490209000000,1744947550170000000,0
jps.global.get.library.by.name.ms,1744947490209000000,1744947550170000000,0
workspaceModel.mutableEntityStorage.add.entity.ms,1744947490209000000,1744947550170000000,0
workspaceModel.mutableEntityStorage.entities.by.source.ms,1744947490209000000,1744947550170000000,0
jps.global.handle.before.change.events.ms,1744947490209000000,1744947550170000000,0
jps.artifact.entities.serializer.save.entities.ms,1744947490209000000,1744947550170000000,0
jps.module.dependency.index.workspace.model.listener.on.changed.ms,1744947490209000000,1744947550170000000,0
workspaceModel.moduleBridge.before.changed.ms,1744947490209000000,1744947550170000000,0
workspaceModel.moduleManagerBridge.build.module.graph.ms,1744947490209000000,1744947550170000000,0
jps.project.serializers.save.ms,1744947490209000000,1744947550170000000,0
workspaceModel.mutableEntityStorage.changeLog.addReplaceEventForNewParent.ms,1744947490209000000,1744947550170000000,0
jps.app.storage.content.writer.save.component.ms,1744947490209000000,1744947550170000000,0
workspaceModel.mutableEntityStorage.resolve.ms,1744947490209000000,1744947550170000000,0
jps.save.global.entities.ms,1744947490209000000,1744947550170000000,0
workspaceModel.moduleManagerBridge.get.modules.ms,1744947490209000000,1744947550170000000,0
workspaceModel.moduleBridgeLoader.loading.modules.ms,1744947490209000000,1744947550170000000,0
jps.storage.jps.conf.reader.load.component.ms,1744947490209000000,1744947550170000000,0
workspaceModel.mutableEntityStorage.entities.ms,1744947490209000000,1744947550170000000,0
jps.facet.change.listener.init.bridge.ms,1744947490209000000,1744947550170000000,0
workspaceModel.mutableEntityStorage.changeLog.addReplaceEventForNewChild.ms,1744947490209000000,1744947550170000000,0
workspaceModel.moduleManagerBridge.create.module.instance.ms,1744947490209000000,1744947550170000000,0
jps.load.project.to.empty.storage.ms,1744947490209000000,1744947550170000000,0
workspaceModel.mutableEntityStorage.mutable.vfurl.index.ms,1744947490209000000,1744947550170000000,0
workspaceModel.moduleBridge.update.option.ms,1744947490209000000,1744947550170000000,0
jps.app.storage.content.reader.load.component.ms,1744947490209000000,1744947550170000000,0
workspaceModel.mutableEntityStorage.apply.changes.from.ms,1744947490209000000,1744947550170000000,0
workspaceModel.orphan.listener.update.ms,1744947490209000000,1744947550170000000,0
workspaceModel.moduleManagerBridge.set.unloadedModules.ms,1744947490209000000,1744947550170000000,0
workspaceModel.mutableEntityStorage.changeLog.addReplaceEventForRemovedChild.ms,1744947490209000000,1744947550170000000,0
jps.global.get.libraries.ms,1744947490209000000,1744947550170000000,0
jps.load.initial.state.ms,1744947490209000000,1744947550170000000,0
jps.facet.change.listener.process.change.events.ms,1744947490209000000,1744947550170000000,0
jps.global.get.library.ms,1744947490209000000,1744947550170000000,0
jps.facet.change.listener.before.change.events.ms,1744947490209000000,1744947550170000000,0
workspaceModel.moduleBridge.facet.initialization.ms,1744947490209000000,1744947550170000000,0
jps.artifact.entities.serializer.load.entities.ms,1744947490209000000,1744947550170000000,0
jps.global.initialize.library.bridges.ms,1744947490209000000,1744947550170000000,0
workspaceModel.save.cache.to.file.ms,1744947490209000000,1744947550170000000,0
workspaceModel.mutableEntityStorage.collect.changes.ms,1744947490209000000,1744947550170000000,0
jps.module.iml.entities.serializer.save.entities.ms,1744947490209000000,1744947550170000000,0
jps.global.handle.changed.events.ms,1744947490209000000,1744947550170000000,0
workspaceModel.global.updates.ms,1744947490209000000,1744947550170000000,0
workspaceModel.mutableEntityStorage.referrers.ms,1744947490209000000,1744947550170000000,0
workspaceModel.mutableEntityStorage.changeLog.addReplaceEventForRemovedParent.ms,1744947490209000000,1744947550170000000,0
workspaceModel.moduleManagerBridge.newModule.ms,1744947490209000000,1744947550170000000,0
jps.project.serializers.load.ms,1744947490209000000,1744947550170000000,0
jps.module.iml.entities.serializer.load.entities.ms,1744947490209000000,1744947550170000000,0
workspaceModel.mutableEntityStorage.instances.count,1744947490209000000,1744947550170000000,0
workspaceModel.moduleManagerBridge.load.all.modules.ms,1744947490209000000,1744947550170000000,0
workspaceModel.moduleManagerBridge.new.nonPersistent.module.ms,1744947490209000000,1744947550170000000,0
workspaceModel.global.apply.state.to.project.builder.ms,1744947490209000000,1744947550170000000,0
workspaceModel.global.updates.count,1744947490209000000,1744947550170000000,0
jps.library.entities.serializer.save.entities.ms,1744947490209000000,1744947550170000000,0
workspaceModel.mutableEntityStorage.replace.by.source.ms,1744947490209000000,1744947550170000000,0
workspaceModel.mutableEntityStorage.remove.entity.ms,1744947490209000000,1744947550170000000,0
jps.global.initialize.library.bridges.after.loading.ms,1744947490209000000,1744947550170000000,0
workspaceModel.mutableEntityStorage.modify.entity.ms,1744947490209000000,1744947550170000000,0
workspaceModel.load.cache.metadata.from.file.ms,1744947490209000000,1744947550170000000,0
workspaceModel.mutableEntityStorage.has.same.entities.ms,1744947490209000000,1744947550170000000,0
workspaceModel.mutableEntityStorage.mutable.ext.mapping.ms,1744947490209000000,1744947550170000000,0
jps.reload.project.entities.ms,1744947490209000000,1744947550170000000,0
jps.apply.loaded.storage.ms,1744947490209000000,1744947550170000000,0
workspaceModel.delayed.project.synchronizer.sync.ms,1744947490209000000,1744947550170000000,0
workspaceModel.global.apply.state.to.project.ms,1744947490209000000,1744947550170000000,0
workspaceModel.sync.entities.ms,1744947490209000000,1744947550170000000,0
workspaceModel.mutableEntityStorage.to.snapshot.ms,1744947490209000000,1744947550170000000,0
jps.library.entities.serializer.load.entities.ms,1744947490209000000,1744947550170000000,0
jps.save.changed.project.entities.ms,1744947490209000000,1744947550170000000,0
IndexesFlusher.totalFlushesRetried,1744947490209000000,1744947550170000000,0
Indexing.writer_0.totalTimeSpentWritingMs,1744947490209000000,1744947550170000000,0
Indexing.writesQueuedMin,1744947490209000000,1744947550170000000,9223372036854775807
Indexing.cache.totalCacheAccesses,1744947490209000000,1744947550170000000,3841
Indexes.entries.lookupDurationMaxMs,1744947490209000000,1744947550170000000,0.0
Indexes.stubs.lookupDurationMaxMs,1744947490209000000,1744947550170000000,0.0
Indexes.entries.lookupDuration90PMs,1744947490209000000,1744947550170000000,0.0
Indexes.allKeys.lookupDurationMaxMs,1744947490209000000,1744947550170000000,0.0
Indexing.writer_2.totalTimeSpentWritingMs,1744947490209000000,1744947550170000000,0
Indexes.stubs.lookupDuration90PMs,1744947490209000000,1744947550170000000,0.0
Indexes.stubs.lookupDurationAvgMs,1744947490209000000,1744947550170000000,0.0
Indexes.entries.lookups,1744947490209000000,1744947550170000000,1334
Indexing.writer_1.totalTimeSpentWritingMs,1744947490209000000,1744947550170000000,0
Indexes.allKeys.lookupDurationAvgMs,1744947490209000000,1744947550170000000,0.0
Indexing.writesQueuedMax,1744947490209000000,1744947550170000000,0
Indexing.cache.totalCacheMisses,1744947490209000000,1744947550170000000,556
IndexesFlusher.totalFlushes,1744947490209000000,1744947550170000000,60
Indexes.stubs.lookups,1744947490209000000,1744947550170000000,698
Indexes.allKeys.lookupDuration90PMs,1744947490209000000,1744947550170000000,0.0
Indexing.cache.totalCacheEvicted,1744947490209000000,1744947550170000000,538
Indexes.allKeys.lookups,1744947490209000000,1744947550170000000,0
IndexesFlusher.totalFlushingTimeUs,1744947490209000000,1744947550170000000,140461
Indexing.writer_3.totalTimeSpentWritingMs,1744947490209000000,1744947550170000000,0
Indexing.totalTimeIndexersSleptMs,1744947490209000000,1744947550170000000,0
Indexes.entries.lookupDurationAvgMs,1744947490209000000,1744947550170000000,0.0
IndexesFlusher.totalContentionQuotaSpent,1744947490209000000,1744947550170000000,0
JVM.totalTimeAtSafepointsMs,1744947490209000000,1744947550170000000,1670
JVM.usedNativeBytes,1744947490209000000,1744947550170000000,467372408
OS.loadAverage,1744947490209000000,1744947550170000000,2.47802734375
JVM.maxHeapBytes,1744947490209000000,1744947550170000000,2147483648
JVM.usedHeapBytes,1744947490209000000,1744947550170000000,710410240
JVM.GC.collectionTimesMs,1744947490209000000,1744947550170000000,1657
JVM.totalDirectByteBuffersBytes,1744947490209000000,1744947550170000000,167792844
JVM.totalSafepointCount,1744947490209000000,1744947550170000000,73
JVM.totalTimeToSafepointsMs,1744947490209000000,1744947550170000000,3
JVM.maxThreadCount,1744947490209000000,1744947550170000000,132
JVM.totalCpuTimeMs,1744947490209000000,1744947550170000000,103640
JVM.threadCount,1744947490209000000,1744947550170000000,68
JVM.newThreadsCount,1744947490209000000,1744947550170000000,1
JVM.GC.collections,1744947490209000000,1744947550170000000,42
JVM.totalBytesAllocated,1744947490209000000,1744947550170000000,3899284944
StreamlinedBlobStorage.recordsAllocated,1744947490209000000,1744947550170000000,1
FileChannelInterruptsRetryer.totalRetriedAttempts,1744947490209000000,1744947550170000000,0
FilePageCacheLockFree.totalBytesRequested,1744947490209000000,1744947550170000000,0
FilePageCacheLockFree.totalPagesRequested,1744947490209000000,1744947550170000000,0
FilePageCache.disposedBuffers,1744947490209000000,1744947550170000000,0
DirectByteBufferAllocator.misses,1744947490209000000,1744947550170000000,5
FilePageCacheLockFree.totalNativeBytesReclaimed,1744947490209000000,1744947550170000000,0
StreamlinedBlobStorage.recordsDeleted,1744947490209000000,1744947550170000000,0
FilePageCache.pageLoadsAboveSizeThreshold,1744947490209000000,1744947550170000000,0
FilePageCache.pageFastCacheHits,1744947490209000000,1744947550170000000,605
FilePageCacheLockFree.housekeeperTurnsSkipped,1744947490209000000,1744947550170000000,0
DirectByteBufferAllocator.totalSizeOfBuffersCachedInBytes,1744947490209000000,1744947550170000000,0
MappedFileStorage.storages,1744947490209000000,1744947550170000000,16
FilePageCache.uncachedFileAccess,1744947490209000000,1744947550170000000,8
MappedFileStorage.totalPagesMapped,1744947490209000000,1744947550170000000,16
FilePageCacheLockFree.totalPagesReclaimed,1744947490209000000,1744947550170000000,0
FilePageCacheLockFree.totalPagesRequestsMs,1744947490209000000,1744947550170000000,0
DirectByteBufferAllocator.reclaimed,1744947490209000000,1744947550170000000,0
FilePageCache.capacityInBytes,1744947490209000000,1744947550170000000,503316478
StorageLockContext.competingThreads.avg,1744947490209000000,1744947550170000000,0.0
FilePageCache.totalPageLoadsUs,1744947490209000000,1744947550170000000,11075
MappedFileStorage.totalTimeSpentOnMappingUs,1744947490209000000,1744947550170000000,41443
StorageLockContext.competingThreads.90P,1744947490209000000,1744947550170000000,0
FilePageCacheLockFree.totalBytesWritten,1744947490209000000,1744947550170000000,0
StreamlinedBlobStorage.totalLiveRecordsCapacityBytes,1744947490209000000,1744947550170000000,70
FilePageCache.pageHits,1744947490209000000,1744947550170000000,161
FilePageCacheLockFree.totalPagesHandedOver,1744947490209000000,1744947550170000000,0
FilePageCacheLockFree.totalPagesWritten,1744947490209000000,1744947550170000000,0
FilePageCacheLockFree.totalClosedStoragesReclaimed,1744947490209000000,1744947550170000000,0
FilePageCacheLockFree.totalPagesWriteMs,1744947490209000000,1744947550170000000,0
FilePageCacheLockFree.totalPageAllocationsWaited,1744947490209000000,1744947550170000000,0
FilePageCacheLockFree.nativeBytesInUse,1744947490209000000,1744947550170000000,0
MappedFileStorage.totalBytesMapped,1744947490209000000,1744947550170000000,202637312
DirectByteBufferAllocator.totalSizeOfBuffersAllocatedInBytes,1744947490209000000,1744947550170000000,166862848
StreamlinedBlobStorage.recordsRelocated,1744947490209000000,1744947550170000000,0
StreamlinedBlobStorage.totalLiveRecordsPayloadBytes,1744947490209000000,1744947550170000000,7
FilePageCacheLockFree.totalBytesRead,1744947490209000000,1744947550170000000,0
FilePageCache.totalPageDisposalsUs,1744947490209000000,1744947550170000000,42
FilePageCache.maxRegisteredFiles,1744947490209000000,1744947550170000000,261
DirectByteBufferAllocator.disposed,1744947490209000000,1744947550170000000,0
FilePageCache.pageLoads,1744947490209000000,1744947550170000000,5
FilePageCacheLockFree.totalPagesAllocated,1744947490209000000,1744947550170000000,0
FilePageCacheLockFree.totalHeapBytesReclaimed,1744947490209000000,1744947550170000000,0
FilePageCacheLockFree.heapBytesInUse,1744947490209000000,1744947550170000000,0
FilePageCache.maxCacheSizeInBytes,1744947490209000000,1744947550170000000,166862848
DirectByteBufferAllocator.hits,1744947490209000000,1744947550170000000,0
FilePageCacheLockFree.totalNativeBytesAllocated,1744947490209000000,1744947550170000000,0
FilePageCacheLockFree.totalHeapBytesAllocated,1744947490209000000,1744947550170000000,0
StorageLockContext.competingThreads.max,1744947490209000000,1744947550170000000,0
FilePageCacheLockFree.housekeeperTimeSpentMs,1744947490209000000,1744947550170000000,0
FilePageCacheLockFree.housekeeperTurnsDone,1744947490209000000,1744947550170000000,0
FilePageCacheLockFree.totalPagesReadMs,1744947490209000000,1744947550170000000,0
VFS.invertedFileNameIndex.requests,1744947550170000000,1744947610171000000,0
VFS.contentStorage.recordsDecompressionTimeUs,1744947550170000000,1744947610171000000,231
VFS.contentStorage.recordsUncompressedSize,1744947550170000000,1744947610171000000,4358
VFS.fileChildByName,1744947550170000000,1744947610171000000,50752
FileNameCache.queries,1744947550170000000,1744947610171000000,598144
VFS.contentStorage.recordsRead,1744947550170000000,1744947610171000000,265
VFS.contentStorage.recordsStoredCompressed,1744947550170000000,1744947610171000000,0
VFS.fileByIdCache.hits,1744947550170000000,1744947610171000000,0
VFS.contentStorage.recordsReadDecompressed,1744947550170000000,1744947610171000000,2
VFS.contentStorage.recordsReadSize,1744947550170000000,1744947610171000000,897500
VFS.contentStorage.recordsStored,1744947550170000000,1744947610171000000,1
VFS.contentStorage.recordsDeduplicated,1744947550170000000,1744947610171000000,0
FileNameCache.totalMisses,1744947550170000000,1744947610171000000,0
VFS.fileByIdCache.misses,1744947550170000000,1744947610171000000,113423
VFS.contentStorage.recordsStoredSize,1744947550170000000,1744947610171000000,4358
DiskQueryRelay.taskWaitingTotalTimeUs,1744947550170000000,1744947610171000000,6534
DiskQueryRelay.tasksRequested,1744947550170000000,1744947610171000000,3
parser.Python.time.ns,1744947550170000000,1744947610171000000,184625588
parser.Python.size.bytes,1744947550170000000,1744947610171000000,122212
parser.PythonStub.time.ns,1744947550170000000,1744947610171000000,891965
lexer.PythonStub.size.bytes,1744947550170000000,1744947610171000000,1987
writeAction.count,1744947550170000000,1744947610171000000,41
parser.PythonStub.size.bytes,1744947550170000000,1744947610171000000,1987
lexer.PythonStub.time.ns,1744947550170000000,1744947610171000000,382204
lexer.Python.size.bytes,1744947550170000000,1744947610171000000,122212
writeAction.wait.ms,1744947550170000000,1744947610171000000,0
writeAction.median.wait.ms,1744947550170000000,1744947610171000000,200
DiskQueryRelay.taskExecutionTotalTimeUs,1744947550170000000,1744947610171000000,5983
DiskQueryRelay.tasksExecuted,1744947550170000000,1744947610171000000,3
writeAction.max.wait.ms,1744947550170000000,1744947610171000000,96
lexer.Python.time.ns,1744947550170000000,1744947610171000000,63080566
reordered.by.ml,1744947550170000000,1744947610171000000,20
sorting.time.2,1744947550170000000,1744947610171000000,2
sorting.time.3,1744947550170000000,1744947610171000000,2
sorting.items.4,1744947550170000000,1744947610171000000,1
model.items.0,1744947550170000000,1744947610171000000,36
sorting.time.4,1744947550170000000,1744947610171000000,2
sorting.items.0,1744947550170000000,1744947610171000000,36
model.items.4,1744947550170000000,1744947610171000000,1
sorting.time.0,1744947550170000000,1744947610171000000,10
model.time.0,1744947550170000000,1744947610171000000,3
cacheStateStorage.set.counter,1744947550170000000,1744947610171000000,0
cacheStateStorage.set.duration,1744947550170000000,1744947610171000000,0
cacheStateStorage.get.duration,1744947550170000000,1744947610171000000,0
cacheStateStorage.get.counter,1744947550170000000,1744947610171000000,0
workspaceModel.cachedValueWithParameters.from.cache.count,1744947550170000000,1744947610171000000,0
workspaceModel.update.unloaded.entities.ms,1744947550170000000,1744947610171000000,0
workspaceModel.cachedValueWithParameters.clear.count,1744947550170000000,1744947610171000000,0
workspaceModel.cachedValue.clear.count,1744947550170000000,1744947610171000000,0
workspaceModel.workspaceFileIndexData.visitFileSets.ms,1744947550170000000,1744947610171000000,1
workspaceModel.cachedValue.from.cache.count,1744947550170000000,1744947610171000000,39514
workspaceModel.workspaceFileIndexContributor.registerFileSets.ms,1744947550170000000,1744947610171000000,0
workspaceModel.workspaceFileIndexData.init.ms,1744947550170000000,1744947610171000000,0
workspaceModel.pre.handlers.ms,1744947550170000000,1744947610171000000,0
workspaceModel.on.before.changed.ms,1744947550170000000,1744947610171000000,0
workspaceModel.updates.precise.ms,1744947550170000000,1744947610171000000,0
workspaceModel.entityStorageSnapshotImpl.instances.count,1744947550170000000,1744947610171000000,0
workspaceModel.check.recursive.update.ms,1744947550170000000,1744947610171000000,0
workspaceModel.loading.total.ms,1744947550170000000,1744947610171000000,0
workspaceModel.initializing.ms,1744947550170000000,1744947610171000000,0
workspaceModel.cachedValue.calculated.count,1744947550170000000,1744947610171000000,0
workspaceModel.on.changed.ms,1744947550170000000,1744947610171000000,0
workspaceModel.workspaceFileIndexData.processFileSets.ms,1744947550170000000,1744947610171000000,0
workspaceModel.workspaceFileIndexData.getFileInfo.ms,1744947550170000000,1744947610171000000,348
workspaceModel.full.replace.project.model.ms,1744947550170000000,1744947610171000000,0
workspaceModel.cachedValueWithParameters.total.get.count,1744947550170000000,1744947610171000000,0
workspaceModel.workspaceFileIndexData.getDirectoriesByPackageName.ms,1744947550170000000,1744947610171000000,0
workspaceModel.workspaceFileIndexData.updateDirtyEntities.ms,1744947550170000000,1744947610171000000,0
workspaceModel.replace.project.model.ms,1744947550170000000,1744947610171000000,0
workspaceModel.updates.count,1744947550170000000,1744947610171000000,0
workspaceModel.loading.from.cache.ms,1744947550170000000,1744947610171000000,0
workspaceModel.cachedValueWithParameters.calculated.count,1744947550170000000,1744947610171000000,0
workspaceModel.workspaceFileIndexData.instances.count,1744947550170000000,1744947610171000000,0
workspaceModel.workspaceFileIndexData.onEntitiesChanged.ms,1744947550170000000,1744947610171000000,0
workspaceModel.to.snapshot.ms,1744947550170000000,1744947610171000000,0
workspaceModel.workspaceFileIndexData.getPackageName.ms,1744947550170000000,1744947610171000000,0
workspaceModel.collect.changes.ms,1744947550170000000,1744947610171000000,0
workspaceModel.init.bridges.ms,1744947550170000000,1744947610171000000,0
workspaceModel.workspaceFileIndexData.markDirty.ms,1744947550170000000,1744947610171000000,0
workspaceModel.cachedValue.total.get.count,1744947550170000000,1744947610171000000,39514
workspaceModel.updates.ms,1744947550170000000,1744947610171000000,0
NonBlockingReadAction.finalizedExecutionTimeUs,1744947550170000000,1744947610171000000,350209
FlushQueue.queueSizeAvg,1744947550170000000,1744947610171000000,0.0
NonBlockingReadAction.failedExecutionTimeUs,1744947550170000000,1744947610171000000,0
NonBlockingReadAction.finalizedExecutionsCount,1744947550170000000,1744947610171000000,288
AWTEventQueue.dispatchTimeTotalNS,1744947550170000000,1744947610171000000,9820490804
FlushQueue.queueSizeMax,1744947550170000000,1744947610171000000,0
AWTEventQueue.eventsDispatched,1744947550170000000,1744947610171000000,0
FlushQueue.waitingTimeMaxNs,1744947550170000000,1744947610171000000,0
FlushQueue.queueSize90P,1744947550170000000,1744947610171000000,0
FlushQueue.waitingTimeAvgNs,1744947550170000000,1744947610171000000,0.0
FlushQueue.executionTimeAvgNs,1744947550170000000,1744947610171000000,0.0
FlushQueue.executionTimeMaxNs,1744947550170000000,1744947610171000000,0
AWTEventQueue.dispatchTimeAvgNs,1744947550170000000,1744947610171000000,0.0
ReadAction.executionsCount,1744947550170000000,1744947610171000000,986490
NonBlockingReadAction.failedExecutionsCount,1744947550170000000,1744947610171000000,0
FlushQueue.executionTime90PNs,1744947550170000000,1744947610171000000,0
AWTEventQueue.dispatchTime90PNs,1744947550170000000,1744947610171000000,0
FlushQueue.tasksExecuted,1744947550170000000,1744947610171000000,0
WriteAction.executionsCount,1744947550170000000,1744947610171000000,41
AWTEventQueue.dispatchTimeMaxNs,1744947550170000000,1744947610171000000,0
FlushQueue.waitingTime90PNs,1744947550170000000,1744947610171000000,0
workspaceModel.do.save.caches.ms,1744947550170000000,1744947610171000000,0
workspaceModel.moduleManagerBridge.load.module.ms,1744947550170000000,1744947610171000000,0
workspaceModel.mutableEntityStorage.put.entity.ms,1744947550170000000,1744947610171000000,0
workspaceModel.load.cache.from.file.ms,1744947550170000000,1744947610171000000,0
jps.global.get.library.by.name.ms,1744947550170000000,1744947610171000000,0
workspaceModel.mutableEntityStorage.add.entity.ms,1744947550170000000,1744947610171000000,0
workspaceModel.mutableEntityStorage.entities.by.source.ms,1744947550170000000,1744947610171000000,0
jps.global.handle.before.change.events.ms,1744947550170000000,1744947610171000000,0
jps.artifact.entities.serializer.save.entities.ms,1744947550170000000,1744947610171000000,0
jps.module.dependency.index.workspace.model.listener.on.changed.ms,1744947550170000000,1744947610171000000,0
workspaceModel.moduleBridge.before.changed.ms,1744947550170000000,1744947610171000000,0
workspaceModel.moduleManagerBridge.build.module.graph.ms,1744947550170000000,1744947610171000000,0
jps.project.serializers.save.ms,1744947550170000000,1744947610171000000,0
workspaceModel.mutableEntityStorage.changeLog.addReplaceEventForNewParent.ms,1744947550170000000,1744947610171000000,0
jps.app.storage.content.writer.save.component.ms,1744947550170000000,1744947610171000000,0
workspaceModel.mutableEntityStorage.resolve.ms,1744947550170000000,1744947610171000000,0
jps.save.global.entities.ms,1744947550170000000,1744947610171000000,0
workspaceModel.moduleManagerBridge.get.modules.ms,1744947550170000000,1744947610171000000,0
workspaceModel.moduleBridgeLoader.loading.modules.ms,1744947550170000000,1744947610171000000,0
jps.storage.jps.conf.reader.load.component.ms,1744947550170000000,1744947610171000000,0
workspaceModel.mutableEntityStorage.entities.ms,1744947550170000000,1744947610171000000,0
jps.facet.change.listener.init.bridge.ms,1744947550170000000,1744947610171000000,0
workspaceModel.mutableEntityStorage.changeLog.addReplaceEventForNewChild.ms,1744947550170000000,1744947610171000000,0
workspaceModel.moduleManagerBridge.create.module.instance.ms,1744947550170000000,1744947610171000000,0
jps.load.project.to.empty.storage.ms,1744947550170000000,1744947610171000000,0
workspaceModel.mutableEntityStorage.mutable.vfurl.index.ms,1744947550170000000,1744947610171000000,0
workspaceModel.moduleBridge.update.option.ms,1744947550170000000,1744947610171000000,0
jps.app.storage.content.reader.load.component.ms,1744947550170000000,1744947610171000000,0
workspaceModel.mutableEntityStorage.apply.changes.from.ms,1744947550170000000,1744947610171000000,0
workspaceModel.orphan.listener.update.ms,1744947550170000000,1744947610171000000,0
workspaceModel.moduleManagerBridge.set.unloadedModules.ms,1744947550170000000,1744947610171000000,0
workspaceModel.mutableEntityStorage.changeLog.addReplaceEventForRemovedChild.ms,1744947550170000000,1744947610171000000,0
jps.global.get.libraries.ms,1744947550170000000,1744947610171000000,0
jps.load.initial.state.ms,1744947550170000000,1744947610171000000,0
jps.facet.change.listener.process.change.events.ms,1744947550170000000,1744947610171000000,0
jps.global.get.library.ms,1744947550170000000,1744947610171000000,0
jps.facet.change.listener.before.change.events.ms,1744947550170000000,1744947610171000000,0
workspaceModel.moduleBridge.facet.initialization.ms,1744947550170000000,1744947610171000000,0
jps.artifact.entities.serializer.load.entities.ms,1744947550170000000,1744947610171000000,0
jps.global.initialize.library.bridges.ms,1744947550170000000,1744947610171000000,0
workspaceModel.save.cache.to.file.ms,1744947550170000000,1744947610171000000,0
workspaceModel.mutableEntityStorage.collect.changes.ms,1744947550170000000,1744947610171000000,0
jps.module.iml.entities.serializer.save.entities.ms,1744947550170000000,1744947610171000000,0
jps.global.handle.changed.events.ms,1744947550170000000,1744947610171000000,0
workspaceModel.global.updates.ms,1744947550170000000,1744947610171000000,0
workspaceModel.mutableEntityStorage.referrers.ms,1744947550170000000,1744947610171000000,0
workspaceModel.mutableEntityStorage.changeLog.addReplaceEventForRemovedParent.ms,1744947550170000000,1744947610171000000,0
workspaceModel.moduleManagerBridge.newModule.ms,1744947550170000000,1744947610171000000,0
jps.project.serializers.load.ms,1744947550170000000,1744947610171000000,0
jps.module.iml.entities.serializer.load.entities.ms,1744947550170000000,1744947610171000000,0
workspaceModel.mutableEntityStorage.instances.count,1744947550170000000,1744947610171000000,0
workspaceModel.moduleManagerBridge.load.all.modules.ms,1744947550170000000,1744947610171000000,0
workspaceModel.moduleManagerBridge.new.nonPersistent.module.ms,1744947550170000000,1744947610171000000,0
workspaceModel.global.apply.state.to.project.builder.ms,1744947550170000000,1744947610171000000,0
workspaceModel.global.updates.count,1744947550170000000,1744947610171000000,0
jps.library.entities.serializer.save.entities.ms,1744947550170000000,1744947610171000000,0
workspaceModel.mutableEntityStorage.replace.by.source.ms,1744947550170000000,1744947610171000000,0
workspaceModel.mutableEntityStorage.remove.entity.ms,1744947550170000000,1744947610171000000,0
jps.global.initialize.library.bridges.after.loading.ms,1744947550170000000,1744947610171000000,0
workspaceModel.mutableEntityStorage.modify.entity.ms,1744947550170000000,1744947610171000000,0
workspaceModel.load.cache.metadata.from.file.ms,1744947550170000000,1744947610171000000,0
workspaceModel.mutableEntityStorage.has.same.entities.ms,1744947550170000000,1744947610171000000,0
workspaceModel.mutableEntityStorage.mutable.ext.mapping.ms,1744947550170000000,1744947610171000000,0
jps.reload.project.entities.ms,1744947550170000000,1744947610171000000,0
jps.apply.loaded.storage.ms,1744947550170000000,1744947610171000000,0
workspaceModel.delayed.project.synchronizer.sync.ms,1744947550170000000,1744947610171000000,0
workspaceModel.global.apply.state.to.project.ms,1744947550170000000,1744947610171000000,0
workspaceModel.sync.entities.ms,1744947550170000000,1744947610171000000,0
workspaceModel.mutableEntityStorage.to.snapshot.ms,1744947550170000000,1744947610171000000,0
jps.library.entities.serializer.load.entities.ms,1744947550170000000,1744947610171000000,0
jps.save.changed.project.entities.ms,1744947550170000000,1744947610171000000,0
IndexesFlusher.totalFlushesRetried,1744947550170000000,1744947610171000000,0
Indexing.writer_0.totalTimeSpentWritingMs,1744947550170000000,1744947610171000000,0
Indexing.writesQueuedMin,1744947550170000000,1744947610171000000,9223372036854775807
Indexing.cache.totalCacheAccesses,1744947550170000000,1744947610171000000,1684
Indexes.entries.lookupDurationMaxMs,1744947550170000000,1744947610171000000,0.0
Indexes.stubs.lookupDurationMaxMs,1744947550170000000,1744947610171000000,0.0
Indexes.entries.lookupDuration90PMs,1744947550170000000,1744947610171000000,0.0
Indexes.allKeys.lookupDurationMaxMs,1744947550170000000,1744947610171000000,0.0
Indexing.writer_2.totalTimeSpentWritingMs,1744947550170000000,1744947610171000000,0
Indexes.stubs.lookupDuration90PMs,1744947550170000000,1744947610171000000,0.0
Indexes.stubs.lookupDurationAvgMs,1744947550170000000,1744947610171000000,0.0
Indexes.entries.lookups,1744947550170000000,1744947610171000000,561
Indexing.writer_1.totalTimeSpentWritingMs,1744947550170000000,1744947610171000000,0
Indexes.allKeys.lookupDurationAvgMs,1744947550170000000,1744947610171000000,0.0
Indexing.writesQueuedMax,1744947550170000000,1744947610171000000,0
Indexing.cache.totalCacheMisses,1744947550170000000,1744947610171000000,225
IndexesFlusher.totalFlushes,1744947550170000000,1744947610171000000,59
Indexes.stubs.lookups,1744947550170000000,1744947610171000000,345
Indexes.allKeys.lookupDuration90PMs,1744947550170000000,1744947610171000000,0.0
Indexing.cache.totalCacheEvicted,1744947550170000000,1744947610171000000,245
Indexes.allKeys.lookups,1744947550170000000,1744947610171000000,0
IndexesFlusher.totalFlushingTimeUs,1744947550170000000,1744947610171000000,88327
Indexing.writer_3.totalTimeSpentWritingMs,1744947550170000000,1744947610171000000,0
Indexing.totalTimeIndexersSleptMs,1744947550170000000,1744947610171000000,0
Indexes.entries.lookupDurationAvgMs,1744947550170000000,1744947610171000000,0.0
IndexesFlusher.totalContentionQuotaSpent,1744947550170000000,1744947610171000000,0
JVM.totalTimeAtSafepointsMs,1744947550170000000,1744947610171000000,914
JVM.usedNativeBytes,1744947550170000000,1744947610171000000,470586528
OS.loadAverage,1744947550170000000,1744947610171000000,1.7939453125
JVM.maxHeapBytes,1744947550170000000,1744947610171000000,2147483648
JVM.usedHeapBytes,1744947550170000000,1744947610171000000,694157312
JVM.GC.collectionTimesMs,1744947550170000000,1744947610171000000,910
JVM.totalDirectByteBuffersBytes,1744947550170000000,1744947610171000000,167820245
JVM.totalSafepointCount,1744947550170000000,1744947610171000000,59
JVM.totalTimeToSafepointsMs,1744947550170000000,1744947610171000000,3
JVM.maxThreadCount,1744947550170000000,1744947610171000000,132
JVM.totalCpuTimeMs,1744947550170000000,1744947610171000000,65550
JVM.threadCount,1744947550170000000,1744947610171000000,68
JVM.newThreadsCount,1744947550170000000,1744947610171000000,1
JVM.GC.collections,1744947550170000000,1744947610171000000,19
JVM.totalBytesAllocated,1744947550170000000,1744947610171000000,2497516776
StreamlinedBlobStorage.recordsAllocated,1744947550170000000,1744947610171000000,0
FileChannelInterruptsRetryer.totalRetriedAttempts,1744947550170000000,1744947610171000000,0
FilePageCacheLockFree.totalBytesRequested,1744947550170000000,1744947610171000000,0
FilePageCacheLockFree.totalPagesRequested,1744947550170000000,1744947610171000000,0
FilePageCache.disposedBuffers,1744947550170000000,1744947610171000000,0
DirectByteBufferAllocator.misses,1744947550170000000,1744947610171000000,0
FilePageCacheLockFree.totalNativeBytesReclaimed,1744947550170000000,1744947610171000000,0
StreamlinedBlobStorage.recordsDeleted,1744947550170000000,1744947610171000000,0
FilePageCache.pageLoadsAboveSizeThreshold,1744947550170000000,1744947610171000000,0
FilePageCache.pageFastCacheHits,1744947550170000000,1744947610171000000,189
FilePageCacheLockFree.housekeeperTurnsSkipped,1744947550170000000,1744947610171000000,0
DirectByteBufferAllocator.totalSizeOfBuffersCachedInBytes,1744947550170000000,1744947610171000000,0
MappedFileStorage.storages,1744947550170000000,1744947610171000000,16
FilePageCache.uncachedFileAccess,1744947550170000000,1744947610171000000,3
MappedFileStorage.totalPagesMapped,1744947550170000000,1744947610171000000,16
FilePageCacheLockFree.totalPagesReclaimed,1744947550170000000,1744947610171000000,0
FilePageCacheLockFree.totalPagesRequestsMs,1744947550170000000,1744947610171000000,0
DirectByteBufferAllocator.reclaimed,1744947550170000000,1744947610171000000,0
FilePageCache.capacityInBytes,1744947550170000000,1744947610171000000,503316478
StorageLockContext.competingThreads.avg,1744947550170000000,1744947610171000000,0.0
FilePageCache.totalPageLoadsUs,1744947550170000000,1744947610171000000,0
MappedFileStorage.totalTimeSpentOnMappingUs,1744947550170000000,1744947610171000000,41443
StorageLockContext.competingThreads.90P,1744947550170000000,1744947610171000000,0
FilePageCacheLockFree.totalBytesWritten,1744947550170000000,1744947610171000000,0
StreamlinedBlobStorage.totalLiveRecordsCapacityBytes,1744947550170000000,1744947610171000000,0
FilePageCache.pageHits,1744947550170000000,1744947610171000000,71
FilePageCacheLockFree.totalPagesHandedOver,1744947550170000000,1744947610171000000,0
FilePageCacheLockFree.totalPagesWritten,1744947550170000000,1744947610171000000,0
FilePageCacheLockFree.totalClosedStoragesReclaimed,1744947550170000000,1744947610171000000,0
FilePageCacheLockFree.totalPagesWriteMs,1744947550170000000,1744947610171000000,0
FilePageCacheLockFree.totalPageAllocationsWaited,1744947550170000000,1744947610171000000,0
FilePageCacheLockFree.nativeBytesInUse,1744947550170000000,1744947610171000000,0
MappedFileStorage.totalBytesMapped,1744947550170000000,1744947610171000000,202637312
DirectByteBufferAllocator.totalSizeOfBuffersAllocatedInBytes,1744947550170000000,1744947610171000000,166862848
StreamlinedBlobStorage.recordsRelocated,1744947550170000000,1744947610171000000,0
StreamlinedBlobStorage.totalLiveRecordsPayloadBytes,1744947550170000000,1744947610171000000,0
FilePageCacheLockFree.totalBytesRead,1744947550170000000,1744947610171000000,0
FilePageCache.totalPageDisposalsUs,1744947550170000000,1744947610171000000,0
FilePageCache.maxRegisteredFiles,1744947550170000000,1744947610171000000,261
DirectByteBufferAllocator.disposed,1744947550170000000,1744947610171000000,0
FilePageCache.pageLoads,1744947550170000000,1744947610171000000,0
FilePageCacheLockFree.totalPagesAllocated,1744947550170000000,1744947610171000000,0
FilePageCacheLockFree.totalHeapBytesReclaimed,1744947550170000000,1744947610171000000,0
FilePageCacheLockFree.heapBytesInUse,1744947550170000000,1744947610171000000,0
FilePageCache.maxCacheSizeInBytes,1744947550170000000,1744947610171000000,166862848
DirectByteBufferAllocator.hits,1744947550170000000,1744947610171000000,0
FilePageCacheLockFree.totalNativeBytesAllocated,1744947550170000000,1744947610171000000,0
FilePageCacheLockFree.totalHeapBytesAllocated,1744947550170000000,1744947610171000000,0
StorageLockContext.competingThreads.max,1744947550170000000,1744947610171000000,0
FilePageCacheLockFree.housekeeperTimeSpentMs,1744947550170000000,1744947610171000000,0
FilePageCacheLockFree.housekeeperTurnsDone,1744947550170000000,1744947610171000000,0
FilePageCacheLockFree.totalPagesReadMs,1744947550170000000,1744947610171000000,0
VFS.invertedFileNameIndex.requests,1744947610171000000,1744947670172000000,0
VFS.contentStorage.recordsDecompressionTimeUs,1744947610171000000,1744947670172000000,568
VFS.contentStorage.recordsUncompressedSize,1744947610171000000,1744947670172000000,3224
VFS.fileChildByName,1744947610171000000,1744947670172000000,103901
FileNameCache.queries,1744947610171000000,1744947670172000000,1967552
VFS.contentStorage.recordsRead,1744947610171000000,1744947670172000000,385
VFS.contentStorage.recordsStoredCompressed,1744947610171000000,1744947670172000000,0
VFS.fileByIdCache.hits,1744947610171000000,1744947670172000000,0
VFS.contentStorage.recordsReadDecompressed,1744947610171000000,1744947670172000000,6
VFS.contentStorage.recordsReadSize,1744947610171000000,1744947670172000000,1300885
VFS.contentStorage.recordsStored,1744947610171000000,1744947670172000000,2
VFS.contentStorage.recordsDeduplicated,1744947610171000000,1744947670172000000,1
FileNameCache.totalMisses,1744947610171000000,1744947670172000000,0
VFS.fileByIdCache.misses,1744947610171000000,1744947670172000000,154752
VFS.contentStorage.recordsStoredSize,1744947610171000000,1744947670172000000,3224
DiskQueryRelay.taskWaitingTotalTimeUs,1744947610171000000,1744947670172000000,5845
parser.JSON.size.bytes,1744947610171000000,1744947670172000000,336185
parser.Python.size.bytes,1744947610171000000,1744947670172000000,112960
lexer.PythonStub.size.bytes,1744947610171000000,1744947670172000000,14898
parser.HTML.size.bytes,1744947610171000000,1744947670172000000,0
parser.Markdown.size.bytes,1744947610171000000,1744947670172000000,9443
parser.PythonStub.size.bytes,1744947610171000000,1744947670172000000,14898
lexer.PythonStub.time.ns,1744947610171000000,1744947670172000000,1309304
lexer.Python.size.bytes,1744947610171000000,1744947670172000000,112960
writeAction.median.wait.ms,1744947610171000000,1744947670172000000,200
DiskQueryRelay.taskExecutionTotalTimeUs,1744947610171000000,1744947670172000000,4892
parser.JSON.time.ns,1744947610171000000,1744947670172000000,304847733
parser.HTML.time.ns,1744947610171000000,1744947670172000000,35546130
lexer.Markdown.time.ns,1744947610171000000,1744947670172000000,182393169
DiskQueryRelay.tasksExecuted,1744947610171000000,1744947670172000000,49
writeAction.max.wait.ms,1744947610171000000,1744947670172000000,96
DiskQueryRelay.tasksRequested,1744947610171000000,1744947670172000000,49
parser.Python.time.ns,1744947610171000000,1744947670172000000,239220566
parser.PythonStub.time.ns,1744947610171000000,1744947670172000000,3962679
writeAction.count,1744947610171000000,1744947670172000000,95
lexer.HTML.time.ns,1744947610171000000,1744947670172000000,2560921
lexer.HTML.size.bytes,1744947610171000000,1744947670172000000,0
lexer.JSON.time.ns,1744947610171000000,1744947670172000000,112844891
writeAction.wait.ms,1744947610171000000,1744947670172000000,147
lexer.JSON.size.bytes,1744947610171000000,1744947670172000000,336185
parser.Markdown.time.ns,1744947610171000000,1744947670172000000,125999926
lexer.Markdown.size.bytes,1744947610171000000,1744947670172000000,9443
lexer.Python.time.ns,1744947610171000000,1744947670172000000,85614770
model.items.6,1744947610171000000,1744947670172000000,6
model.time.1,1744947610171000000,1744947670172000000,3
reordered.by.ml,1744947610171000000,1744947670172000000,33
sorting.time.5,1744947610171000000,1744947670172000000,1
sorting.time.8,1744947610171000000,1744947670172000000,2
sorting.time.2,1744947610171000000,1744947670172000000,4
sorting.time.1,1744947610171000000,1744947670172000000,7
sorting.time.3,1744947610171000000,1744947670172000000,11
model.items.2,1744947610171000000,1744947670172000000,14
model.items.0,1744947610171000000,1744947670172000000,182
sorting.items.6,1744947610171000000,1744947670172000000,6
sorting.time.4,1744947610171000000,1744947670172000000,2
model.time.3,1744947610171000000,1744947670172000000,7
model.items.3,1744947610171000000,1744947670172000000,65
sorting.items.2,1744947610171000000,1744947670172000000,14
sorting.items.0,1744947610171000000,1744947670172000000,182
sorting.time.6,1744947610171000000,1744947670172000000,2
sorting.time.0,1744947610171000000,1744947670172000000,38
model.time.0,1744947610171000000,1744947670172000000,18
model.items.8,1744947610171000000,1744947670172000000,2
sorting.items.1,1744947610171000000,1744947670172000000,29
model.items.1,1744947610171000000,1744947670172000000,29
model.time.2,1744947610171000000,1744947670172000000,1
sorting.items.8,1744947610171000000,1744947670172000000,2
sorting.items.3,1744947610171000000,1744947670172000000,65
sorting.time.7,1744947610171000000,1744947670172000000,1
cacheStateStorage.set.counter,1744947610171000000,1744947670172000000,0
cacheStateStorage.set.duration,1744947610171000000,1744947670172000000,0
cacheStateStorage.get.duration,1744947610171000000,1744947670172000000,111
cacheStateStorage.get.counter,1744947610171000000,1744947670172000000,7
workspaceModel.cachedValueWithParameters.from.cache.count,1744947610171000000,1744947670172000000,0
workspaceModel.update.unloaded.entities.ms,1744947610171000000,1744947670172000000,0
workspaceModel.cachedValueWithParameters.clear.count,1744947610171000000,1744947670172000000,0
workspaceModel.cachedValue.clear.count,1744947610171000000,1744947670172000000,0
workspaceModel.workspaceFileIndexData.visitFileSets.ms,1744947610171000000,1744947670172000000,0
workspaceModel.cachedValue.from.cache.count,1744947610171000000,1744947670172000000,59098
workspaceModel.workspaceFileIndexContributor.registerFileSets.ms,1744947610171000000,1744947670172000000,0
workspaceModel.workspaceFileIndexData.init.ms,1744947610171000000,1744947670172000000,0
workspaceModel.pre.handlers.ms,1744947610171000000,1744947670172000000,0
workspaceModel.on.before.changed.ms,1744947610171000000,1744947670172000000,0
workspaceModel.updates.precise.ms,1744947610171000000,1744947670172000000,1
workspaceModel.entityStorageSnapshotImpl.instances.count,1744947610171000000,1744947670172000000,3
workspaceModel.check.recursive.update.ms,1744947610171000000,1744947670172000000,1
workspaceModel.loading.total.ms,1744947610171000000,1744947670172000000,0
workspaceModel.initializing.ms,1744947610171000000,1744947670172000000,0
workspaceModel.cachedValue.calculated.count,1744947610171000000,1744947670172000000,2
workspaceModel.on.changed.ms,1744947610171000000,1744947670172000000,1
workspaceModel.workspaceFileIndexData.processFileSets.ms,1744947610171000000,1744947670172000000,0
workspaceModel.workspaceFileIndexData.getFileInfo.ms,1744947610171000000,1744947670172000000,321
workspaceModel.full.replace.project.model.ms,1744947610171000000,1744947670172000000,0
workspaceModel.cachedValueWithParameters.total.get.count,1744947610171000000,1744947670172000000,0
workspaceModel.workspaceFileIndexData.getDirectoriesByPackageName.ms,1744947610171000000,1744947670172000000,0
workspaceModel.workspaceFileIndexData.updateDirtyEntities.ms,1744947610171000000,1744947670172000000,0
workspaceModel.replace.project.model.ms,1744947610171000000,1744947670172000000,0
workspaceModel.updates.count,1744947610171000000,1744947670172000000,1
workspaceModel.loading.from.cache.ms,1744947610171000000,1744947670172000000,0
workspaceModel.cachedValueWithParameters.calculated.count,1744947610171000000,1744947670172000000,0
workspaceModel.workspaceFileIndexData.instances.count,1744947610171000000,1744947670172000000,0
workspaceModel.workspaceFileIndexData.onEntitiesChanged.ms,1744947610171000000,1744947670172000000,1
workspaceModel.to.snapshot.ms,1744947610171000000,1744947670172000000,1
workspaceModel.workspaceFileIndexData.getPackageName.ms,1744947610171000000,1744947670172000000,0
workspaceModel.collect.changes.ms,1744947610171000000,1744947670172000000,0
workspaceModel.init.bridges.ms,1744947610171000000,1744947670172000000,0
workspaceModel.workspaceFileIndexData.markDirty.ms,1744947610171000000,1744947670172000000,0
workspaceModel.cachedValue.total.get.count,1744947610171000000,1744947670172000000,59100
workspaceModel.updates.ms,1744947610171000000,1744947670172000000,3
NonBlockingReadAction.finalizedExecutionTimeUs,1744947610171000000,1744947670172000000,276557
FlushQueue.queueSizeAvg,1744947610171000000,1744947670172000000,0.0
NonBlockingReadAction.failedExecutionTimeUs,1744947610171000000,1744947670172000000,0
NonBlockingReadAction.finalizedExecutionsCount,1744947610171000000,1744947670172000000,249
AWTEventQueue.dispatchTimeTotalNS,1744947610171000000,1744947670172000000,5601616120
FlushQueue.queueSizeMax,1744947610171000000,1744947670172000000,0
AWTEventQueue.eventsDispatched,1744947610171000000,1744947670172000000,0
FlushQueue.waitingTimeMaxNs,1744947610171000000,1744947670172000000,0
FlushQueue.queueSize90P,1744947610171000000,1744947670172000000,0
FlushQueue.waitingTimeAvgNs,1744947610171000000,1744947670172000000,0.0
FlushQueue.executionTimeAvgNs,1744947610171000000,1744947670172000000,0.0
FlushQueue.executionTimeMaxNs,1744947610171000000,1744947670172000000,0
AWTEventQueue.dispatchTimeAvgNs,1744947610171000000,1744947670172000000,0.0
ReadAction.executionsCount,1744947610171000000,1744947670172000000,235917
NonBlockingReadAction.failedExecutionsCount,1744947610171000000,1744947670172000000,0
FlushQueue.executionTime90PNs,1744947610171000000,1744947670172000000,0
AWTEventQueue.dispatchTime90PNs,1744947610171000000,1744947670172000000,0
FlushQueue.tasksExecuted,1744947610171000000,1744947670172000000,0
WriteAction.executionsCount,1744947610171000000,1744947670172000000,95
AWTEventQueue.dispatchTimeMaxNs,1744947610171000000,1744947670172000000,0
FlushQueue.waitingTime90PNs,1744947610171000000,1744947670172000000,0
workspaceModel.do.save.caches.ms,1744947610171000000,1744947670172000000,114
workspaceModel.moduleManagerBridge.load.module.ms,1744947610171000000,1744947670172000000,0
workspaceModel.mutableEntityStorage.put.entity.ms,1744947610171000000,1744947670172000000,0
workspaceModel.load.cache.from.file.ms,1744947610171000000,1744947670172000000,0
jps.global.get.library.by.name.ms,1744947610171000000,1744947670172000000,0
workspaceModel.mutableEntityStorage.add.entity.ms,1744947610171000000,1744947670172000000,0
workspaceModel.mutableEntityStorage.entities.by.source.ms,1744947610171000000,1744947670172000000,0
jps.global.handle.before.change.events.ms,1744947610171000000,1744947670172000000,0
jps.artifact.entities.serializer.save.entities.ms,1744947610171000000,1744947670172000000,0
jps.module.dependency.index.workspace.model.listener.on.changed.ms,1744947610171000000,1744947670172000000,0
workspaceModel.moduleBridge.before.changed.ms,1744947610171000000,1744947670172000000,0
workspaceModel.moduleManagerBridge.build.module.graph.ms,1744947610171000000,1744947670172000000,0
jps.project.serializers.save.ms,1744947610171000000,1744947670172000000,0
workspaceModel.mutableEntityStorage.changeLog.addReplaceEventForNewParent.ms,1744947610171000000,1744947670172000000,0
jps.app.storage.content.writer.save.component.ms,1744947610171000000,1744947670172000000,0
workspaceModel.mutableEntityStorage.resolve.ms,1744947610171000000,1744947670172000000,0
jps.save.global.entities.ms,1744947610171000000,1744947670172000000,0
workspaceModel.moduleManagerBridge.get.modules.ms,1744947610171000000,1744947670172000000,0
workspaceModel.moduleBridgeLoader.loading.modules.ms,1744947610171000000,1744947670172000000,0
jps.storage.jps.conf.reader.load.component.ms,1744947610171000000,1744947670172000000,0
workspaceModel.mutableEntityStorage.entities.ms,1744947610171000000,1744947670172000000,0
jps.facet.change.listener.init.bridge.ms,1744947610171000000,1744947670172000000,0
workspaceModel.mutableEntityStorage.changeLog.addReplaceEventForNewChild.ms,1744947610171000000,1744947670172000000,0
workspaceModel.moduleManagerBridge.create.module.instance.ms,1744947610171000000,1744947670172000000,0
jps.load.project.to.empty.storage.ms,1744947610171000000,1744947670172000000,0
workspaceModel.mutableEntityStorage.mutable.vfurl.index.ms,1744947610171000000,1744947670172000000,0
workspaceModel.moduleBridge.update.option.ms,1744947610171000000,1744947670172000000,0
jps.app.storage.content.reader.load.component.ms,1744947610171000000,1744947670172000000,0
workspaceModel.mutableEntityStorage.apply.changes.from.ms,1744947610171000000,1744947670172000000,0
workspaceModel.orphan.listener.update.ms,1744947610171000000,1744947670172000000,1
workspaceModel.moduleManagerBridge.set.unloadedModules.ms,1744947610171000000,1744947670172000000,0
workspaceModel.mutableEntityStorage.changeLog.addReplaceEventForRemovedChild.ms,1744947610171000000,1744947670172000000,0
jps.global.get.libraries.ms,1744947610171000000,1744947670172000000,0
jps.load.initial.state.ms,1744947610171000000,1744947670172000000,0
jps.facet.change.listener.process.change.events.ms,1744947610171000000,1744947670172000000,0
jps.global.get.library.ms,1744947610171000000,1744947670172000000,0
jps.facet.change.listener.before.change.events.ms,1744947610171000000,1744947670172000000,0
workspaceModel.moduleBridge.facet.initialization.ms,1744947610171000000,1744947670172000000,0
jps.artifact.entities.serializer.load.entities.ms,1744947610171000000,1744947670172000000,0
jps.global.initialize.library.bridges.ms,1744947610171000000,1744947670172000000,0
workspaceModel.save.cache.to.file.ms,1744947610171000000,1744947670172000000,79
workspaceModel.mutableEntityStorage.collect.changes.ms,1744947610171000000,1744947670172000000,0
jps.module.iml.entities.serializer.save.entities.ms,1744947610171000000,1744947670172000000,0
jps.global.handle.changed.events.ms,1744947610171000000,1744947670172000000,0
workspaceModel.global.updates.ms,1744947610171000000,1744947670172000000,0
workspaceModel.mutableEntityStorage.referrers.ms,1744947610171000000,1744947670172000000,0
workspaceModel.mutableEntityStorage.changeLog.addReplaceEventForRemovedParent.ms,1744947610171000000,1744947670172000000,0
workspaceModel.moduleManagerBridge.newModule.ms,1744947610171000000,1744947670172000000,0
jps.project.serializers.load.ms,1744947610171000000,1744947670172000000,0
jps.module.iml.entities.serializer.load.entities.ms,1744947610171000000,1744947670172000000,0
workspaceModel.mutableEntityStorage.instances.count,1744947610171000000,1744947670172000000,3
workspaceModel.moduleManagerBridge.load.all.modules.ms,1744947610171000000,1744947670172000000,0
workspaceModel.moduleManagerBridge.new.nonPersistent.module.ms,1744947610171000000,1744947670172000000,0
workspaceModel.global.apply.state.to.project.builder.ms,1744947610171000000,1744947670172000000,0
workspaceModel.global.updates.count,1744947610171000000,1744947670172000000,0
jps.library.entities.serializer.save.entities.ms,1744947610171000000,1744947670172000000,0
workspaceModel.mutableEntityStorage.replace.by.source.ms,1744947610171000000,1744947670172000000,0
workspaceModel.mutableEntityStorage.remove.entity.ms,1744947610171000000,1744947670172000000,0
jps.global.initialize.library.bridges.after.loading.ms,1744947610171000000,1744947670172000000,0
workspaceModel.mutableEntityStorage.modify.entity.ms,1744947610171000000,1744947670172000000,0
workspaceModel.load.cache.metadata.from.file.ms,1744947610171000000,1744947670172000000,0
workspaceModel.mutableEntityStorage.has.same.entities.ms,1744947610171000000,1744947670172000000,0
workspaceModel.mutableEntityStorage.mutable.ext.mapping.ms,1744947610171000000,1744947670172000000,0
jps.reload.project.entities.ms,1744947610171000000,1744947670172000000,0
jps.apply.loaded.storage.ms,1744947610171000000,1744947670172000000,0
workspaceModel.delayed.project.synchronizer.sync.ms,1744947610171000000,1744947670172000000,0
workspaceModel.global.apply.state.to.project.ms,1744947610171000000,1744947670172000000,0
workspaceModel.sync.entities.ms,1744947610171000000,1744947670172000000,0
workspaceModel.mutableEntityStorage.to.snapshot.ms,1744947610171000000,1744947670172000000,1
jps.library.entities.serializer.load.entities.ms,1744947610171000000,1744947670172000000,0
jps.save.changed.project.entities.ms,1744947610171000000,1744947670172000000,0
IndexesFlusher.totalFlushesRetried,1744947610171000000,1744947670172000000,0
Indexing.writer_0.totalTimeSpentWritingMs,1744947610171000000,1744947670172000000,0
Indexing.writesQueuedMin,1744947610171000000,1744947670172000000,9223372036854775807
Indexing.cache.totalCacheAccesses,1744947610171000000,1744947670172000000,2668
Indexes.entries.lookupDurationMaxMs,1744947610171000000,1744947670172000000,0.0
Indexes.stubs.lookupDurationMaxMs,1744947610171000000,1744947670172000000,0.0
Indexes.entries.lookupDuration90PMs,1744947610171000000,1744947670172000000,0.0
Indexes.allKeys.lookupDurationMaxMs,1744947610171000000,1744947670172000000,0.0
Indexing.writer_2.totalTimeSpentWritingMs,1744947610171000000,1744947670172000000,0
Indexes.stubs.lookupDuration90PMs,1744947610171000000,1744947670172000000,0.0
Indexes.stubs.lookupDurationAvgMs,1744947610171000000,1744947670172000000,0.0
Indexes.entries.lookups,1744947610171000000,1744947670172000000,769
Indexing.writer_1.totalTimeSpentWritingMs,1744947610171000000,1744947670172000000,0
Indexes.allKeys.lookupDurationAvgMs,1744947610171000000,1744947670172000000,0.0
Indexing.writesQueuedMax,1744947610171000000,1744947670172000000,0
Indexing.cache.totalCacheMisses,1744947610171000000,1744947670172000000,628
IndexesFlusher.totalFlushes,1744947610171000000,1744947670172000000,60
Indexes.stubs.lookups,1744947610171000000,1744947670172000000,537
Indexes.allKeys.lookupDuration90PMs,1744947610171000000,1744947670172000000,0.0
Indexing.cache.totalCacheEvicted,1744947610171000000,1744947670172000000,551
Indexes.allKeys.lookups,1744947610171000000,1744947670172000000,0
IndexesFlusher.totalFlushingTimeUs,1744947610171000000,1744947670172000000,99188
Indexing.writer_3.totalTimeSpentWritingMs,1744947610171000000,1744947670172000000,0
Indexing.totalTimeIndexersSleptMs,1744947610171000000,1744947670172000000,0
Indexes.entries.lookupDurationAvgMs,1744947610171000000,1744947670172000000,0.0
IndexesFlusher.totalContentionQuotaSpent,1744947610171000000,1744947670172000000,0
JVM.totalTimeAtSafepointsMs,1744947610171000000,1744947670172000000,1032
JVM.usedNativeBytes,1744947610171000000,1744947670172000000,480611040
OS.loadAverage,1744947610171000000,1744947670172000000,1.1220703125
JVM.maxHeapBytes,1744947610171000000,1744947670172000000,2147483648
JVM.usedHeapBytes,1744947610171000000,1744947670172000000,578289664
JVM.GC.collectionTimesMs,1744947610171000000,1744947670172000000,1023
JVM.totalDirectByteBuffersBytes,1744947610171000000,1744947670172000000,168711633
JVM.totalSafepointCount,1744947610171000000,1744947670172000000,61
JVM.totalTimeToSafepointsMs,1744947610171000000,1744947670172000000,6
JVM.maxThreadCount,1744947610171000000,1744947670172000000,132
JVM.totalCpuTimeMs,1744947610171000000,1744947670172000000,71390
JVM.threadCount,1744947610171000000,1744947670172000000,73
JVM.newThreadsCount,1744947610171000000,1744947670172000000,8
JVM.GC.collections,1744947610171000000,1744947670172000000,20
JVM.totalBytesAllocated,1744947610171000000,1744947670172000000,2819216640
StreamlinedBlobStorage.recordsAllocated,1744947610171000000,1744947670172000000,0
FileChannelInterruptsRetryer.totalRetriedAttempts,1744947610171000000,1744947670172000000,0
FilePageCacheLockFree.totalBytesRequested,1744947610171000000,1744947670172000000,0
FilePageCacheLockFree.totalPagesRequested,1744947610171000000,1744947670172000000,0
FilePageCache.disposedBuffers,1744947610171000000,1744947670172000000,0
DirectByteBufferAllocator.misses,1744947610171000000,1744947670172000000,0
FilePageCacheLockFree.totalNativeBytesReclaimed,1744947610171000000,1744947670172000000,0
StreamlinedBlobStorage.recordsDeleted,1744947610171000000,1744947670172000000,0
FilePageCache.pageLoadsAboveSizeThreshold,1744947610171000000,1744947670172000000,0
FilePageCache.pageFastCacheHits,1744947610171000000,1744947670172000000,1419
FilePageCacheLockFree.housekeeperTurnsSkipped,1744947610171000000,1744947670172000000,0
DirectByteBufferAllocator.totalSizeOfBuffersCachedInBytes,1744947610171000000,1744947670172000000,0
MappedFileStorage.storages,1744947610171000000,1744947670172000000,16
FilePageCache.uncachedFileAccess,1744947610171000000,1744947670172000000,5
MappedFileStorage.totalPagesMapped,1744947610171000000,1744947670172000000,16
FilePageCacheLockFree.totalPagesReclaimed,1744947610171000000,1744947670172000000,0
FilePageCacheLockFree.totalPagesRequestsMs,1744947610171000000,1744947670172000000,0
DirectByteBufferAllocator.reclaimed,1744947610171000000,1744947670172000000,0
FilePageCache.capacityInBytes,1744947610171000000,1744947670172000000,503316478
StorageLockContext.competingThreads.avg,1744947610171000000,1744947670172000000,0.0
FilePageCache.totalPageLoadsUs,1744947610171000000,1744947670172000000,0
MappedFileStorage.totalTimeSpentOnMappingUs,1744947610171000000,1744947670172000000,41443
StorageLockContext.competingThreads.90P,1744947610171000000,1744947670172000000,0
FilePageCacheLockFree.totalBytesWritten,1744947610171000000,1744947670172000000,0
StreamlinedBlobStorage.totalLiveRecordsCapacityBytes,1744947610171000000,1744947670172000000,0
FilePageCache.pageHits,1744947610171000000,1744947670172000000,96
FilePageCacheLockFree.totalPagesHandedOver,1744947610171000000,1744947670172000000,0
FilePageCacheLockFree.totalPagesWritten,1744947610171000000,1744947670172000000,0
FilePageCacheLockFree.totalClosedStoragesReclaimed,1744947610171000000,1744947670172000000,0
FilePageCacheLockFree.totalPagesWriteMs,1744947610171000000,1744947670172000000,0
FilePageCacheLockFree.totalPageAllocationsWaited,1744947610171000000,1744947670172000000,0
FilePageCacheLockFree.nativeBytesInUse,1744947610171000000,1744947670172000000,0
MappedFileStorage.totalBytesMapped,1744947610171000000,1744947670172000000,202637312
DirectByteBufferAllocator.totalSizeOfBuffersAllocatedInBytes,1744947610171000000,1744947670172000000,166862848
StreamlinedBlobStorage.recordsRelocated,1744947610171000000,1744947670172000000,0
StreamlinedBlobStorage.totalLiveRecordsPayloadBytes,1744947610171000000,1744947670172000000,2
FilePageCacheLockFree.totalBytesRead,1744947610171000000,1744947670172000000,0
FilePageCache.totalPageDisposalsUs,1744947610171000000,1744947670172000000,0
FilePageCache.maxRegisteredFiles,1744947610171000000,1744947670172000000,261
DirectByteBufferAllocator.disposed,1744947610171000000,1744947670172000000,0
FilePageCache.pageLoads,1744947610171000000,1744947670172000000,0
FilePageCacheLockFree.totalPagesAllocated,1744947610171000000,1744947670172000000,0
FilePageCacheLockFree.totalHeapBytesReclaimed,1744947610171000000,1744947670172000000,0
FilePageCacheLockFree.heapBytesInUse,1744947610171000000,1744947670172000000,0
FilePageCache.maxCacheSizeInBytes,1744947610171000000,1744947670172000000,166862848
DirectByteBufferAllocator.hits,1744947610171000000,1744947670172000000,0
FilePageCacheLockFree.totalNativeBytesAllocated,1744947610171000000,1744947670172000000,0
FilePageCacheLockFree.totalHeapBytesAllocated,1744947610171000000,1744947670172000000,0
StorageLockContext.competingThreads.max,1744947610171000000,1744947670172000000,0
FilePageCacheLockFree.housekeeperTimeSpentMs,1744947610171000000,1744947670172000000,0
FilePageCacheLockFree.housekeeperTurnsDone,1744947610171000000,1744947670172000000,0
FilePageCacheLockFree.totalPagesReadMs,1744947610171000000,1744947670172000000,0
VFS.invertedFileNameIndex.requests,1744947670172000000,1744947730171000000,0
VFS.contentStorage.recordsDecompressionTimeUs,1744947670172000000,1744947730171000000,527
VFS.contentStorage.recordsUncompressedSize,1744947670172000000,1744947730171000000,0
VFS.fileChildByName,1744947670172000000,1744947730171000000,147728
FileNameCache.queries,1744947670172000000,1744947730171000000,3170432
VFS.contentStorage.recordsRead,1744947670172000000,1744947730171000000,473
VFS.contentStorage.recordsStoredCompressed,1744947670172000000,1744947730171000000,0
VFS.fileByIdCache.hits,1744947670172000000,1744947730171000000,0
VFS.contentStorage.recordsReadDecompressed,1744947670172000000,1744947730171000000,4
VFS.contentStorage.recordsReadSize,1744947670172000000,1744947730171000000,983488
VFS.contentStorage.recordsStored,1744947670172000000,1744947730171000000,0
VFS.contentStorage.recordsDeduplicated,1744947670172000000,1744947730171000000,0
FileNameCache.totalMisses,1744947670172000000,1744947730171000000,0
VFS.fileByIdCache.misses,1744947670172000000,1744947730171000000,21388
VFS.contentStorage.recordsStoredSize,1744947670172000000,1744947730171000000,0
DiskQueryRelay.taskWaitingTotalTimeUs,1744947670172000000,1744947730171000000,1597
parser.Python.size.bytes,1744947670172000000,1744947730171000000,114748
lexer.Python.size.bytes,1744947670172000000,1744947730171000000,114748
writeAction.median.wait.ms,1744947670172000000,1744947730171000000,200
DiskQueryRelay.taskExecutionTotalTimeUs,1744947670172000000,1744947730171000000,774
DiskQueryRelay.tasksExecuted,1744947670172000000,1744947730171000000,13
writeAction.max.wait.ms,1744947670172000000,1744947730171000000,96
DiskQueryRelay.tasksRequested,1744947670172000000,1744947730171000000,13
parser.Python.time.ns,1744947670172000000,1744947730171000000,170108593
writeAction.count,1744947670172000000,1744947730171000000,88
writeAction.wait.ms,1744947670172000000,1744947730171000000,6
lexer.Python.time.ns,1744947670172000000,1744947730171000000,64099500
sorting.time.9,1744947670172000000,1744947730171000000,2
sorting.items.5,1744947670172000000,1744947730171000000,10
reordered.by.ml,1744947670172000000,1744947730171000000,60
sorting.time.5,1744947670172000000,1744947730171000000,5
sorting.time.8,1744947670172000000,1744947730171000000,3
sorting.time.2,1744947670172000000,1744947730171000000,4
model.items.9,1744947670172000000,1744947730171000000,1
sorting.time.1,1744947670172000000,1744947730171000000,2
sorting.time.3,1744947670172000000,1744947730171000000,3
sorting.items.4,1744947670172000000,1744947730171000000,5
model.time.5,1744947670172000000,1744947730171000000,1
model.items.2,1744947670172000000,1744947730171000000,17
model.items.0,1744947670172000000,1744947730171000000,74
model.items.10,1744947670172000000,1744947730171000000,7
model.items.5,1744947670172000000,1744947730171000000,10
sorting.time.4,1744947670172000000,1744947730171000000,5
sorting.items.2,1744947670172000000,1744947730171000000,17
sorting.items.0,1744947670172000000,1744947730171000000,74
model.time.8,1744947670172000000,1744947730171000000,1
model.items.4,1744947670172000000,1744947730171000000,5
sorting.items.10,1744947670172000000,1744947730171000000,7
sorting.items.7,1744947670172000000,1744947730171000000,3
sorting.items.9,1744947670172000000,1744947730171000000,1
sorting.time.0,1744947670172000000,1744947730171000000,22
model.items.7,1744947670172000000,1744947730171000000,3
model.time.0,1744947670172000000,1744947730171000000,8
model.items.8,1744947670172000000,1744947730171000000,7
sorting.items.1,1744947670172000000,1744947730171000000,1
sorting.time.10,1744947670172000000,1744947730171000000,3
model.items.1,1744947670172000000,1744947730171000000,1
model.time.2,1744947670172000000,1744947730171000000,2
sorting.items.8,1744947670172000000,1744947730171000000,7
sorting.time.7,1744947670172000000,1744947730171000000,2
cacheStateStorage.set.counter,1744947670172000000,1744947730171000000,0
cacheStateStorage.set.duration,1744947670172000000,1744947730171000000,0
cacheStateStorage.get.duration,1744947670172000000,1744947730171000000,10
cacheStateStorage.get.counter,1744947670172000000,1744947730171000000,2
workspaceModel.cachedValueWithParameters.from.cache.count,1744947670172000000,1744947730171000000,0
workspaceModel.update.unloaded.entities.ms,1744947670172000000,1744947730171000000,0
workspaceModel.cachedValueWithParameters.clear.count,1744947670172000000,1744947730171000000,0
workspaceModel.cachedValue.clear.count,1744947670172000000,1744947730171000000,0
workspaceModel.workspaceFileIndexData.visitFileSets.ms,1744947670172000000,1744947730171000000,0
workspaceModel.cachedValue.from.cache.count,1744947670172000000,1744947730171000000,23837
workspaceModel.workspaceFileIndexContributor.registerFileSets.ms,1744947670172000000,1744947730171000000,0
workspaceModel.workspaceFileIndexData.init.ms,1744947670172000000,1744947730171000000,0
workspaceModel.pre.handlers.ms,1744947670172000000,1744947730171000000,0
workspaceModel.on.before.changed.ms,1744947670172000000,1744947730171000000,0
workspaceModel.updates.precise.ms,1744947670172000000,1744947730171000000,0
workspaceModel.entityStorageSnapshotImpl.instances.count,1744947670172000000,1744947730171000000,0
workspaceModel.check.recursive.update.ms,1744947670172000000,1744947730171000000,0
workspaceModel.loading.total.ms,1744947670172000000,1744947730171000000,0
workspaceModel.initializing.ms,1744947670172000000,1744947730171000000,0
workspaceModel.cachedValue.calculated.count,1744947670172000000,1744947730171000000,1
workspaceModel.on.changed.ms,1744947670172000000,1744947730171000000,0
workspaceModel.workspaceFileIndexData.processFileSets.ms,1744947670172000000,1744947730171000000,0
workspaceModel.workspaceFileIndexData.getFileInfo.ms,1744947670172000000,1744947730171000000,135
workspaceModel.full.replace.project.model.ms,1744947670172000000,1744947730171000000,0
workspaceModel.cachedValueWithParameters.total.get.count,1744947670172000000,1744947730171000000,0
workspaceModel.workspaceFileIndexData.getDirectoriesByPackageName.ms,1744947670172000000,1744947730171000000,0
workspaceModel.workspaceFileIndexData.updateDirtyEntities.ms,1744947670172000000,1744947730171000000,0
workspaceModel.replace.project.model.ms,1744947670172000000,1744947730171000000,0
workspaceModel.updates.count,1744947670172000000,1744947730171000000,0
workspaceModel.loading.from.cache.ms,1744947670172000000,1744947730171000000,0
workspaceModel.cachedValueWithParameters.calculated.count,1744947670172000000,1744947730171000000,0
workspaceModel.workspaceFileIndexData.instances.count,1744947670172000000,1744947730171000000,0
workspaceModel.workspaceFileIndexData.onEntitiesChanged.ms,1744947670172000000,1744947730171000000,0
workspaceModel.to.snapshot.ms,1744947670172000000,1744947730171000000,0
workspaceModel.workspaceFileIndexData.getPackageName.ms,1744947670172000000,1744947730171000000,0
workspaceModel.collect.changes.ms,1744947670172000000,1744947730171000000,0
workspaceModel.init.bridges.ms,1744947670172000000,1744947730171000000,0
workspaceModel.workspaceFileIndexData.markDirty.ms,1744947670172000000,1744947730171000000,0
workspaceModel.cachedValue.total.get.count,1744947670172000000,1744947730171000000,23838
workspaceModel.updates.ms,1744947670172000000,1744947730171000000,0
NonBlockingReadAction.finalizedExecutionTimeUs,1744947670172000000,1744947730171000000,449847
FlushQueue.queueSizeAvg,1744947670172000000,1744947730171000000,0.0
NonBlockingReadAction.failedExecutionTimeUs,1744947670172000000,1744947730171000000,0
NonBlockingReadAction.finalizedExecutionsCount,1744947670172000000,1744947730171000000,585
AWTEventQueue.dispatchTimeTotalNS,1744947670172000000,1744947730171000000,6950987807
FlushQueue.queueSizeMax,1744947670172000000,1744947730171000000,0
AWTEventQueue.eventsDispatched,1744947670172000000,1744947730171000000,0
FlushQueue.waitingTimeMaxNs,1744947670172000000,1744947730171000000,0
FlushQueue.queueSize90P,1744947670172000000,1744947730171000000,0
FlushQueue.waitingTimeAvgNs,1744947670172000000,1744947730171000000,0.0
FlushQueue.executionTimeAvgNs,1744947670172000000,1744947730171000000,0.0
FlushQueue.executionTimeMaxNs,1744947670172000000,1744947730171000000,0
AWTEventQueue.dispatchTimeAvgNs,1744947670172000000,1744947730171000000,0.0
ReadAction.executionsCount,1744947670172000000,1744947730171000000,323079
NonBlockingReadAction.failedExecutionsCount,1744947670172000000,1744947730171000000,0
FlushQueue.executionTime90PNs,1744947670172000000,1744947730171000000,0
AWTEventQueue.dispatchTime90PNs,1744947670172000000,1744947730171000000,0
FlushQueue.tasksExecuted,1744947670172000000,1744947730171000000,0
WriteAction.executionsCount,1744947670172000000,1744947730171000000,88
AWTEventQueue.dispatchTimeMaxNs,1744947670172000000,1744947730171000000,0
FlushQueue.waitingTime90PNs,1744947670172000000,1744947730171000000,0
workspaceModel.do.save.caches.ms,1744947670172000000,1744947730171000000,0
workspaceModel.moduleManagerBridge.load.module.ms,1744947670172000000,1744947730171000000,0
workspaceModel.mutableEntityStorage.put.entity.ms,1744947670172000000,1744947730171000000,0
workspaceModel.load.cache.from.file.ms,1744947670172000000,1744947730171000000,0
jps.global.get.library.by.name.ms,1744947670172000000,1744947730171000000,0
workspaceModel.mutableEntityStorage.add.entity.ms,1744947670172000000,1744947730171000000,0
workspaceModel.mutableEntityStorage.entities.by.source.ms,1744947670172000000,1744947730171000000,0
jps.global.handle.before.change.events.ms,1744947670172000000,1744947730171000000,0
jps.artifact.entities.serializer.save.entities.ms,1744947670172000000,1744947730171000000,0
jps.module.dependency.index.workspace.model.listener.on.changed.ms,1744947670172000000,1744947730171000000,0
workspaceModel.moduleBridge.before.changed.ms,1744947670172000000,1744947730171000000,0
workspaceModel.moduleManagerBridge.build.module.graph.ms,1744947670172000000,1744947730171000000,0
jps.project.serializers.save.ms,1744947670172000000,1744947730171000000,0
workspaceModel.mutableEntityStorage.changeLog.addReplaceEventForNewParent.ms,1744947670172000000,1744947730171000000,0
jps.app.storage.content.writer.save.component.ms,1744947670172000000,1744947730171000000,0
workspaceModel.mutableEntityStorage.resolve.ms,1744947670172000000,1744947730171000000,0
jps.save.global.entities.ms,1744947670172000000,1744947730171000000,0
workspaceModel.moduleManagerBridge.get.modules.ms,1744947670172000000,1744947730171000000,0
workspaceModel.moduleBridgeLoader.loading.modules.ms,1744947670172000000,1744947730171000000,0
jps.storage.jps.conf.reader.load.component.ms,1744947670172000000,1744947730171000000,0
workspaceModel.mutableEntityStorage.entities.ms,1744947670172000000,1744947730171000000,0
jps.facet.change.listener.init.bridge.ms,1744947670172000000,1744947730171000000,0
workspaceModel.mutableEntityStorage.changeLog.addReplaceEventForNewChild.ms,1744947670172000000,1744947730171000000,0
workspaceModel.moduleManagerBridge.create.module.instance.ms,1744947670172000000,1744947730171000000,0
jps.load.project.to.empty.storage.ms,1744947670172000000,1744947730171000000,0
workspaceModel.mutableEntityStorage.mutable.vfurl.index.ms,1744947670172000000,1744947730171000000,0
workspaceModel.moduleBridge.update.option.ms,1744947670172000000,1744947730171000000,0
jps.app.storage.content.reader.load.component.ms,1744947670172000000,1744947730171000000,0
workspaceModel.mutableEntityStorage.apply.changes.from.ms,1744947670172000000,1744947730171000000,0
workspaceModel.orphan.listener.update.ms,1744947670172000000,1744947730171000000,0
workspaceModel.moduleManagerBridge.set.unloadedModules.ms,1744947670172000000,1744947730171000000,0
workspaceModel.mutableEntityStorage.changeLog.addReplaceEventForRemovedChild.ms,1744947670172000000,1744947730171000000,0
jps.global.get.libraries.ms,1744947670172000000,1744947730171000000,0
jps.load.initial.state.ms,1744947670172000000,1744947730171000000,0
jps.facet.change.listener.process.change.events.ms,1744947670172000000,1744947730171000000,0
jps.global.get.library.ms,1744947670172000000,1744947730171000000,0
jps.facet.change.listener.before.change.events.ms,1744947670172000000,1744947730171000000,0
workspaceModel.moduleBridge.facet.initialization.ms,1744947670172000000,1744947730171000000,0
jps.artifact.entities.serializer.load.entities.ms,1744947670172000000,1744947730171000000,0
jps.global.initialize.library.bridges.ms,1744947670172000000,1744947730171000000,0
workspaceModel.save.cache.to.file.ms,1744947670172000000,1744947730171000000,0
workspaceModel.mutableEntityStorage.collect.changes.ms,1744947670172000000,1744947730171000000,0
jps.module.iml.entities.serializer.save.entities.ms,1744947670172000000,1744947730171000000,0
jps.global.handle.changed.events.ms,1744947670172000000,1744947730171000000,0
workspaceModel.global.updates.ms,1744947670172000000,1744947730171000000,0
workspaceModel.mutableEntityStorage.referrers.ms,1744947670172000000,1744947730171000000,0
workspaceModel.mutableEntityStorage.changeLog.addReplaceEventForRemovedParent.ms,1744947670172000000,1744947730171000000,0
workspaceModel.moduleManagerBridge.newModule.ms,1744947670172000000,1744947730171000000,0
jps.project.serializers.load.ms,1744947670172000000,1744947730171000000,0
jps.module.iml.entities.serializer.load.entities.ms,1744947670172000000,1744947730171000000,0
workspaceModel.mutableEntityStorage.instances.count,1744947670172000000,1744947730171000000,0
workspaceModel.moduleManagerBridge.load.all.modules.ms,1744947670172000000,1744947730171000000,0
workspaceModel.moduleManagerBridge.new.nonPersistent.module.ms,1744947670172000000,1744947730171000000,0
workspaceModel.global.apply.state.to.project.builder.ms,1744947670172000000,1744947730171000000,0
workspaceModel.global.updates.count,1744947670172000000,1744947730171000000,0
jps.library.entities.serializer.save.entities.ms,1744947670172000000,1744947730171000000,0
workspaceModel.mutableEntityStorage.replace.by.source.ms,1744947670172000000,1744947730171000000,0
workspaceModel.mutableEntityStorage.remove.entity.ms,1744947670172000000,1744947730171000000,0
jps.global.initialize.library.bridges.after.loading.ms,1744947670172000000,1744947730171000000,0
workspaceModel.mutableEntityStorage.modify.entity.ms,1744947670172000000,1744947730171000000,0
workspaceModel.load.cache.metadata.from.file.ms,1744947670172000000,1744947730171000000,0
workspaceModel.mutableEntityStorage.has.same.entities.ms,1744947670172000000,1744947730171000000,0
workspaceModel.mutableEntityStorage.mutable.ext.mapping.ms,1744947670172000000,1744947730171000000,0
jps.reload.project.entities.ms,1744947670172000000,1744947730171000000,0
jps.apply.loaded.storage.ms,1744947670172000000,1744947730171000000,0
workspaceModel.delayed.project.synchronizer.sync.ms,1744947670172000000,1744947730171000000,0
workspaceModel.global.apply.state.to.project.ms,1744947670172000000,1744947730171000000,0
workspaceModel.sync.entities.ms,1744947670172000000,1744947730171000000,0
workspaceModel.mutableEntityStorage.to.snapshot.ms,1744947670172000000,1744947730171000000,0
jps.library.entities.serializer.load.entities.ms,1744947670172000000,1744947730171000000,0
jps.save.changed.project.entities.ms,1744947670172000000,1744947730171000000,0
IndexesFlusher.totalFlushesRetried,1744947670172000000,1744947730171000000,0
Indexing.writer_0.totalTimeSpentWritingMs,1744947670172000000,1744947730171000000,0
Indexing.writesQueuedMin,1744947670172000000,1744947730171000000,9223372036854775807
Indexing.cache.totalCacheAccesses,1744947670172000000,1744947730171000000,1984
Indexes.entries.lookupDurationMaxMs,1744947670172000000,1744947730171000000,0.0
Indexes.stubs.lookupDurationMaxMs,1744947670172000000,1744947730171000000,0.0
Indexes.entries.lookupDuration90PMs,1744947670172000000,1744947730171000000,0.0
Indexes.allKeys.lookupDurationMaxMs,1744947670172000000,1744947730171000000,0.0
Indexing.writer_2.totalTimeSpentWritingMs,1744947670172000000,1744947730171000000,0
Indexes.stubs.lookupDuration90PMs,1744947670172000000,1744947730171000000,0.0
Indexes.stubs.lookupDurationAvgMs,1744947670172000000,1744947730171000000,0.0
Indexes.entries.lookups,1744947670172000000,1744947730171000000,750
Indexing.writer_1.totalTimeSpentWritingMs,1744947670172000000,1744947730171000000,0
Indexes.allKeys.lookupDurationAvgMs,1744947670172000000,1744947730171000000,0.0
Indexing.writesQueuedMax,1744947670172000000,1744947730171000000,0
Indexing.cache.totalCacheMisses,1744947670172000000,1744947730171000000,249
IndexesFlusher.totalFlushes,1744947670172000000,1744947730171000000,60
Indexes.stubs.lookups,1744947670172000000,1744947730171000000,236
Indexes.allKeys.lookupDuration90PMs,1744947670172000000,1744947730171000000,0.0
Indexing.cache.totalCacheEvicted,1744947670172000000,1744947730171000000,234
Indexes.allKeys.lookups,1744947670172000000,1744947730171000000,0
IndexesFlusher.totalFlushingTimeUs,1744947670172000000,1744947730171000000,104017
Indexing.writer_3.totalTimeSpentWritingMs,1744947670172000000,1744947730171000000,0
Indexing.totalTimeIndexersSleptMs,1744947670172000000,1744947730171000000,0
Indexes.entries.lookupDurationAvgMs,1744947670172000000,1744947730171000000,0.0
IndexesFlusher.totalContentionQuotaSpent,1744947670172000000,1744947730171000000,0
JVM.totalTimeAtSafepointsMs,1744947670172000000,1744947730171000000,864
JVM.usedNativeBytes,1744947670172000000,1744947730171000000,483331424
OS.loadAverage,1744947670172000000,1744947730171000000,1.2607421875
JVM.maxHeapBytes,1744947670172000000,1744947730171000000,2147483648
JVM.usedHeapBytes,1744947670172000000,1744947730171000000,800587776
JVM.GC.collectionTimesMs,1744947670172000000,1744947730171000000,857
JVM.totalDirectByteBuffersBytes,1744947670172000000,1744947730171000000,168933038
JVM.totalSafepointCount,1744947670172000000,1744947730171000000,58
JVM.totalTimeToSafepointsMs,1744947670172000000,1744947730171000000,4
JVM.maxThreadCount,1744947670172000000,1744947730171000000,132
JVM.totalCpuTimeMs,1744947670172000000,1744947730171000000,53840
JVM.threadCount,1744947670172000000,1744947730171000000,68
JVM.newThreadsCount,1744947670172000000,1744947730171000000,4
JVM.GC.collections,1744947670172000000,1744947730171000000,15
JVM.totalBytesAllocated,1744947670172000000,1744947730171000000,2119125480
StreamlinedBlobStorage.recordsAllocated,1744947670172000000,1744947730171000000,0
FileChannelInterruptsRetryer.totalRetriedAttempts,1744947670172000000,1744947730171000000,0
FilePageCacheLockFree.totalBytesRequested,1744947670172000000,1744947730171000000,0
FilePageCacheLockFree.totalPagesRequested,1744947670172000000,1744947730171000000,0
FilePageCache.disposedBuffers,1744947670172000000,1744947730171000000,0
DirectByteBufferAllocator.misses,1744947670172000000,1744947730171000000,1
FilePageCacheLockFree.totalNativeBytesReclaimed,1744947670172000000,1744947730171000000,0
StreamlinedBlobStorage.recordsDeleted,1744947670172000000,1744947730171000000,0
FilePageCache.pageLoadsAboveSizeThreshold,1744947670172000000,1744947730171000000,0
FilePageCache.pageFastCacheHits,1744947670172000000,1744947730171000000,132
FilePageCacheLockFree.housekeeperTurnsSkipped,1744947670172000000,1744947730171000000,0
DirectByteBufferAllocator.totalSizeOfBuffersCachedInBytes,1744947670172000000,1744947730171000000,0
MappedFileStorage.storages,1744947670172000000,1744947730171000000,16
FilePageCache.uncachedFileAccess,1744947670172000000,1744947730171000000,1
MappedFileStorage.totalPagesMapped,1744947670172000000,1744947730171000000,16
FilePageCacheLockFree.totalPagesReclaimed,1744947670172000000,1744947730171000000,0
FilePageCacheLockFree.totalPagesRequestsMs,1744947670172000000,1744947730171000000,0
DirectByteBufferAllocator.reclaimed,1744947670172000000,1744947730171000000,0
FilePageCache.capacityInBytes,1744947670172000000,1744947730171000000,503316478
StorageLockContext.competingThreads.avg,1744947670172000000,1744947730171000000,0.0
FilePageCache.totalPageLoadsUs,1744947670172000000,1744947730171000000,12909
MappedFileStorage.totalTimeSpentOnMappingUs,1744947670172000000,1744947730171000000,41443
StorageLockContext.competingThreads.90P,1744947670172000000,1744947730171000000,0
FilePageCacheLockFree.totalBytesWritten,1744947670172000000,1744947730171000000,0
StreamlinedBlobStorage.totalLiveRecordsCapacityBytes,1744947670172000000,1744947730171000000,0
FilePageCache.pageHits,1744947670172000000,1744947730171000000,99
FilePageCacheLockFree.totalPagesHandedOver,1744947670172000000,1744947730171000000,0
FilePageCacheLockFree.totalPagesWritten,1744947670172000000,1744947730171000000,0
FilePageCacheLockFree.totalClosedStoragesReclaimed,1744947670172000000,1744947730171000000,0
FilePageCacheLockFree.totalPagesWriteMs,1744947670172000000,1744947730171000000,0
FilePageCacheLockFree.totalPageAllocationsWaited,1744947670172000000,1744947730171000000,0
FilePageCacheLockFree.nativeBytesInUse,1744947670172000000,1744947730171000000,0
MappedFileStorage.totalBytesMapped,1744947670172000000,1744947730171000000,202637312
DirectByteBufferAllocator.totalSizeOfBuffersAllocatedInBytes,1744947670172000000,1744947730171000000,167911424
StreamlinedBlobStorage.recordsRelocated,1744947670172000000,1744947730171000000,0
StreamlinedBlobStorage.totalLiveRecordsPayloadBytes,1744947670172000000,1744947730171000000,0
FilePageCacheLockFree.totalBytesRead,1744947670172000000,1744947730171000000,0
FilePageCache.totalPageDisposalsUs,1744947670172000000,1744947730171000000,14
FilePageCache.maxRegisteredFiles,1744947670172000000,1744947730171000000,261
DirectByteBufferAllocator.disposed,1744947670172000000,1744947730171000000,0
FilePageCache.pageLoads,1744947670172000000,1744947730171000000,1
FilePageCacheLockFree.totalPagesAllocated,1744947670172000000,1744947730171000000,0
FilePageCacheLockFree.totalHeapBytesReclaimed,1744947670172000000,1744947730171000000,0
FilePageCacheLockFree.heapBytesInUse,1744947670172000000,1744947730171000000,0
FilePageCache.maxCacheSizeInBytes,1744947670172000000,1744947730171000000,167911424
DirectByteBufferAllocator.hits,1744947670172000000,1744947730171000000,0
FilePageCacheLockFree.totalNativeBytesAllocated,1744947670172000000,1744947730171000000,0
FilePageCacheLockFree.totalHeapBytesAllocated,1744947670172000000,1744947730171000000,0
StorageLockContext.competingThreads.max,1744947670172000000,1744947730171000000,0
FilePageCacheLockFree.housekeeperTimeSpentMs,1744947670172000000,1744947730171000000,0
FilePageCacheLockFree.housekeeperTurnsDone,1744947670172000000,1744947730171000000,0
FilePageCacheLockFree.totalPagesReadMs,1744947670172000000,1744947730171000000,0
VFS.invertedFileNameIndex.requests,1744947730171000000,1744947790171000000,2
VFS.contentStorage.recordsDecompressionTimeUs,1744947730171000000,1744947790171000000,0
VFS.contentStorage.recordsUncompressedSize,1744947730171000000,1744947790171000000,3839
VFS.fileChildByName,1744947730171000000,1744947790171000000,65601
FileNameCache.queries,1744947730171000000,1744947790171000000,274816
VFS.contentStorage.recordsRead,1744947730171000000,1744947790171000000,193
VFS.contentStorage.recordsStoredCompressed,1744947730171000000,1744947790171000000,0
VFS.fileByIdCache.hits,1744947730171000000,1744947790171000000,21
VFS.contentStorage.recordsReadDecompressed,1744947730171000000,1744947790171000000,0
VFS.contentStorage.recordsReadSize,1744947730171000000,1744947790171000000,395614
VFS.contentStorage.recordsStored,1744947730171000000,1744947790171000000,3
VFS.contentStorage.recordsDeduplicated,1744947730171000000,1744947790171000000,0
FileNameCache.totalMisses,1744947730171000000,1744947790171000000,0
VFS.fileByIdCache.misses,1744947730171000000,1744947790171000000,29125
VFS.contentStorage.recordsStoredSize,1744947730171000000,1744947790171000000,3839
DiskQueryRelay.taskWaitingTotalTimeUs,1744947730171000000,1744947790171000000,3302
parser.Python.size.bytes,1744947730171000000,1744947790171000000,59415
lexer.Python.size.bytes,1744947730171000000,1744947790171000000,59415
writeAction.median.wait.ms,1744947730171000000,1744947790171000000,200
DiskQueryRelay.taskExecutionTotalTimeUs,1744947730171000000,1744947790171000000,3002
DiskQueryRelay.tasksExecuted,1744947730171000000,1744947790171000000,50
writeAction.max.wait.ms,1744947730171000000,1744947790171000000,96
DiskQueryRelay.tasksRequested,1744947730171000000,1744947790171000000,50
parser.Python.time.ns,1744947730171000000,1744947790171000000,139576965
writeAction.count,1744947730171000000,1744947790171000000,19
writeAction.wait.ms,1744947730171000000,1744947790171000000,9
lexer.Python.time.ns,1744947730171000000,1744947790171000000,31775487
reordered.by.ml,1744947730171000000,1744947790171000000,6
model.items.0,1744947730171000000,1744947790171000000,3
sorting.items.0,1744947730171000000,1744947790171000000,3
sorting.time.0,1744947730171000000,1744947790171000000,1
cacheStateStorage.set.counter,1744947730171000000,1744947790171000000,0
cacheStateStorage.set.duration,1744947730171000000,1744947790171000000,0
cacheStateStorage.get.duration,1744947730171000000,1744947790171000000,102
cacheStateStorage.get.counter,1744947730171000000,1744947790171000000,9
workspaceModel.cachedValueWithParameters.from.cache.count,1744947730171000000,1744947790171000000,0
workspaceModel.update.unloaded.entities.ms,1744947730171000000,1744947790171000000,0
workspaceModel.cachedValueWithParameters.clear.count,1744947730171000000,1744947790171000000,0
workspaceModel.cachedValue.clear.count,1744947730171000000,1744947790171000000,0
workspaceModel.workspaceFileIndexData.visitFileSets.ms,1744947730171000000,1744947790171000000,0
workspaceModel.cachedValue.from.cache.count,1744947730171000000,1744947790171000000,15178
workspaceModel.workspaceFileIndexContributor.registerFileSets.ms,1744947730171000000,1744947790171000000,0
workspaceModel.workspaceFileIndexData.init.ms,1744947730171000000,1744947790171000000,0
workspaceModel.pre.handlers.ms,1744947730171000000,1744947790171000000,0
workspaceModel.on.before.changed.ms,1744947730171000000,1744947790171000000,0
workspaceModel.updates.precise.ms,1744947730171000000,1744947790171000000,0
workspaceModel.entityStorageSnapshotImpl.instances.count,1744947730171000000,1744947790171000000,0
workspaceModel.check.recursive.update.ms,1744947730171000000,1744947790171000000,0
workspaceModel.loading.total.ms,1744947730171000000,1744947790171000000,0
workspaceModel.initializing.ms,1744947730171000000,1744947790171000000,0
workspaceModel.cachedValue.calculated.count,1744947730171000000,1744947790171000000,0
workspaceModel.on.changed.ms,1744947730171000000,1744947790171000000,0
workspaceModel.workspaceFileIndexData.processFileSets.ms,1744947730171000000,1744947790171000000,0
workspaceModel.workspaceFileIndexData.getFileInfo.ms,1744947730171000000,1744947790171000000,94
workspaceModel.full.replace.project.model.ms,1744947730171000000,1744947790171000000,0
workspaceModel.cachedValueWithParameters.total.get.count,1744947730171000000,1744947790171000000,0
workspaceModel.workspaceFileIndexData.getDirectoriesByPackageName.ms,1744947730171000000,1744947790171000000,0
workspaceModel.workspaceFileIndexData.updateDirtyEntities.ms,1744947730171000000,1744947790171000000,0
workspaceModel.replace.project.model.ms,1744947730171000000,1744947790171000000,0
workspaceModel.updates.count,1744947730171000000,1744947790171000000,0
workspaceModel.loading.from.cache.ms,1744947730171000000,1744947790171000000,0
workspaceModel.cachedValueWithParameters.calculated.count,1744947730171000000,1744947790171000000,0
workspaceModel.workspaceFileIndexData.instances.count,1744947730171000000,1744947790171000000,0
workspaceModel.workspaceFileIndexData.onEntitiesChanged.ms,1744947730171000000,1744947790171000000,0
workspaceModel.to.snapshot.ms,1744947730171000000,1744947790171000000,0
workspaceModel.workspaceFileIndexData.getPackageName.ms,1744947730171000000,1744947790171000000,0
workspaceModel.collect.changes.ms,1744947730171000000,1744947790171000000,0
workspaceModel.init.bridges.ms,1744947730171000000,1744947790171000000,0
workspaceModel.workspaceFileIndexData.markDirty.ms,1744947730171000000,1744947790171000000,0
workspaceModel.cachedValue.total.get.count,1744947730171000000,1744947790171000000,15178
workspaceModel.updates.ms,1744947730171000000,1744947790171000000,0
NonBlockingReadAction.finalizedExecutionTimeUs,1744947730171000000,1744947790171000000,238038
FlushQueue.queueSizeAvg,1744947730171000000,1744947790171000000,0.0
NonBlockingReadAction.failedExecutionTimeUs,1744947730171000000,1744947790171000000,2994
NonBlockingReadAction.finalizedExecutionsCount,1744947730171000000,1744947790171000000,646
AWTEventQueue.dispatchTimeTotalNS,1744947730171000000,1744947790171000000,5515364123
FlushQueue.queueSizeMax,1744947730171000000,1744947790171000000,0
AWTEventQueue.eventsDispatched,1744947730171000000,1744947790171000000,0
FlushQueue.waitingTimeMaxNs,1744947730171000000,1744947790171000000,0
FlushQueue.queueSize90P,1744947730171000000,1744947790171000000,0
FlushQueue.waitingTimeAvgNs,1744947730171000000,1744947790171000000,0.0
FlushQueue.executionTimeAvgNs,1744947730171000000,1744947790171000000,0.0
FlushQueue.executionTimeMaxNs,1744947730171000000,1744947790171000000,0
AWTEventQueue.dispatchTimeAvgNs,1744947730171000000,1744947790171000000,0.0
ReadAction.executionsCount,1744947730171000000,1744947790171000000,238641
NonBlockingReadAction.failedExecutionsCount,1744947730171000000,1744947790171000000,1
FlushQueue.executionTime90PNs,1744947730171000000,1744947790171000000,0
AWTEventQueue.dispatchTime90PNs,1744947730171000000,1744947790171000000,0
FlushQueue.tasksExecuted,1744947730171000000,1744947790171000000,0
WriteAction.executionsCount,1744947730171000000,1744947790171000000,19
AWTEventQueue.dispatchTimeMaxNs,1744947730171000000,1744947790171000000,0
FlushQueue.waitingTime90PNs,1744947730171000000,1744947790171000000,0
workspaceModel.do.save.caches.ms,1744947730171000000,1744947790171000000,0
workspaceModel.moduleManagerBridge.load.module.ms,1744947730171000000,1744947790171000000,0
workspaceModel.mutableEntityStorage.put.entity.ms,1744947730171000000,1744947790171000000,0
workspaceModel.load.cache.from.file.ms,1744947730171000000,1744947790171000000,0
jps.global.get.library.by.name.ms,1744947730171000000,1744947790171000000,0
workspaceModel.mutableEntityStorage.add.entity.ms,1744947730171000000,1744947790171000000,0
workspaceModel.mutableEntityStorage.entities.by.source.ms,1744947730171000000,1744947790171000000,0
jps.global.handle.before.change.events.ms,1744947730171000000,1744947790171000000,0
jps.artifact.entities.serializer.save.entities.ms,1744947730171000000,1744947790171000000,0
jps.module.dependency.index.workspace.model.listener.on.changed.ms,1744947730171000000,1744947790171000000,0
workspaceModel.moduleBridge.before.changed.ms,1744947730171000000,1744947790171000000,0
workspaceModel.moduleManagerBridge.build.module.graph.ms,1744947730171000000,1744947790171000000,0
jps.project.serializers.save.ms,1744947730171000000,1744947790171000000,0
workspaceModel.mutableEntityStorage.changeLog.addReplaceEventForNewParent.ms,1744947730171000000,1744947790171000000,0
jps.app.storage.content.writer.save.component.ms,1744947730171000000,1744947790171000000,0
workspaceModel.mutableEntityStorage.resolve.ms,1744947730171000000,1744947790171000000,0
jps.save.global.entities.ms,1744947730171000000,1744947790171000000,0
workspaceModel.moduleManagerBridge.get.modules.ms,1744947730171000000,1744947790171000000,0
workspaceModel.moduleBridgeLoader.loading.modules.ms,1744947730171000000,1744947790171000000,0
jps.storage.jps.conf.reader.load.component.ms,1744947730171000000,1744947790171000000,0
workspaceModel.mutableEntityStorage.entities.ms,1744947730171000000,1744947790171000000,0
jps.facet.change.listener.init.bridge.ms,1744947730171000000,1744947790171000000,0
workspaceModel.mutableEntityStorage.changeLog.addReplaceEventForNewChild.ms,1744947730171000000,1744947790171000000,0
workspaceModel.moduleManagerBridge.create.module.instance.ms,1744947730171000000,1744947790171000000,0
jps.load.project.to.empty.storage.ms,1744947730171000000,1744947790171000000,0
workspaceModel.mutableEntityStorage.mutable.vfurl.index.ms,1744947730171000000,1744947790171000000,0
workspaceModel.moduleBridge.update.option.ms,1744947730171000000,1744947790171000000,0
jps.app.storage.content.reader.load.component.ms,1744947730171000000,1744947790171000000,0
workspaceModel.mutableEntityStorage.apply.changes.from.ms,1744947730171000000,1744947790171000000,0
workspaceModel.orphan.listener.update.ms,1744947730171000000,1744947790171000000,0
workspaceModel.moduleManagerBridge.set.unloadedModules.ms,1744947730171000000,1744947790171000000,0
workspaceModel.mutableEntityStorage.changeLog.addReplaceEventForRemovedChild.ms,1744947730171000000,1744947790171000000,0
jps.global.get.libraries.ms,1744947730171000000,1744947790171000000,0
jps.load.initial.state.ms,1744947730171000000,1744947790171000000,0
jps.facet.change.listener.process.change.events.ms,1744947730171000000,1744947790171000000,0
jps.global.get.library.ms,1744947730171000000,1744947790171000000,0
jps.facet.change.listener.before.change.events.ms,1744947730171000000,1744947790171000000,0
workspaceModel.moduleBridge.facet.initialization.ms,1744947730171000000,1744947790171000000,0
jps.artifact.entities.serializer.load.entities.ms,1744947730171000000,1744947790171000000,0
jps.global.initialize.library.bridges.ms,1744947730171000000,1744947790171000000,0
workspaceModel.save.cache.to.file.ms,1744947730171000000,1744947790171000000,0
workspaceModel.mutableEntityStorage.collect.changes.ms,1744947730171000000,1744947790171000000,0
jps.module.iml.entities.serializer.save.entities.ms,1744947730171000000,1744947790171000000,0
jps.global.handle.changed.events.ms,1744947730171000000,1744947790171000000,0
workspaceModel.global.updates.ms,1744947730171000000,1744947790171000000,0
workspaceModel.mutableEntityStorage.referrers.ms,1744947730171000000,1744947790171000000,0
workspaceModel.mutableEntityStorage.changeLog.addReplaceEventForRemovedParent.ms,1744947730171000000,1744947790171000000,0
workspaceModel.moduleManagerBridge.newModule.ms,1744947730171000000,1744947790171000000,0
jps.project.serializers.load.ms,1744947730171000000,1744947790171000000,0
jps.module.iml.entities.serializer.load.entities.ms,1744947730171000000,1744947790171000000,0
workspaceModel.mutableEntityStorage.instances.count,1744947730171000000,1744947790171000000,0
workspaceModel.moduleManagerBridge.load.all.modules.ms,1744947730171000000,1744947790171000000,0
workspaceModel.moduleManagerBridge.new.nonPersistent.module.ms,1744947730171000000,1744947790171000000,0
workspaceModel.global.apply.state.to.project.builder.ms,1744947730171000000,1744947790171000000,0
workspaceModel.global.updates.count,1744947730171000000,1744947790171000000,0
jps.library.entities.serializer.save.entities.ms,1744947730171000000,1744947790171000000,0
workspaceModel.mutableEntityStorage.replace.by.source.ms,1744947730171000000,1744947790171000000,0
workspaceModel.mutableEntityStorage.remove.entity.ms,1744947730171000000,1744947790171000000,0
jps.global.initialize.library.bridges.after.loading.ms,1744947730171000000,1744947790171000000,0
workspaceModel.mutableEntityStorage.modify.entity.ms,1744947730171000000,1744947790171000000,0
workspaceModel.load.cache.metadata.from.file.ms,1744947730171000000,1744947790171000000,0
workspaceModel.mutableEntityStorage.has.same.entities.ms,1744947730171000000,1744947790171000000,0
workspaceModel.mutableEntityStorage.mutable.ext.mapping.ms,1744947730171000000,1744947790171000000,0
jps.reload.project.entities.ms,1744947730171000000,1744947790171000000,0
jps.apply.loaded.storage.ms,1744947730171000000,1744947790171000000,0
workspaceModel.delayed.project.synchronizer.sync.ms,1744947730171000000,1744947790171000000,0
workspaceModel.global.apply.state.to.project.ms,1744947730171000000,1744947790171000000,0
workspaceModel.sync.entities.ms,1744947730171000000,1744947790171000000,0
workspaceModel.mutableEntityStorage.to.snapshot.ms,1744947730171000000,1744947790171000000,0
jps.library.entities.serializer.load.entities.ms,1744947730171000000,1744947790171000000,0
jps.save.changed.project.entities.ms,1744947730171000000,1744947790171000000,0
IndexesFlusher.totalFlushesRetried,1744947730171000000,1744947790171000000,0
Indexing.writer_0.totalTimeSpentWritingMs,1744947730171000000,1744947790171000000,0
Indexing.writesQueuedMin,1744947730171000000,1744947790171000000,9223372036854775807
Indexing.cache.totalCacheAccesses,1744947730171000000,1744947790171000000,1134
Indexes.entries.lookupDurationMaxMs,1744947730171000000,1744947790171000000,0.0
Indexes.stubs.lookupDurationMaxMs,1744947730171000000,1744947790171000000,0.0
Indexes.entries.lookupDuration90PMs,1744947730171000000,1744947790171000000,0.0
Indexes.allKeys.lookupDurationMaxMs,1744947730171000000,1744947790171000000,0.0
Indexing.writer_2.totalTimeSpentWritingMs,1744947730171000000,1744947790171000000,0
Indexes.stubs.lookupDuration90PMs,1744947730171000000,1744947790171000000,0.0
Indexes.stubs.lookupDurationAvgMs,1744947730171000000,1744947790171000000,0.0
Indexes.entries.lookups,1744947730171000000,1744947790171000000,329
Indexing.writer_1.totalTimeSpentWritingMs,1744947730171000000,1744947790171000000,0
Indexes.allKeys.lookupDurationAvgMs,1744947730171000000,1744947790171000000,0.0
Indexing.writesQueuedMax,1744947730171000000,1744947790171000000,0
Indexing.cache.totalCacheMisses,1744947730171000000,1744947790171000000,295
IndexesFlusher.totalFlushes,1744947730171000000,1744947790171000000,59
Indexes.stubs.lookups,1744947730171000000,1744947790171000000,130
Indexes.allKeys.lookupDuration90PMs,1744947730171000000,1744947790171000000,0.0
Indexing.cache.totalCacheEvicted,1744947730171000000,1744947790171000000,294
Indexes.allKeys.lookups,1744947730171000000,1744947790171000000,0
IndexesFlusher.totalFlushingTimeUs,1744947730171000000,1744947790171000000,132747
Indexing.writer_3.totalTimeSpentWritingMs,1744947730171000000,1744947790171000000,0
Indexing.totalTimeIndexersSleptMs,1744947730171000000,1744947790171000000,0
Indexes.entries.lookupDurationAvgMs,1744947730171000000,1744947790171000000,0.0
IndexesFlusher.totalContentionQuotaSpent,1744947730171000000,1744947790171000000,0
JVM.totalTimeAtSafepointsMs,1744947730171000000,1744947790171000000,437
JVM.usedNativeBytes,1744947730171000000,1744947790171000000,492744904
OS.loadAverage,1744947730171000000,1744947790171000000,0.8720703125
JVM.maxHeapBytes,1744947730171000000,1744947790171000000,2147483648
JVM.usedHeapBytes,1744947730171000000,1744947790171000000,605552640
JVM.GC.collectionTimesMs,1744947730171000000,1744947790171000000,433
JVM.totalDirectByteBuffersBytes,1744947730171000000,1744947790171000000,174217606
JVM.totalSafepointCount,1744947730171000000,1744947790171000000,45
JVM.totalTimeToSafepointsMs,1744947730171000000,1744947790171000000,3
JVM.maxThreadCount,1744947730171000000,1744947790171000000,132
JVM.totalCpuTimeMs,1744947730171000000,1744947790171000000,35390
JVM.threadCount,1744947730171000000,1744947790171000000,71
JVM.newThreadsCount,1744947730171000000,1744947790171000000,3
JVM.GC.collections,1744947730171000000,1744947790171000000,10
JVM.totalBytesAllocated,1744947730171000000,1744947790171000000,1122871912
StreamlinedBlobStorage.recordsAllocated,1744947730171000000,1744947790171000000,0
FileChannelInterruptsRetryer.totalRetriedAttempts,1744947730171000000,1744947790171000000,0
FilePageCacheLockFree.totalBytesRequested,1744947730171000000,1744947790171000000,0
FilePageCacheLockFree.totalPagesRequested,1744947730171000000,1744947790171000000,0
FilePageCache.disposedBuffers,1744947730171000000,1744947790171000000,0
DirectByteBufferAllocator.misses,1744947730171000000,1744947790171000000,5
FilePageCacheLockFree.totalNativeBytesReclaimed,1744947730171000000,1744947790171000000,0
StreamlinedBlobStorage.recordsDeleted,1744947730171000000,1744947790171000000,0
FilePageCache.pageLoadsAboveSizeThreshold,1744947730171000000,1744947790171000000,0
FilePageCache.pageFastCacheHits,1744947730171000000,1744947790171000000,655
FilePageCacheLockFree.housekeeperTurnsSkipped,1744947730171000000,1744947790171000000,0
DirectByteBufferAllocator.totalSizeOfBuffersCachedInBytes,1744947730171000000,1744947790171000000,0
MappedFileStorage.storages,1744947730171000000,1744947790171000000,16
FilePageCache.uncachedFileAccess,1744947730171000000,1744947790171000000,11
MappedFileStorage.totalPagesMapped,1744947730171000000,1744947790171000000,16
FilePageCacheLockFree.totalPagesReclaimed,1744947730171000000,1744947790171000000,0
FilePageCacheLockFree.totalPagesRequestsMs,1744947730171000000,1744947790171000000,0
DirectByteBufferAllocator.reclaimed,1744947730171000000,1744947790171000000,0
FilePageCache.capacityInBytes,1744947730171000000,1744947790171000000,503316478
StorageLockContext.competingThreads.avg,1744947730171000000,1744947790171000000,0.0
FilePageCache.totalPageLoadsUs,1744947730171000000,1744947790171000000,15997
MappedFileStorage.totalTimeSpentOnMappingUs,1744947730171000000,1744947790171000000,41443
StorageLockContext.competingThreads.90P,1744947730171000000,1744947790171000000,0
FilePageCacheLockFree.totalBytesWritten,1744947730171000000,1744947790171000000,0
StreamlinedBlobStorage.totalLiveRecordsCapacityBytes,1744947730171000000,1744947790171000000,0
FilePageCache.pageHits,1744947730171000000,1744947790171000000,84
FilePageCacheLockFree.totalPagesHandedOver,1744947730171000000,1744947790171000000,0
FilePageCacheLockFree.totalPagesWritten,1744947730171000000,1744947790171000000,0
FilePageCacheLockFree.totalClosedStoragesReclaimed,1744947730171000000,1744947790171000000,0
FilePageCacheLockFree.totalPagesWriteMs,1744947730171000000,1744947790171000000,0
FilePageCacheLockFree.totalPageAllocationsWaited,1744947730171000000,1744947790171000000,0
FilePageCacheLockFree.nativeBytesInUse,1744947730171000000,1744947790171000000,0
MappedFileStorage.totalBytesMapped,1744947730171000000,1744947790171000000,202637312
DirectByteBufferAllocator.totalSizeOfBuffersAllocatedInBytes,1744947730171000000,1744947790171000000,173154304
StreamlinedBlobStorage.recordsRelocated,1744947730171000000,1744947790171000000,0
StreamlinedBlobStorage.totalLiveRecordsPayloadBytes,1744947730171000000,1744947790171000000,0
FilePageCacheLockFree.totalBytesRead,1744947730171000000,1744947790171000000,0
FilePageCache.totalPageDisposalsUs,1744947730171000000,1744947790171000000,38
FilePageCache.maxRegisteredFiles,1744947730171000000,1744947790171000000,261
DirectByteBufferAllocator.disposed,1744947730171000000,1744947790171000000,0
FilePageCache.pageLoads,1744947730171000000,1744947790171000000,5
FilePageCacheLockFree.totalPagesAllocated,1744947730171000000,1744947790171000000,0
FilePageCacheLockFree.totalHeapBytesReclaimed,1744947730171000000,1744947790171000000,0
FilePageCacheLockFree.heapBytesInUse,1744947730171000000,1744947790171000000,0
FilePageCache.maxCacheSizeInBytes,1744947730171000000,1744947790171000000,173154304
DirectByteBufferAllocator.hits,1744947730171000000,1744947790171000000,0
FilePageCacheLockFree.totalNativeBytesAllocated,1744947730171000000,1744947790171000000,0
FilePageCacheLockFree.totalHeapBytesAllocated,1744947730171000000,1744947790171000000,0
StorageLockContext.competingThreads.max,1744947730171000000,1744947790171000000,0
FilePageCacheLockFree.housekeeperTimeSpentMs,1744947730171000000,1744947790171000000,0
FilePageCacheLockFree.housekeeperTurnsDone,1744947730171000000,1744947790171000000,0
FilePageCacheLockFree.totalPagesReadMs,1744947730171000000,1744947790171000000,0
VFS.invertedFileNameIndex.requests,1744947790171000000,1744947850180000000,1
VFS.contentStorage.recordsDecompressionTimeUs,1744947790171000000,1744947850180000000,0
VFS.contentStorage.recordsUncompressedSize,1744947790171000000,1744947850180000000,4284
VFS.fileChildByName,1744947790171000000,1744947850180000000,13112
FileNameCache.queries,1744947790171000000,1744947850180000000,54208
VFS.contentStorage.recordsRead,1744947790171000000,1744947850180000000,27
VFS.contentStorage.recordsStoredCompressed,1744947790171000000,1744947850180000000,0
VFS.fileByIdCache.hits,1744947790171000000,1744947850180000000,15
VFS.contentStorage.recordsReadDecompressed,1744947790171000000,1744947850180000000,0
VFS.contentStorage.recordsReadSize,1744947790171000000,1744947850180000000,87317
VFS.contentStorage.recordsStored,1744947790171000000,1744947850180000000,2
VFS.contentStorage.recordsDeduplicated,1744947790171000000,1744947850180000000,0
FileNameCache.totalMisses,1744947790171000000,1744947850180000000,0
VFS.fileByIdCache.misses,1744947790171000000,1744947850180000000,10310
VFS.contentStorage.recordsStoredSize,1744947790171000000,1744947850180000000,4284
DiskQueryRelay.taskWaitingTotalTimeUs,1744947790171000000,1744947850180000000,5431
parser.Python.size.bytes,1744947790171000000,1744947850180000000,6848
lexer.Python.size.bytes,1744947790171000000,1744947850180000000,6848
writeAction.median.wait.ms,1744947790171000000,1744947850180000000,200
DiskQueryRelay.taskExecutionTotalTimeUs,1744947790171000000,1744947850180000000,4758
DiskQueryRelay.tasksExecuted,1744947790171000000,1744947850180000000,71
writeAction.max.wait.ms,1744947790171000000,1744947850180000000,96
DiskQueryRelay.tasksRequested,1744947790171000000,1744947850180000000,71
parser.Python.time.ns,1744947790171000000,1744947850180000000,12282086
writeAction.count,1744947790171000000,1744947850180000000,5
writeAction.wait.ms,1744947790171000000,1744947850180000000,0
lexer.Python.time.ns,1744947790171000000,1744947850180000000,5822528
cacheStateStorage.set.counter,1744947790171000000,1744947850180000000,5
cacheStateStorage.set.duration,1744947790171000000,1744947850180000000,1
cacheStateStorage.get.duration,1744947790171000000,1744947850180000000,1183
cacheStateStorage.get.counter,1744947790171000000,1744947850180000000,24
workspaceModel.cachedValueWithParameters.from.cache.count,1744947790171000000,1744947850180000000,0
workspaceModel.update.unloaded.entities.ms,1744947790171000000,1744947850180000000,0
workspaceModel.cachedValueWithParameters.clear.count,1744947790171000000,1744947850180000000,0
workspaceModel.cachedValue.clear.count,1744947790171000000,1744947850180000000,0
workspaceModel.workspaceFileIndexData.visitFileSets.ms,1744947790171000000,1744947850180000000,0
workspaceModel.cachedValue.from.cache.count,1744947790171000000,1744947850180000000,4749
workspaceModel.workspaceFileIndexContributor.registerFileSets.ms,1744947790171000000,1744947850180000000,0
workspaceModel.workspaceFileIndexData.init.ms,1744947790171000000,1744947850180000000,0
workspaceModel.pre.handlers.ms,1744947790171000000,1744947850180000000,0
workspaceModel.on.before.changed.ms,1744947790171000000,1744947850180000000,0
workspaceModel.updates.precise.ms,1744947790171000000,1744947850180000000,0
workspaceModel.entityStorageSnapshotImpl.instances.count,1744947790171000000,1744947850180000000,0
workspaceModel.check.recursive.update.ms,1744947790171000000,1744947850180000000,0
workspaceModel.loading.total.ms,1744947790171000000,1744947850180000000,0
workspaceModel.initializing.ms,1744947790171000000,1744947850180000000,0
workspaceModel.cachedValue.calculated.count,1744947790171000000,1744947850180000000,0
workspaceModel.on.changed.ms,1744947790171000000,1744947850180000000,0
workspaceModel.workspaceFileIndexData.processFileSets.ms,1744947790171000000,1744947850180000000,0
workspaceModel.workspaceFileIndexData.getFileInfo.ms,1744947790171000000,1744947850180000000,25
workspaceModel.full.replace.project.model.ms,1744947790171000000,1744947850180000000,0
workspaceModel.cachedValueWithParameters.total.get.count,1744947790171000000,1744947850180000000,0
workspaceModel.workspaceFileIndexData.getDirectoriesByPackageName.ms,1744947790171000000,1744947850180000000,0
workspaceModel.workspaceFileIndexData.updateDirtyEntities.ms,1744947790171000000,1744947850180000000,0
workspaceModel.replace.project.model.ms,1744947790171000000,1744947850180000000,0
workspaceModel.updates.count,1744947790171000000,1744947850180000000,0
workspaceModel.loading.from.cache.ms,1744947790171000000,1744947850180000000,0
workspaceModel.cachedValueWithParameters.calculated.count,1744947790171000000,1744947850180000000,0
workspaceModel.workspaceFileIndexData.instances.count,1744947790171000000,1744947850180000000,0
workspaceModel.workspaceFileIndexData.onEntitiesChanged.ms,1744947790171000000,1744947850180000000,0
workspaceModel.to.snapshot.ms,1744947790171000000,1744947850180000000,0
workspaceModel.workspaceFileIndexData.getPackageName.ms,1744947790171000000,1744947850180000000,0
workspaceModel.collect.changes.ms,1744947790171000000,1744947850180000000,0
workspaceModel.init.bridges.ms,1744947790171000000,1744947850180000000,0
workspaceModel.workspaceFileIndexData.markDirty.ms,1744947790171000000,1744947850180000000,0
workspaceModel.cachedValue.total.get.count,1744947790171000000,1744947850180000000,4749
workspaceModel.updates.ms,1744947790171000000,1744947850180000000,0
NonBlockingReadAction.finalizedExecutionTimeUs,1744947790171000000,1744947850180000000,61383
FlushQueue.queueSizeAvg,1744947790171000000,1744947850180000000,0.0
NonBlockingReadAction.failedExecutionTimeUs,1744947790171000000,1744947850180000000,0
NonBlockingReadAction.finalizedExecutionsCount,1744947790171000000,1744947850180000000,412
AWTEventQueue.dispatchTimeTotalNS,1744947790171000000,1744947850180000000,2658029849
FlushQueue.queueSizeMax,1744947790171000000,1744947850180000000,0
AWTEventQueue.eventsDispatched,1744947790171000000,1744947850180000000,0
FlushQueue.waitingTimeMaxNs,1744947790171000000,1744947850180000000,0
FlushQueue.queueSize90P,1744947790171000000,1744947850180000000,0
FlushQueue.waitingTimeAvgNs,1744947790171000000,1744947850180000000,0.0
FlushQueue.executionTimeAvgNs,1744947790171000000,1744947850180000000,0.0
FlushQueue.executionTimeMaxNs,1744947790171000000,1744947850180000000,0
AWTEventQueue.dispatchTimeAvgNs,1744947790171000000,1744947850180000000,0.0
ReadAction.executionsCount,1744947790171000000,1744947850180000000,90039
NonBlockingReadAction.failedExecutionsCount,1744947790171000000,1744947850180000000,0
FlushQueue.executionTime90PNs,1744947790171000000,1744947850180000000,0
AWTEventQueue.dispatchTime90PNs,1744947790171000000,1744947850180000000,0
FlushQueue.tasksExecuted,1744947790171000000,1744947850180000000,0
WriteAction.executionsCount,1744947790171000000,1744947850180000000,5
AWTEventQueue.dispatchTimeMaxNs,1744947790171000000,1744947850180000000,0
FlushQueue.waitingTime90PNs,1744947790171000000,1744947850180000000,0
workspaceModel.do.save.caches.ms,1744947790171000000,1744947850180000000,0
workspaceModel.moduleManagerBridge.load.module.ms,1744947790171000000,1744947850180000000,0
workspaceModel.mutableEntityStorage.put.entity.ms,1744947790171000000,1744947850180000000,0
workspaceModel.load.cache.from.file.ms,1744947790171000000,1744947850180000000,0
jps.global.get.library.by.name.ms,1744947790171000000,1744947850180000000,0
workspaceModel.mutableEntityStorage.add.entity.ms,1744947790171000000,1744947850180000000,0
workspaceModel.mutableEntityStorage.entities.by.source.ms,1744947790171000000,1744947850180000000,0
jps.global.handle.before.change.events.ms,1744947790171000000,1744947850180000000,0
jps.artifact.entities.serializer.save.entities.ms,1744947790171000000,1744947850180000000,0
jps.module.dependency.index.workspace.model.listener.on.changed.ms,1744947790171000000,1744947850180000000,0
workspaceModel.moduleBridge.before.changed.ms,1744947790171000000,1744947850180000000,0
workspaceModel.moduleManagerBridge.build.module.graph.ms,1744947790171000000,1744947850180000000,0
jps.project.serializers.save.ms,1744947790171000000,1744947850180000000,0
workspaceModel.mutableEntityStorage.changeLog.addReplaceEventForNewParent.ms,1744947790171000000,1744947850180000000,0
jps.app.storage.content.writer.save.component.ms,1744947790171000000,1744947850180000000,3
workspaceModel.mutableEntityStorage.resolve.ms,1744947790171000000,1744947850180000000,0
jps.save.global.entities.ms,1744947790171000000,1744947850180000000,8
workspaceModel.moduleManagerBridge.get.modules.ms,1744947790171000000,1744947850180000000,0
workspaceModel.moduleBridgeLoader.loading.modules.ms,1744947790171000000,1744947850180000000,0
jps.storage.jps.conf.reader.load.component.ms,1744947790171000000,1744947850180000000,0
workspaceModel.mutableEntityStorage.entities.ms,1744947790171000000,1744947850180000000,0
jps.facet.change.listener.init.bridge.ms,1744947790171000000,1744947850180000000,0
workspaceModel.mutableEntityStorage.changeLog.addReplaceEventForNewChild.ms,1744947790171000000,1744947850180000000,0
workspaceModel.moduleManagerBridge.create.module.instance.ms,1744947790171000000,1744947850180000000,0
jps.load.project.to.empty.storage.ms,1744947790171000000,1744947850180000000,0
workspaceModel.mutableEntityStorage.mutable.vfurl.index.ms,1744947790171000000,1744947850180000000,0
workspaceModel.moduleBridge.update.option.ms,1744947790171000000,1744947850180000000,0
jps.app.storage.content.reader.load.component.ms,1744947790171000000,1744947850180000000,0
workspaceModel.mutableEntityStorage.apply.changes.from.ms,1744947790171000000,1744947850180000000,0
workspaceModel.orphan.listener.update.ms,1744947790171000000,1744947850180000000,0
workspaceModel.moduleManagerBridge.set.unloadedModules.ms,1744947790171000000,1744947850180000000,0
workspaceModel.mutableEntityStorage.changeLog.addReplaceEventForRemovedChild.ms,1744947790171000000,1744947850180000000,0
jps.global.get.libraries.ms,1744947790171000000,1744947850180000000,0
jps.load.initial.state.ms,1744947790171000000,1744947850180000000,0
jps.facet.change.listener.process.change.events.ms,1744947790171000000,1744947850180000000,0
jps.global.get.library.ms,1744947790171000000,1744947850180000000,0
jps.facet.change.listener.before.change.events.ms,1744947790171000000,1744947850180000000,0
workspaceModel.moduleBridge.facet.initialization.ms,1744947790171000000,1744947850180000000,0
jps.artifact.entities.serializer.load.entities.ms,1744947790171000000,1744947850180000000,0
jps.global.initialize.library.bridges.ms,1744947790171000000,1744947850180000000,0
workspaceModel.save.cache.to.file.ms,1744947790171000000,1744947850180000000,0
workspaceModel.mutableEntityStorage.collect.changes.ms,1744947790171000000,1744947850180000000,0
jps.module.iml.entities.serializer.save.entities.ms,1744947790171000000,1744947850180000000,0
jps.global.handle.changed.events.ms,1744947790171000000,1744947850180000000,0
workspaceModel.global.updates.ms,1744947790171000000,1744947850180000000,0
workspaceModel.mutableEntityStorage.referrers.ms,1744947790171000000,1744947850180000000,0
workspaceModel.mutableEntityStorage.changeLog.addReplaceEventForRemovedParent.ms,1744947790171000000,1744947850180000000,0
workspaceModel.moduleManagerBridge.newModule.ms,1744947790171000000,1744947850180000000,0
jps.project.serializers.load.ms,1744947790171000000,1744947850180000000,0
jps.module.iml.entities.serializer.load.entities.ms,1744947790171000000,1744947850180000000,0
workspaceModel.mutableEntityStorage.instances.count,1744947790171000000,1744947850180000000,0
workspaceModel.moduleManagerBridge.load.all.modules.ms,1744947790171000000,1744947850180000000,0
workspaceModel.moduleManagerBridge.new.nonPersistent.module.ms,1744947790171000000,1744947850180000000,0
workspaceModel.global.apply.state.to.project.builder.ms,1744947790171000000,1744947850180000000,0
workspaceModel.global.updates.count,1744947790171000000,1744947850180000000,0
jps.library.entities.serializer.save.entities.ms,1744947790171000000,1744947850180000000,0
workspaceModel.mutableEntityStorage.replace.by.source.ms,1744947790171000000,1744947850180000000,0
workspaceModel.mutableEntityStorage.remove.entity.ms,1744947790171000000,1744947850180000000,0
jps.global.initialize.library.bridges.after.loading.ms,1744947790171000000,1744947850180000000,0
workspaceModel.mutableEntityStorage.modify.entity.ms,1744947790171000000,1744947850180000000,0
workspaceModel.load.cache.metadata.from.file.ms,1744947790171000000,1744947850180000000,0
workspaceModel.mutableEntityStorage.has.same.entities.ms,1744947790171000000,1744947850180000000,0
workspaceModel.mutableEntityStorage.mutable.ext.mapping.ms,1744947790171000000,1744947850180000000,0
jps.reload.project.entities.ms,1744947790171000000,1744947850180000000,0
jps.apply.loaded.storage.ms,1744947790171000000,1744947850180000000,0
workspaceModel.delayed.project.synchronizer.sync.ms,1744947790171000000,1744947850180000000,0
workspaceModel.global.apply.state.to.project.ms,1744947790171000000,1744947850180000000,0
workspaceModel.sync.entities.ms,1744947790171000000,1744947850180000000,0
workspaceModel.mutableEntityStorage.to.snapshot.ms,1744947790171000000,1744947850180000000,0
jps.library.entities.serializer.load.entities.ms,1744947790171000000,1744947850180000000,0
jps.save.changed.project.entities.ms,1744947790171000000,1744947850180000000,0
IndexesFlusher.totalFlushesRetried,1744947790171000000,1744947850180000000,0
Indexing.writer_0.totalTimeSpentWritingMs,1744947790171000000,1744947850180000000,0
Indexing.writesQueuedMin,1744947790171000000,1744947850180000000,9223372036854775807
Indexing.cache.totalCacheAccesses,1744947790171000000,1744947850180000000,169
Indexes.entries.lookupDurationMaxMs,1744947790171000000,1744947850180000000,0.0
Indexes.stubs.lookupDurationMaxMs,1744947790171000000,1744947850180000000,0.0
Indexes.entries.lookupDuration90PMs,1744947790171000000,1744947850180000000,0.0
Indexes.allKeys.lookupDurationMaxMs,1744947790171000000,1744947850180000000,0.0
Indexing.writer_2.totalTimeSpentWritingMs,1744947790171000000,1744947850180000000,0
Indexes.stubs.lookupDuration90PMs,1744947790171000000,1744947850180000000,0.0
Indexes.stubs.lookupDurationAvgMs,1744947790171000000,1744947850180000000,0.0
Indexes.entries.lookups,1744947790171000000,1744947850180000000,51
Indexing.writer_1.totalTimeSpentWritingMs,1744947790171000000,1744947850180000000,0
Indexes.allKeys.lookupDurationAvgMs,1744947790171000000,1744947850180000000,0.0
Indexing.writesQueuedMax,1744947790171000000,1744947850180000000,0
Indexing.cache.totalCacheMisses,1744947790171000000,1744947850180000000,27
IndexesFlusher.totalFlushes,1744947790171000000,1744947850180000000,60
Indexes.stubs.lookups,1744947790171000000,1744947850180000000,30
Indexes.allKeys.lookupDuration90PMs,1744947790171000000,1744947850180000000,0.0
Indexing.cache.totalCacheEvicted,1744947790171000000,1744947850180000000,27
Indexes.allKeys.lookups,1744947790171000000,1744947850180000000,0
IndexesFlusher.totalFlushingTimeUs,1744947790171000000,1744947850180000000,88585
Indexing.writer_3.totalTimeSpentWritingMs,1744947790171000000,1744947850180000000,0
Indexing.totalTimeIndexersSleptMs,1744947790171000000,1744947850180000000,0
Indexes.entries.lookupDurationAvgMs,1744947790171000000,1744947850180000000,0.0
IndexesFlusher.totalContentionQuotaSpent,1744947790171000000,1744947850180000000,0
JVM.totalTimeAtSafepointsMs,1744947790171000000,1744947850180000000,116
JVM.usedNativeBytes,1744947790171000000,1744947850180000000,496069632
OS.loadAverage,1744947790171000000,1744947850180000000,0.8916015625
JVM.maxHeapBytes,1744947790171000000,1744947850180000000,2147483648
JVM.usedHeapBytes,1744947790171000000,1744947850180000000,656356896
JVM.GC.collectionTimesMs,1744947790171000000,1744947850180000000,114
JVM.totalDirectByteBuffersBytes,1744947790171000000,1744947850180000000,174282029
JVM.totalSafepointCount,1744947790171000000,1744947850180000000,14
JVM.totalTimeToSafepointsMs,1744947790171000000,1744947850180000000,1
JVM.maxThreadCount,1744947790171000000,1744947850180000000,132
JVM.totalCpuTimeMs,1744947790171000000,1744947850180000000,11980
JVM.threadCount,1744947790171000000,1744947850180000000,71
JVM.newThreadsCount,1744947790171000000,1744947850180000000,2
JVM.GC.collections,1744947790171000000,1744947850180000000,1
JVM.totalBytesAllocated,1744947790171000000,1744947850180000000,366927304
StreamlinedBlobStorage.recordsAllocated,1744947790171000000,1744947850180000000,0
FileChannelInterruptsRetryer.totalRetriedAttempts,1744947790171000000,1744947850180000000,0
FilePageCacheLockFree.totalBytesRequested,1744947790171000000,1744947850180000000,0
FilePageCacheLockFree.totalPagesRequested,1744947790171000000,1744947850180000000,0
FilePageCache.disposedBuffers,1744947790171000000,1744947850180000000,0
DirectByteBufferAllocator.misses,1744947790171000000,1744947850180000000,0
FilePageCacheLockFree.totalNativeBytesReclaimed,1744947790171000000,1744947850180000000,0
StreamlinedBlobStorage.recordsDeleted,1744947790171000000,1744947850180000000,0
FilePageCache.pageLoadsAboveSizeThreshold,1744947790171000000,1744947850180000000,0
FilePageCache.pageFastCacheHits,1744947790171000000,1744947850180000000,105
FilePageCacheLockFree.housekeeperTurnsSkipped,1744947790171000000,1744947850180000000,0
DirectByteBufferAllocator.totalSizeOfBuffersCachedInBytes,1744947790171000000,1744947850180000000,0
MappedFileStorage.storages,1744947790171000000,1744947850180000000,16
FilePageCache.uncachedFileAccess,1744947790171000000,1744947850180000000,9
MappedFileStorage.totalPagesMapped,1744947790171000000,1744947850180000000,16
FilePageCacheLockFree.totalPagesReclaimed,1744947790171000000,1744947850180000000,0
FilePageCacheLockFree.totalPagesRequestsMs,1744947790171000000,1744947850180000000,0
DirectByteBufferAllocator.reclaimed,1744947790171000000,1744947850180000000,0
FilePageCache.capacityInBytes,1744947790171000000,1744947850180000000,503316478
StorageLockContext.competingThreads.avg,1744947790171000000,1744947850180000000,0.0
FilePageCache.totalPageLoadsUs,1744947790171000000,1744947850180000000,0
MappedFileStorage.totalTimeSpentOnMappingUs,1744947790171000000,1744947850180000000,41443
StorageLockContext.competingThreads.90P,1744947790171000000,1744947850180000000,0
FilePageCacheLockFree.totalBytesWritten,1744947790171000000,1744947850180000000,0
StreamlinedBlobStorage.totalLiveRecordsCapacityBytes,1744947790171000000,1744947850180000000,0
FilePageCache.pageHits,1744947790171000000,1744947850180000000,9
FilePageCacheLockFree.totalPagesHandedOver,1744947790171000000,1744947850180000000,0
FilePageCacheLockFree.totalPagesWritten,1744947790171000000,1744947850180000000,0
FilePageCacheLockFree.totalClosedStoragesReclaimed,1744947790171000000,1744947850180000000,0
FilePageCacheLockFree.totalPagesWriteMs,1744947790171000000,1744947850180000000,0
FilePageCacheLockFree.totalPageAllocationsWaited,1744947790171000000,1744947850180000000,0
FilePageCacheLockFree.nativeBytesInUse,1744947790171000000,1744947850180000000,0
MappedFileStorage.totalBytesMapped,1744947790171000000,1744947850180000000,202637312
DirectByteBufferAllocator.totalSizeOfBuffersAllocatedInBytes,1744947790171000000,1744947850180000000,173154304
StreamlinedBlobStorage.recordsRelocated,1744947790171000000,1744947850180000000,0
StreamlinedBlobStorage.totalLiveRecordsPayloadBytes,1744947790171000000,1744947850180000000,0
FilePageCacheLockFree.totalBytesRead,1744947790171000000,1744947850180000000,0
FilePageCache.totalPageDisposalsUs,1744947790171000000,1744947850180000000,0
FilePageCache.maxRegisteredFiles,1744947790171000000,1744947850180000000,261
DirectByteBufferAllocator.disposed,1744947790171000000,1744947850180000000,0
FilePageCache.pageLoads,1744947790171000000,1744947850180000000,0
FilePageCacheLockFree.totalPagesAllocated,1744947790171000000,1744947850180000000,0
FilePageCacheLockFree.totalHeapBytesReclaimed,1744947790171000000,1744947850180000000,0
FilePageCacheLockFree.heapBytesInUse,1744947790171000000,1744947850180000000,0
FilePageCache.maxCacheSizeInBytes,1744947790171000000,1744947850180000000,173154304
DirectByteBufferAllocator.hits,1744947790171000000,1744947850180000000,0
FilePageCacheLockFree.totalNativeBytesAllocated,1744947790171000000,1744947850180000000,0
FilePageCacheLockFree.totalHeapBytesAllocated,1744947790171000000,1744947850180000000,0
StorageLockContext.competingThreads.max,1744947790171000000,1744947850180000000,0
FilePageCacheLockFree.housekeeperTimeSpentMs,1744947790171000000,1744947850180000000,0
FilePageCacheLockFree.housekeeperTurnsDone,1744947790171000000,1744947850180000000,0
FilePageCacheLockFree.totalPagesReadMs,1744947790171000000,1744947850180000000,0
VFS.invertedFileNameIndex.requests,1744947850180000000,1744947910167000000,0
VFS.contentStorage.recordsDecompressionTimeUs,1744947850180000000,1744947910167000000,0
VFS.contentStorage.recordsUncompressedSize,1744947850180000000,1744947910167000000,0
VFS.fileChildByName,1744947850180000000,1744947910167000000,1576
FileNameCache.queries,1744947850180000000,1744947910167000000,11776
VFS.contentStorage.recordsRead,1744947850180000000,1744947910167000000,0
VFS.contentStorage.recordsStoredCompressed,1744947850180000000,1744947910167000000,0
VFS.fileByIdCache.hits,1744947850180000000,1744947910167000000,0
VFS.contentStorage.recordsReadDecompressed,1744947850180000000,1744947910167000000,0
VFS.contentStorage.recordsReadSize,1744947850180000000,1744947910167000000,0
VFS.contentStorage.recordsStored,1744947850180000000,1744947910167000000,0
VFS.contentStorage.recordsDeduplicated,1744947850180000000,1744947910167000000,0
FileNameCache.totalMisses,1744947850180000000,1744947910167000000,0
VFS.fileByIdCache.misses,1744947850180000000,1744947910167000000,0
VFS.contentStorage.recordsStoredSize,1744947850180000000,1744947910167000000,0
DiskQueryRelay.taskWaitingTotalTimeUs,1744947850180000000,1744947910167000000,0
writeAction.median.wait.ms,1744947850180000000,1744947910167000000,200
DiskQueryRelay.taskExecutionTotalTimeUs,1744947850180000000,1744947910167000000,0
DiskQueryRelay.tasksExecuted,1744947850180000000,1744947910167000000,0
writeAction.max.wait.ms,1744947850180000000,1744947910167000000,96
DiskQueryRelay.tasksRequested,1744947850180000000,1744947910167000000,0
writeAction.count,1744947850180000000,1744947910167000000,0
writeAction.wait.ms,1744947850180000000,1744947910167000000,0
cacheStateStorage.set.counter,1744947850180000000,1744947910167000000,0
cacheStateStorage.set.duration,1744947850180000000,1744947910167000000,0
cacheStateStorage.get.duration,1744947850180000000,1744947910167000000,0
cacheStateStorage.get.counter,1744947850180000000,1744947910167000000,0
workspaceModel.cachedValueWithParameters.from.cache.count,1744947850180000000,1744947910167000000,0
workspaceModel.update.unloaded.entities.ms,1744947850180000000,1744947910167000000,0
workspaceModel.cachedValueWithParameters.clear.count,1744947850180000000,1744947910167000000,0
workspaceModel.cachedValue.clear.count,1744947850180000000,1744947910167000000,0
workspaceModel.workspaceFileIndexData.visitFileSets.ms,1744947850180000000,1744947910167000000,0
workspaceModel.cachedValue.from.cache.count,1744947850180000000,1744947910167000000,1
workspaceModel.workspaceFileIndexContributor.registerFileSets.ms,1744947850180000000,1744947910167000000,0
workspaceModel.workspaceFileIndexData.init.ms,1744947850180000000,1744947910167000000,0
workspaceModel.pre.handlers.ms,1744947850180000000,1744947910167000000,0
workspaceModel.on.before.changed.ms,1744947850180000000,1744947910167000000,0
workspaceModel.updates.precise.ms,1744947850180000000,1744947910167000000,0
workspaceModel.entityStorageSnapshotImpl.instances.count,1744947850180000000,1744947910167000000,0
workspaceModel.check.recursive.update.ms,1744947850180000000,1744947910167000000,0
workspaceModel.loading.total.ms,1744947850180000000,1744947910167000000,0
workspaceModel.initializing.ms,1744947850180000000,1744947910167000000,0
workspaceModel.cachedValue.calculated.count,1744947850180000000,1744947910167000000,0
workspaceModel.on.changed.ms,1744947850180000000,1744947910167000000,0
workspaceModel.workspaceFileIndexData.processFileSets.ms,1744947850180000000,1744947910167000000,0
workspaceModel.workspaceFileIndexData.getFileInfo.ms,1744947850180000000,1744947910167000000,8
workspaceModel.full.replace.project.model.ms,1744947850180000000,1744947910167000000,0
workspaceModel.cachedValueWithParameters.total.get.count,1744947850180000000,1744947910167000000,0
workspaceModel.workspaceFileIndexData.getDirectoriesByPackageName.ms,1744947850180000000,1744947910167000000,0
workspaceModel.workspaceFileIndexData.updateDirtyEntities.ms,1744947850180000000,1744947910167000000,0
workspaceModel.replace.project.model.ms,1744947850180000000,1744947910167000000,0
workspaceModel.updates.count,1744947850180000000,1744947910167000000,0
workspaceModel.loading.from.cache.ms,1744947850180000000,1744947910167000000,0
workspaceModel.cachedValueWithParameters.calculated.count,1744947850180000000,1744947910167000000,0
workspaceModel.workspaceFileIndexData.instances.count,1744947850180000000,1744947910167000000,0
workspaceModel.workspaceFileIndexData.onEntitiesChanged.ms,1744947850180000000,1744947910167000000,0
workspaceModel.to.snapshot.ms,1744947850180000000,1744947910167000000,0
workspaceModel.workspaceFileIndexData.getPackageName.ms,1744947850180000000,1744947910167000000,0
workspaceModel.collect.changes.ms,1744947850180000000,1744947910167000000,0
workspaceModel.init.bridges.ms,1744947850180000000,1744947910167000000,0
workspaceModel.workspaceFileIndexData.markDirty.ms,1744947850180000000,1744947910167000000,0
workspaceModel.cachedValue.total.get.count,1744947850180000000,1744947910167000000,1
workspaceModel.updates.ms,1744947850180000000,1744947910167000000,0
NonBlockingReadAction.finalizedExecutionTimeUs,1744947850180000000,1744947910167000000,1697
FlushQueue.queueSizeAvg,1744947850180000000,1744947910167000000,0.0
NonBlockingReadAction.failedExecutionTimeUs,1744947850180000000,1744947910167000000,0
NonBlockingReadAction.finalizedExecutionsCount,1744947850180000000,1744947910167000000,2
AWTEventQueue.dispatchTimeTotalNS,1744947850180000000,1744947910167000000,27135499
FlushQueue.queueSizeMax,1744947850180000000,1744947910167000000,0
AWTEventQueue.eventsDispatched,1744947850180000000,1744947910167000000,0
FlushQueue.waitingTimeMaxNs,1744947850180000000,1744947910167000000,0
FlushQueue.queueSize90P,1744947850180000000,1744947910167000000,0
FlushQueue.waitingTimeAvgNs,1744947850180000000,1744947910167000000,0.0
FlushQueue.executionTimeAvgNs,1744947850180000000,1744947910167000000,0.0
FlushQueue.executionTimeMaxNs,1744947850180000000,1744947910167000000,0
AWTEventQueue.dispatchTimeAvgNs,1744947850180000000,1744947910167000000,0.0
ReadAction.executionsCount,1744947850180000000,1744947910167000000,18221
NonBlockingReadAction.failedExecutionsCount,1744947850180000000,1744947910167000000,0
FlushQueue.executionTime90PNs,1744947850180000000,1744947910167000000,0
AWTEventQueue.dispatchTime90PNs,1744947850180000000,1744947910167000000,0
FlushQueue.tasksExecuted,1744947850180000000,1744947910167000000,0
WriteAction.executionsCount,1744947850180000000,1744947910167000000,0
AWTEventQueue.dispatchTimeMaxNs,1744947850180000000,1744947910167000000,0
FlushQueue.waitingTime90PNs,1744947850180000000,1744947910167000000,0
workspaceModel.do.save.caches.ms,1744947850180000000,1744947910167000000,0
workspaceModel.moduleManagerBridge.load.module.ms,1744947850180000000,1744947910167000000,0
workspaceModel.mutableEntityStorage.put.entity.ms,1744947850180000000,1744947910167000000,0
workspaceModel.load.cache.from.file.ms,1744947850180000000,1744947910167000000,0
jps.global.get.library.by.name.ms,1744947850180000000,1744947910167000000,0
workspaceModel.mutableEntityStorage.add.entity.ms,1744947850180000000,1744947910167000000,0
workspaceModel.mutableEntityStorage.entities.by.source.ms,1744947850180000000,1744947910167000000,0
jps.global.handle.before.change.events.ms,1744947850180000000,1744947910167000000,0
jps.artifact.entities.serializer.save.entities.ms,1744947850180000000,1744947910167000000,0
jps.module.dependency.index.workspace.model.listener.on.changed.ms,1744947850180000000,1744947910167000000,0
workspaceModel.moduleBridge.before.changed.ms,1744947850180000000,1744947910167000000,0
workspaceModel.moduleManagerBridge.build.module.graph.ms,1744947850180000000,1744947910167000000,0
jps.project.serializers.save.ms,1744947850180000000,1744947910167000000,0
workspaceModel.mutableEntityStorage.changeLog.addReplaceEventForNewParent.ms,1744947850180000000,1744947910167000000,0
jps.app.storage.content.writer.save.component.ms,1744947850180000000,1744947910167000000,0
workspaceModel.mutableEntityStorage.resolve.ms,1744947850180000000,1744947910167000000,0
jps.save.global.entities.ms,1744947850180000000,1744947910167000000,0
workspaceModel.moduleManagerBridge.get.modules.ms,1744947850180000000,1744947910167000000,0
workspaceModel.moduleBridgeLoader.loading.modules.ms,1744947850180000000,1744947910167000000,0
jps.storage.jps.conf.reader.load.component.ms,1744947850180000000,1744947910167000000,0
workspaceModel.mutableEntityStorage.entities.ms,1744947850180000000,1744947910167000000,0
jps.facet.change.listener.init.bridge.ms,1744947850180000000,1744947910167000000,0
workspaceModel.mutableEntityStorage.changeLog.addReplaceEventForNewChild.ms,1744947850180000000,1744947910167000000,0
workspaceModel.moduleManagerBridge.create.module.instance.ms,1744947850180000000,1744947910167000000,0
jps.load.project.to.empty.storage.ms,1744947850180000000,1744947910167000000,0
workspaceModel.mutableEntityStorage.mutable.vfurl.index.ms,1744947850180000000,1744947910167000000,0
workspaceModel.moduleBridge.update.option.ms,1744947850180000000,1744947910167000000,0
jps.app.storage.content.reader.load.component.ms,1744947850180000000,1744947910167000000,0
workspaceModel.mutableEntityStorage.apply.changes.from.ms,1744947850180000000,1744947910167000000,0
workspaceModel.orphan.listener.update.ms,1744947850180000000,1744947910167000000,0
workspaceModel.moduleManagerBridge.set.unloadedModules.ms,1744947850180000000,1744947910167000000,0
workspaceModel.mutableEntityStorage.changeLog.addReplaceEventForRemovedChild.ms,1744947850180000000,1744947910167000000,0
jps.global.get.libraries.ms,1744947850180000000,1744947910167000000,0
jps.load.initial.state.ms,1744947850180000000,1744947910167000000,0
jps.facet.change.listener.process.change.events.ms,1744947850180000000,1744947910167000000,0
jps.global.get.library.ms,1744947850180000000,1744947910167000000,0
jps.facet.change.listener.before.change.events.ms,1744947850180000000,1744947910167000000,0
workspaceModel.moduleBridge.facet.initialization.ms,1744947850180000000,1744947910167000000,0
jps.artifact.entities.serializer.load.entities.ms,1744947850180000000,1744947910167000000,0
jps.global.initialize.library.bridges.ms,1744947850180000000,1744947910167000000,0
workspaceModel.save.cache.to.file.ms,1744947850180000000,1744947910167000000,0
workspaceModel.mutableEntityStorage.collect.changes.ms,1744947850180000000,1744947910167000000,0
jps.module.iml.entities.serializer.save.entities.ms,1744947850180000000,1744947910167000000,0
jps.global.handle.changed.events.ms,1744947850180000000,1744947910167000000,0
workspaceModel.global.updates.ms,1744947850180000000,1744947910167000000,0
workspaceModel.mutableEntityStorage.referrers.ms,1744947850180000000,1744947910167000000,0
workspaceModel.mutableEntityStorage.changeLog.addReplaceEventForRemovedParent.ms,1744947850180000000,1744947910167000000,0
workspaceModel.moduleManagerBridge.newModule.ms,1744947850180000000,1744947910167000000,0
jps.project.serializers.load.ms,1744947850180000000,1744947910167000000,0
jps.module.iml.entities.serializer.load.entities.ms,1744947850180000000,1744947910167000000,0
workspaceModel.mutableEntityStorage.instances.count,1744947850180000000,1744947910167000000,0
workspaceModel.moduleManagerBridge.load.all.modules.ms,1744947850180000000,1744947910167000000,0
workspaceModel.moduleManagerBridge.new.nonPersistent.module.ms,1744947850180000000,1744947910167000000,0
workspaceModel.global.apply.state.to.project.builder.ms,1744947850180000000,1744947910167000000,0
workspaceModel.global.updates.count,1744947850180000000,1744947910167000000,0
jps.library.entities.serializer.save.entities.ms,1744947850180000000,1744947910167000000,0
workspaceModel.mutableEntityStorage.replace.by.source.ms,1744947850180000000,1744947910167000000,0
workspaceModel.mutableEntityStorage.remove.entity.ms,1744947850180000000,1744947910167000000,0
jps.global.initialize.library.bridges.after.loading.ms,1744947850180000000,1744947910167000000,0
workspaceModel.mutableEntityStorage.modify.entity.ms,1744947850180000000,1744947910167000000,0
workspaceModel.load.cache.metadata.from.file.ms,1744947850180000000,1744947910167000000,0
workspaceModel.mutableEntityStorage.has.same.entities.ms,1744947850180000000,1744947910167000000,0
workspaceModel.mutableEntityStorage.mutable.ext.mapping.ms,1744947850180000000,1744947910167000000,0
jps.reload.project.entities.ms,1744947850180000000,1744947910167000000,0
jps.apply.loaded.storage.ms,1744947850180000000,1744947910167000000,0
workspaceModel.delayed.project.synchronizer.sync.ms,1744947850180000000,1744947910167000000,0
workspaceModel.global.apply.state.to.project.ms,1744947850180000000,1744947910167000000,0
workspaceModel.sync.entities.ms,1744947850180000000,1744947910167000000,0
workspaceModel.mutableEntityStorage.to.snapshot.ms,1744947850180000000,1744947910167000000,0
jps.library.entities.serializer.load.entities.ms,1744947850180000000,1744947910167000000,0
jps.save.changed.project.entities.ms,1744947850180000000,1744947910167000000,0
IndexesFlusher.totalFlushesRetried,1744947850180000000,1744947910167000000,0
Indexing.writer_0.totalTimeSpentWritingMs,1744947850180000000,1744947910167000000,0
Indexing.writesQueuedMin,1744947850180000000,1744947910167000000,9223372036854775807
Indexing.cache.totalCacheAccesses,1744947850180000000,1744947910167000000,0
Indexes.entries.lookupDurationMaxMs,1744947850180000000,1744947910167000000,0.0
Indexes.stubs.lookupDurationMaxMs,1744947850180000000,1744947910167000000,0.0
Indexes.entries.lookupDuration90PMs,1744947850180000000,1744947910167000000,0.0
Indexes.allKeys.lookupDurationMaxMs,1744947850180000000,1744947910167000000,0.0
Indexing.writer_2.totalTimeSpentWritingMs,1744947850180000000,1744947910167000000,0
Indexes.stubs.lookupDuration90PMs,1744947850180000000,1744947910167000000,0.0
Indexes.stubs.lookupDurationAvgMs,1744947850180000000,1744947910167000000,0.0
Indexes.entries.lookups,1744947850180000000,1744947910167000000,0
Indexing.writer_1.totalTimeSpentWritingMs,1744947850180000000,1744947910167000000,0
Indexes.allKeys.lookupDurationAvgMs,1744947850180000000,1744947910167000000,0.0
Indexing.writesQueuedMax,1744947850180000000,1744947910167000000,0
Indexing.cache.totalCacheMisses,1744947850180000000,1744947910167000000,0
IndexesFlusher.totalFlushes,1744947850180000000,1744947910167000000,60
Indexes.stubs.lookups,1744947850180000000,1744947910167000000,0
Indexes.allKeys.lookupDuration90PMs,1744947850180000000,1744947910167000000,0.0
Indexing.cache.totalCacheEvicted,1744947850180000000,1744947910167000000,0
Indexes.allKeys.lookups,1744947850180000000,1744947910167000000,0
IndexesFlusher.totalFlushingTimeUs,1744947850180000000,1744947910167000000,85645
Indexing.writer_3.totalTimeSpentWritingMs,1744947850180000000,1744947910167000000,0
Indexing.totalTimeIndexersSleptMs,1744947850180000000,1744947910167000000,0
Indexes.entries.lookupDurationAvgMs,1744947850180000000,1744947910167000000,0.0
IndexesFlusher.totalContentionQuotaSpent,1744947850180000000,1744947910167000000,0
JVM.totalTimeAtSafepointsMs,1744947850180000000,1744947910167000000,0
JVM.usedNativeBytes,1744947850180000000,1744947910167000000,496292368
OS.loadAverage,1744947850180000000,1744947910167000000,1.87744140625
JVM.maxHeapBytes,1744947850180000000,1744947910167000000,2147483648
JVM.usedHeapBytes,1744947850180000000,1744947910167000000,671036960
JVM.GC.collectionTimesMs,1744947850180000000,1744947910167000000,0
JVM.totalDirectByteBuffersBytes,1744947850180000000,1744947910167000000,173900859
JVM.totalSafepointCount,1744947850180000000,1744947910167000000,3
JVM.totalTimeToSafepointsMs,1744947850180000000,1744947910167000000,0
JVM.maxThreadCount,1744947850180000000,1744947910167000000,132
JVM.totalCpuTimeMs,1744947850180000000,1744947910167000000,2100
JVM.threadCount,1744947850180000000,1744947910167000000,53
JVM.newThreadsCount,1744947850180000000,1744947910167000000,2
JVM.GC.collections,1744947850180000000,1744947910167000000,0
JVM.totalBytesAllocated,1744947850180000000,1744947910167000000,13927680
StreamlinedBlobStorage.recordsAllocated,1744947850180000000,1744947910167000000,0
FileChannelInterruptsRetryer.totalRetriedAttempts,1744947850180000000,1744947910167000000,0
FilePageCacheLockFree.totalBytesRequested,1744947850180000000,1744947910167000000,0
FilePageCacheLockFree.totalPagesRequested,1744947850180000000,1744947910167000000,0
FilePageCache.disposedBuffers,1744947850180000000,1744947910167000000,0
DirectByteBufferAllocator.misses,1744947850180000000,1744947910167000000,0
FilePageCacheLockFree.totalNativeBytesReclaimed,1744947850180000000,1744947910167000000,0
StreamlinedBlobStorage.recordsDeleted,1744947850180000000,1744947910167000000,0
FilePageCache.pageLoadsAboveSizeThreshold,1744947850180000000,1744947910167000000,0
FilePageCache.pageFastCacheHits,1744947850180000000,1744947910167000000,0
FilePageCacheLockFree.housekeeperTurnsSkipped,1744947850180000000,1744947910167000000,0
DirectByteBufferAllocator.totalSizeOfBuffersCachedInBytes,1744947850180000000,1744947910167000000,0
MappedFileStorage.storages,1744947850180000000,1744947910167000000,16
FilePageCache.uncachedFileAccess,1744947850180000000,1744947910167000000,0
MappedFileStorage.totalPagesMapped,1744947850180000000,1744947910167000000,16
FilePageCacheLockFree.totalPagesReclaimed,1744947850180000000,1744947910167000000,0
FilePageCacheLockFree.totalPagesRequestsMs,1744947850180000000,1744947910167000000,0
DirectByteBufferAllocator.reclaimed,1744947850180000000,1744947910167000000,0
FilePageCache.capacityInBytes,1744947850180000000,1744947910167000000,503316478
StorageLockContext.competingThreads.avg,1744947850180000000,1744947910167000000,0.0
FilePageCache.totalPageLoadsUs,1744947850180000000,1744947910167000000,0
MappedFileStorage.totalTimeSpentOnMappingUs,1744947850180000000,1744947910167000000,41443
StorageLockContext.competingThreads.90P,1744947850180000000,1744947910167000000,0
FilePageCacheLockFree.totalBytesWritten,1744947850180000000,1744947910167000000,0
StreamlinedBlobStorage.totalLiveRecordsCapacityBytes,1744947850180000000,1744947910167000000,0
FilePageCache.pageHits,1744947850180000000,1744947910167000000,0
FilePageCacheLockFree.totalPagesHandedOver,1744947850180000000,1744947910167000000,0
FilePageCacheLockFree.totalPagesWritten,1744947850180000000,1744947910167000000,0
FilePageCacheLockFree.totalClosedStoragesReclaimed,1744947850180000000,1744947910167000000,0
FilePageCacheLockFree.totalPagesWriteMs,1744947850180000000,1744947910167000000,0
FilePageCacheLockFree.totalPageAllocationsWaited,1744947850180000000,1744947910167000000,0
FilePageCacheLockFree.nativeBytesInUse,1744947850180000000,1744947910167000000,0
MappedFileStorage.totalBytesMapped,1744947850180000000,1744947910167000000,202637312
DirectByteBufferAllocator.totalSizeOfBuffersAllocatedInBytes,1744947850180000000,1744947910167000000,173154304
StreamlinedBlobStorage.recordsRelocated,1744947850180000000,1744947910167000000,0
StreamlinedBlobStorage.totalLiveRecordsPayloadBytes,1744947850180000000,1744947910167000000,0
FilePageCacheLockFree.totalBytesRead,1744947850180000000,1744947910167000000,0
FilePageCache.totalPageDisposalsUs,1744947850180000000,1744947910167000000,0
FilePageCache.maxRegisteredFiles,1744947850180000000,1744947910167000000,261
DirectByteBufferAllocator.disposed,1744947850180000000,1744947910167000000,0
FilePageCache.pageLoads,1744947850180000000,1744947910167000000,0
FilePageCacheLockFree.totalPagesAllocated,1744947850180000000,1744947910167000000,0
FilePageCacheLockFree.totalHeapBytesReclaimed,1744947850180000000,1744947910167000000,0
FilePageCacheLockFree.heapBytesInUse,1744947850180000000,1744947910167000000,0
FilePageCache.maxCacheSizeInBytes,1744947850180000000,1744947910167000000,173154304
DirectByteBufferAllocator.hits,1744947850180000000,1744947910167000000,0
FilePageCacheLockFree.totalNativeBytesAllocated,1744947850180000000,1744947910167000000,0
FilePageCacheLockFree.totalHeapBytesAllocated,1744947850180000000,1744947910167000000,0
StorageLockContext.competingThreads.max,1744947850180000000,1744947910167000000,0
FilePageCacheLockFree.housekeeperTimeSpentMs,1744947850180000000,1744947910167000000,0
FilePageCacheLockFree.housekeeperTurnsDone,1744947850180000000,1744947910167000000,0
FilePageCacheLockFree.totalPagesReadMs,1744947850180000000,1744947910167000000,0
VFS.invertedFileNameIndex.requests,1744947910167000000,1744947970176000000,0
VFS.contentStorage.recordsDecompressionTimeUs,1744947910167000000,1744947970176000000,0
VFS.contentStorage.recordsUncompressedSize,1744947910167000000,1744947970176000000,0
VFS.fileChildByName,1744947910167000000,1744947970176000000,0
FileNameCache.queries,1744947910167000000,1744947970176000000,0
VFS.contentStorage.recordsRead,1744947910167000000,1744947970176000000,0
VFS.contentStorage.recordsStoredCompressed,1744947910167000000,1744947970176000000,0
VFS.fileByIdCache.hits,1744947910167000000,1744947970176000000,0
VFS.contentStorage.recordsReadDecompressed,1744947910167000000,1744947970176000000,0
VFS.contentStorage.recordsReadSize,1744947910167000000,1744947970176000000,0
VFS.contentStorage.recordsStored,1744947910167000000,1744947970176000000,0
VFS.contentStorage.recordsDeduplicated,1744947910167000000,1744947970176000000,0
FileNameCache.totalMisses,1744947910167000000,1744947970176000000,0
VFS.fileByIdCache.misses,1744947910167000000,1744947970176000000,0
VFS.contentStorage.recordsStoredSize,1744947910167000000,1744947970176000000,0
DiskQueryRelay.taskWaitingTotalTimeUs,1744947910167000000,1744947970176000000,0
writeAction.median.wait.ms,1744947910167000000,1744947970176000000,200
DiskQueryRelay.taskExecutionTotalTimeUs,1744947910167000000,1744947970176000000,0
DiskQueryRelay.tasksExecuted,1744947910167000000,1744947970176000000,0
writeAction.max.wait.ms,1744947910167000000,1744947970176000000,96
DiskQueryRelay.tasksRequested,1744947910167000000,1744947970176000000,0
writeAction.count,1744947910167000000,1744947970176000000,0
writeAction.wait.ms,1744947910167000000,1744947970176000000,0
cacheStateStorage.set.counter,1744947910167000000,1744947970176000000,0
cacheStateStorage.set.duration,1744947910167000000,1744947970176000000,0
cacheStateStorage.get.duration,1744947910167000000,1744947970176000000,0
cacheStateStorage.get.counter,1744947910167000000,1744947970176000000,0
workspaceModel.cachedValueWithParameters.from.cache.count,1744947910167000000,1744947970176000000,0
workspaceModel.update.unloaded.entities.ms,1744947910167000000,1744947970176000000,0
workspaceModel.cachedValueWithParameters.clear.count,1744947910167000000,1744947970176000000,0
workspaceModel.cachedValue.clear.count,1744947910167000000,1744947970176000000,0
workspaceModel.workspaceFileIndexData.visitFileSets.ms,1744947910167000000,1744947970176000000,0
workspaceModel.cachedValue.from.cache.count,1744947910167000000,1744947970176000000,0
workspaceModel.workspaceFileIndexContributor.registerFileSets.ms,1744947910167000000,1744947970176000000,0
workspaceModel.workspaceFileIndexData.init.ms,1744947910167000000,1744947970176000000,0
workspaceModel.pre.handlers.ms,1744947910167000000,1744947970176000000,0
workspaceModel.on.before.changed.ms,1744947910167000000,1744947970176000000,0
workspaceModel.updates.precise.ms,1744947910167000000,1744947970176000000,0
workspaceModel.entityStorageSnapshotImpl.instances.count,1744947910167000000,1744947970176000000,0
workspaceModel.check.recursive.update.ms,1744947910167000000,1744947970176000000,0
workspaceModel.loading.total.ms,1744947910167000000,1744947970176000000,0
workspaceModel.initializing.ms,1744947910167000000,1744947970176000000,0
workspaceModel.cachedValue.calculated.count,1744947910167000000,1744947970176000000,0
workspaceModel.on.changed.ms,1744947910167000000,1744947970176000000,0
workspaceModel.workspaceFileIndexData.processFileSets.ms,1744947910167000000,1744947970176000000,0
workspaceModel.workspaceFileIndexData.getFileInfo.ms,1744947910167000000,1744947970176000000,0
workspaceModel.full.replace.project.model.ms,1744947910167000000,1744947970176000000,0
workspaceModel.cachedValueWithParameters.total.get.count,1744947910167000000,1744947970176000000,0
workspaceModel.workspaceFileIndexData.getDirectoriesByPackageName.ms,1744947910167000000,1744947970176000000,0
workspaceModel.workspaceFileIndexData.updateDirtyEntities.ms,1744947910167000000,1744947970176000000,0
workspaceModel.replace.project.model.ms,1744947910167000000,1744947970176000000,0
workspaceModel.updates.count,1744947910167000000,1744947970176000000,0
workspaceModel.loading.from.cache.ms,1744947910167000000,1744947970176000000,0
workspaceModel.cachedValueWithParameters.calculated.count,1744947910167000000,1744947970176000000,0
workspaceModel.workspaceFileIndexData.instances.count,1744947910167000000,1744947970176000000,0
workspaceModel.workspaceFileIndexData.onEntitiesChanged.ms,1744947910167000000,1744947970176000000,0
workspaceModel.to.snapshot.ms,1744947910167000000,1744947970176000000,0
workspaceModel.workspaceFileIndexData.getPackageName.ms,1744947910167000000,1744947970176000000,0
workspaceModel.collect.changes.ms,1744947910167000000,1744947970176000000,0
workspaceModel.init.bridges.ms,1744947910167000000,1744947970176000000,0
workspaceModel.workspaceFileIndexData.markDirty.ms,1744947910167000000,1744947970176000000,0
workspaceModel.cachedValue.total.get.count,1744947910167000000,1744947970176000000,0
workspaceModel.updates.ms,1744947910167000000,1744947970176000000,0
NonBlockingReadAction.finalizedExecutionTimeUs,1744947910167000000,1744947970176000000,0
FlushQueue.queueSizeAvg,1744947910167000000,1744947970176000000,0.0
NonBlockingReadAction.failedExecutionTimeUs,1744947910167000000,1744947970176000000,0
NonBlockingReadAction.finalizedExecutionsCount,1744947910167000000,1744947970176000000,0
AWTEventQueue.dispatchTimeTotalNS,1744947910167000000,1744947970176000000,28845608
FlushQueue.queueSizeMax,1744947910167000000,1744947970176000000,0
AWTEventQueue.eventsDispatched,1744947910167000000,1744947970176000000,0
FlushQueue.waitingTimeMaxNs,1744947910167000000,1744947970176000000,0
FlushQueue.queueSize90P,1744947910167000000,1744947970176000000,0
FlushQueue.waitingTimeAvgNs,1744947910167000000,1744947970176000000,0.0
FlushQueue.executionTimeAvgNs,1744947910167000000,1744947970176000000,0.0
FlushQueue.executionTimeMaxNs,1744947910167000000,1744947970176000000,0
AWTEventQueue.dispatchTimeAvgNs,1744947910167000000,1744947970176000000,0.0
ReadAction.executionsCount,1744947910167000000,1744947970176000000,0
NonBlockingReadAction.failedExecutionsCount,1744947910167000000,1744947970176000000,0
FlushQueue.executionTime90PNs,1744947910167000000,1744947970176000000,0
AWTEventQueue.dispatchTime90PNs,1744947910167000000,1744947970176000000,0
FlushQueue.tasksExecuted,1744947910167000000,1744947970176000000,0
WriteAction.executionsCount,1744947910167000000,1744947970176000000,0
AWTEventQueue.dispatchTimeMaxNs,1744947910167000000,1744947970176000000,0
FlushQueue.waitingTime90PNs,1744947910167000000,1744947970176000000,0
workspaceModel.do.save.caches.ms,1744947910167000000,1744947970176000000,0
workspaceModel.moduleManagerBridge.load.module.ms,1744947910167000000,1744947970176000000,0
workspaceModel.mutableEntityStorage.put.entity.ms,1744947910167000000,1744947970176000000,0
workspaceModel.load.cache.from.file.ms,1744947910167000000,1744947970176000000,0
jps.global.get.library.by.name.ms,1744947910167000000,1744947970176000000,0
workspaceModel.mutableEntityStorage.add.entity.ms,1744947910167000000,1744947970176000000,0
workspaceModel.mutableEntityStorage.entities.by.source.ms,1744947910167000000,1744947970176000000,0
jps.global.handle.before.change.events.ms,1744947910167000000,1744947970176000000,0
jps.artifact.entities.serializer.save.entities.ms,1744947910167000000,1744947970176000000,0
jps.module.dependency.index.workspace.model.listener.on.changed.ms,1744947910167000000,1744947970176000000,0
workspaceModel.moduleBridge.before.changed.ms,1744947910167000000,1744947970176000000,0
workspaceModel.moduleManagerBridge.build.module.graph.ms,1744947910167000000,1744947970176000000,0
jps.project.serializers.save.ms,1744947910167000000,1744947970176000000,0
workspaceModel.mutableEntityStorage.changeLog.addReplaceEventForNewParent.ms,1744947910167000000,1744947970176000000,0
jps.app.storage.content.writer.save.component.ms,1744947910167000000,1744947970176000000,0
workspaceModel.mutableEntityStorage.resolve.ms,1744947910167000000,1744947970176000000,0
jps.save.global.entities.ms,1744947910167000000,1744947970176000000,0
workspaceModel.moduleManagerBridge.get.modules.ms,1744947910167000000,1744947970176000000,0
workspaceModel.moduleBridgeLoader.loading.modules.ms,1744947910167000000,1744947970176000000,0
jps.storage.jps.conf.reader.load.component.ms,1744947910167000000,1744947970176000000,0
workspaceModel.mutableEntityStorage.entities.ms,1744947910167000000,1744947970176000000,0
jps.facet.change.listener.init.bridge.ms,1744947910167000000,1744947970176000000,0
workspaceModel.mutableEntityStorage.changeLog.addReplaceEventForNewChild.ms,1744947910167000000,1744947970176000000,0
workspaceModel.moduleManagerBridge.create.module.instance.ms,1744947910167000000,1744947970176000000,0
jps.load.project.to.empty.storage.ms,1744947910167000000,1744947970176000000,0
workspaceModel.mutableEntityStorage.mutable.vfurl.index.ms,1744947910167000000,1744947970176000000,0
workspaceModel.moduleBridge.update.option.ms,1744947910167000000,1744947970176000000,0
jps.app.storage.content.reader.load.component.ms,1744947910167000000,1744947970176000000,0
workspaceModel.mutableEntityStorage.apply.changes.from.ms,1744947910167000000,1744947970176000000,0
workspaceModel.orphan.listener.update.ms,1744947910167000000,1744947970176000000,0
workspaceModel.moduleManagerBridge.set.unloadedModules.ms,1744947910167000000,1744947970176000000,0
workspaceModel.mutableEntityStorage.changeLog.addReplaceEventForRemovedChild.ms,1744947910167000000,1744947970176000000,0
jps.global.get.libraries.ms,1744947910167000000,1744947970176000000,0
jps.load.initial.state.ms,1744947910167000000,1744947970176000000,0
jps.facet.change.listener.process.change.events.ms,1744947910167000000,1744947970176000000,0
jps.global.get.library.ms,1744947910167000000,1744947970176000000,0
jps.facet.change.listener.before.change.events.ms,1744947910167000000,1744947970176000000,0
workspaceModel.moduleBridge.facet.initialization.ms,1744947910167000000,1744947970176000000,0
jps.artifact.entities.serializer.load.entities.ms,1744947910167000000,1744947970176000000,0
jps.global.initialize.library.bridges.ms,1744947910167000000,1744947970176000000,0
workspaceModel.save.cache.to.file.ms,1744947910167000000,1744947970176000000,0
workspaceModel.mutableEntityStorage.collect.changes.ms,1744947910167000000,1744947970176000000,0
jps.module.iml.entities.serializer.save.entities.ms,1744947910167000000,1744947970176000000,0
jps.global.handle.changed.events.ms,1744947910167000000,1744947970176000000,0
workspaceModel.global.updates.ms,1744947910167000000,1744947970176000000,0
workspaceModel.mutableEntityStorage.referrers.ms,1744947910167000000,1744947970176000000,0
workspaceModel.mutableEntityStorage.changeLog.addReplaceEventForRemovedParent.ms,1744947910167000000,1744947970176000000,0
workspaceModel.moduleManagerBridge.newModule.ms,1744947910167000000,1744947970176000000,0
jps.project.serializers.load.ms,1744947910167000000,1744947970176000000,0
jps.module.iml.entities.serializer.load.entities.ms,1744947910167000000,1744947970176000000,0
workspaceModel.mutableEntityStorage.instances.count,1744947910167000000,1744947970176000000,0
workspaceModel.moduleManagerBridge.load.all.modules.ms,1744947910167000000,1744947970176000000,0
workspaceModel.moduleManagerBridge.new.nonPersistent.module.ms,1744947910167000000,1744947970176000000,0
workspaceModel.global.apply.state.to.project.builder.ms,1744947910167000000,1744947970176000000,0
workspaceModel.global.updates.count,1744947910167000000,1744947970176000000,0
jps.library.entities.serializer.save.entities.ms,1744947910167000000,1744947970176000000,0
workspaceModel.mutableEntityStorage.replace.by.source.ms,1744947910167000000,1744947970176000000,0
workspaceModel.mutableEntityStorage.remove.entity.ms,1744947910167000000,1744947970176000000,0
jps.global.initialize.library.bridges.after.loading.ms,1744947910167000000,1744947970176000000,0
workspaceModel.mutableEntityStorage.modify.entity.ms,1744947910167000000,1744947970176000000,0
workspaceModel.load.cache.metadata.from.file.ms,1744947910167000000,1744947970176000000,0
workspaceModel.mutableEntityStorage.has.same.entities.ms,1744947910167000000,1744947970176000000,0
workspaceModel.mutableEntityStorage.mutable.ext.mapping.ms,1744947910167000000,1744947970176000000,0
jps.reload.project.entities.ms,1744947910167000000,1744947970176000000,0
jps.apply.loaded.storage.ms,1744947910167000000,1744947970176000000,0
workspaceModel.delayed.project.synchronizer.sync.ms,1744947910167000000,1744947970176000000,0
workspaceModel.global.apply.state.to.project.ms,1744947910167000000,1744947970176000000,0
workspaceModel.sync.entities.ms,1744947910167000000,1744947970176000000,0
workspaceModel.mutableEntityStorage.to.snapshot.ms,1744947910167000000,1744947970176000000,0
jps.library.entities.serializer.load.entities.ms,1744947910167000000,1744947970176000000,0
jps.save.changed.project.entities.ms,1744947910167000000,1744947970176000000,0
IndexesFlusher.totalFlushesRetried,1744947910167000000,1744947970176000000,0
Indexing.writer_0.totalTimeSpentWritingMs,1744947910167000000,1744947970176000000,0
Indexing.writesQueuedMin,1744947910167000000,1744947970176000000,9223372036854775807
Indexing.cache.totalCacheAccesses,1744947910167000000,1744947970176000000,0
Indexes.entries.lookupDurationMaxMs,1744947910167000000,1744947970176000000,0.0
Indexes.stubs.lookupDurationMaxMs,1744947910167000000,1744947970176000000,0.0
Indexes.entries.lookupDuration90PMs,1744947910167000000,1744947970176000000,0.0
Indexes.allKeys.lookupDurationMaxMs,1744947910167000000,1744947970176000000,0.0
Indexing.writer_2.totalTimeSpentWritingMs,1744947910167000000,1744947970176000000,0
Indexes.stubs.lookupDuration90PMs,1744947910167000000,1744947970176000000,0.0
Indexes.stubs.lookupDurationAvgMs,1744947910167000000,1744947970176000000,0.0
Indexes.entries.lookups,1744947910167000000,1744947970176000000,0
Indexing.writer_1.totalTimeSpentWritingMs,1744947910167000000,1744947970176000000,0
Indexes.allKeys.lookupDurationAvgMs,1744947910167000000,1744947970176000000,0.0
Indexing.writesQueuedMax,1744947910167000000,1744947970176000000,0
Indexing.cache.totalCacheMisses,1744947910167000000,1744947970176000000,0
IndexesFlusher.totalFlushes,1744947910167000000,1744947970176000000,60
Indexes.stubs.lookups,1744947910167000000,1744947970176000000,0
Indexes.allKeys.lookupDuration90PMs,1744947910167000000,1744947970176000000,0.0
Indexing.cache.totalCacheEvicted,1744947910167000000,1744947970176000000,0
Indexes.allKeys.lookups,1744947910167000000,1744947970176000000,0
IndexesFlusher.totalFlushingTimeUs,1744947910167000000,1744947970176000000,82173
Indexing.writer_3.totalTimeSpentWritingMs,1744947910167000000,1744947970176000000,0
Indexing.totalTimeIndexersSleptMs,1744947910167000000,1744947970176000000,0
Indexes.entries.lookupDurationAvgMs,1744947910167000000,1744947970176000000,0.0
IndexesFlusher.totalContentionQuotaSpent,1744947910167000000,1744947970176000000,0
JVM.totalTimeAtSafepointsMs,1744947910167000000,1744947970176000000,1
JVM.usedNativeBytes,1744947910167000000,1744947970176000000,496510848
OS.loadAverage,1744947910167000000,1744947970176000000,1.12841796875
JVM.maxHeapBytes,1744947910167000000,1744947970176000000,2147483648
JVM.usedHeapBytes,1744947910167000000,1744947970176000000,681522720
JVM.GC.collectionTimesMs,1744947910167000000,1744947970176000000,0
JVM.totalDirectByteBuffersBytes,1744947910167000000,1744947970176000000,173823150
JVM.totalSafepointCount,1744947910167000000,1744947970176000000,6
JVM.totalTimeToSafepointsMs,1744947910167000000,1744947970176000000,0
JVM.maxThreadCount,1744947910167000000,1744947970176000000,132
JVM.totalCpuTimeMs,1744947910167000000,1744947970176000000,2230
JVM.threadCount,1744947910167000000,1744947970176000000,47
JVM.newThreadsCount,1744947910167000000,1744947970176000000,0
JVM.GC.collections,1744947910167000000,1744947970176000000,0
JVM.totalBytesAllocated,1744947910167000000,1744947970176000000,8214888
StreamlinedBlobStorage.recordsAllocated,1744947910167000000,1744947970176000000,0
FileChannelInterruptsRetryer.totalRetriedAttempts,1744947910167000000,1744947970176000000,0
FilePageCacheLockFree.totalBytesRequested,1744947910167000000,1744947970176000000,0
FilePageCacheLockFree.totalPagesRequested,1744947910167000000,1744947970176000000,0
FilePageCache.disposedBuffers,1744947910167000000,1744947970176000000,0
DirectByteBufferAllocator.misses,1744947910167000000,1744947970176000000,0
FilePageCacheLockFree.totalNativeBytesReclaimed,1744947910167000000,1744947970176000000,0
StreamlinedBlobStorage.recordsDeleted,1744947910167000000,1744947970176000000,0
FilePageCache.pageLoadsAboveSizeThreshold,1744947910167000000,1744947970176000000,0
FilePageCache.pageFastCacheHits,1744947910167000000,1744947970176000000,0
FilePageCacheLockFree.housekeeperTurnsSkipped,1744947910167000000,1744947970176000000,0
DirectByteBufferAllocator.totalSizeOfBuffersCachedInBytes,1744947910167000000,1744947970176000000,0
MappedFileStorage.storages,1744947910167000000,1744947970176000000,16
FilePageCache.uncachedFileAccess,1744947910167000000,1744947970176000000,0
MappedFileStorage.totalPagesMapped,1744947910167000000,1744947970176000000,16
FilePageCacheLockFree.totalPagesReclaimed,1744947910167000000,1744947970176000000,0
FilePageCacheLockFree.totalPagesRequestsMs,1744947910167000000,1744947970176000000,0
DirectByteBufferAllocator.reclaimed,1744947910167000000,1744947970176000000,0
FilePageCache.capacityInBytes,1744947910167000000,1744947970176000000,503316478
StorageLockContext.competingThreads.avg,1744947910167000000,1744947970176000000,0.0
FilePageCache.totalPageLoadsUs,1744947910167000000,1744947970176000000,0
MappedFileStorage.totalTimeSpentOnMappingUs,1744947910167000000,1744947970176000000,41443
StorageLockContext.competingThreads.90P,1744947910167000000,1744947970176000000,0
FilePageCacheLockFree.totalBytesWritten,1744947910167000000,1744947970176000000,0
StreamlinedBlobStorage.totalLiveRecordsCapacityBytes,1744947910167000000,1744947970176000000,0
FilePageCache.pageHits,1744947910167000000,1744947970176000000,0
FilePageCacheLockFree.totalPagesHandedOver,1744947910167000000,1744947970176000000,0
FilePageCacheLockFree.totalPagesWritten,1744947910167000000,1744947970176000000,0
FilePageCacheLockFree.totalClosedStoragesReclaimed,1744947910167000000,1744947970176000000,0
FilePageCacheLockFree.totalPagesWriteMs,1744947910167000000,1744947970176000000,0
FilePageCacheLockFree.totalPageAllocationsWaited,1744947910167000000,1744947970176000000,0
FilePageCacheLockFree.nativeBytesInUse,1744947910167000000,1744947970176000000,0
MappedFileStorage.totalBytesMapped,1744947910167000000,1744947970176000000,202637312
DirectByteBufferAllocator.totalSizeOfBuffersAllocatedInBytes,1744947910167000000,1744947970176000000,173154304
StreamlinedBlobStorage.recordsRelocated,1744947910167000000,1744947970176000000,0
StreamlinedBlobStorage.totalLiveRecordsPayloadBytes,1744947910167000000,1744947970176000000,0
FilePageCacheLockFree.totalBytesRead,1744947910167000000,1744947970176000000,0
FilePageCache.totalPageDisposalsUs,1744947910167000000,1744947970176000000,0
FilePageCache.maxRegisteredFiles,1744947910167000000,1744947970176000000,261
DirectByteBufferAllocator.disposed,1744947910167000000,1744947970176000000,0
FilePageCache.pageLoads,1744947910167000000,1744947970176000000,0
FilePageCacheLockFree.totalPagesAllocated,1744947910167000000,1744947970176000000,0
FilePageCacheLockFree.totalHeapBytesReclaimed,1744947910167000000,1744947970176000000,0
FilePageCacheLockFree.heapBytesInUse,1744947910167000000,1744947970176000000,0
FilePageCache.maxCacheSizeInBytes,1744947910167000000,1744947970176000000,173154304
DirectByteBufferAllocator.hits,1744947910167000000,1744947970176000000,0
FilePageCacheLockFree.totalNativeBytesAllocated,1744947910167000000,1744947970176000000,0
FilePageCacheLockFree.totalHeapBytesAllocated,1744947910167000000,1744947970176000000,0
StorageLockContext.competingThreads.max,1744947910167000000,1744947970176000000,0
FilePageCacheLockFree.housekeeperTimeSpentMs,1744947910167000000,1744947970176000000,0
FilePageCacheLockFree.housekeeperTurnsDone,1744947910167000000,1744947970176000000,0
FilePageCacheLockFree.totalPagesReadMs,1744947910167000000,1744947970176000000,0
VFS.invertedFileNameIndex.requests,1744947970176000000,1744948030168000000,0
VFS.contentStorage.recordsDecompressionTimeUs,1744947970176000000,1744948030168000000,0
VFS.contentStorage.recordsUncompressedSize,1744947970176000000,1744948030168000000,0
VFS.fileChildByName,1744947970176000000,1744948030168000000,0
FileNameCache.queries,1744947970176000000,1744948030168000000,0
VFS.contentStorage.recordsRead,1744947970176000000,1744948030168000000,0
VFS.contentStorage.recordsStoredCompressed,1744947970176000000,1744948030168000000,0
VFS.fileByIdCache.hits,1744947970176000000,1744948030168000000,0
VFS.contentStorage.recordsReadDecompressed,1744947970176000000,1744948030168000000,0
VFS.contentStorage.recordsReadSize,1744947970176000000,1744948030168000000,0
VFS.contentStorage.recordsStored,1744947970176000000,1744948030168000000,0
VFS.contentStorage.recordsDeduplicated,1744947970176000000,1744948030168000000,0
FileNameCache.totalMisses,1744947970176000000,1744948030168000000,0
VFS.fileByIdCache.misses,1744947970176000000,1744948030168000000,0
VFS.contentStorage.recordsStoredSize,1744947970176000000,1744948030168000000,0
DiskQueryRelay.taskWaitingTotalTimeUs,1744947970176000000,1744948030168000000,0
writeAction.median.wait.ms,1744947970176000000,1744948030168000000,200
DiskQueryRelay.taskExecutionTotalTimeUs,1744947970176000000,1744948030168000000,0
DiskQueryRelay.tasksExecuted,1744947970176000000,1744948030168000000,0
writeAction.max.wait.ms,1744947970176000000,1744948030168000000,96
DiskQueryRelay.tasksRequested,1744947970176000000,1744948030168000000,0
writeAction.count,1744947970176000000,1744948030168000000,0
writeAction.wait.ms,1744947970176000000,1744948030168000000,0
cacheStateStorage.set.counter,1744947970176000000,1744948030168000000,0
cacheStateStorage.set.duration,1744947970176000000,1744948030168000000,0
cacheStateStorage.get.duration,1744947970176000000,1744948030168000000,0
cacheStateStorage.get.counter,1744947970176000000,1744948030168000000,0
workspaceModel.cachedValueWithParameters.from.cache.count,1744947970176000000,1744948030168000000,0
workspaceModel.update.unloaded.entities.ms,1744947970176000000,1744948030168000000,0
workspaceModel.cachedValueWithParameters.clear.count,1744947970176000000,1744948030168000000,0
workspaceModel.cachedValue.clear.count,1744947970176000000,1744948030168000000,0
workspaceModel.workspaceFileIndexData.visitFileSets.ms,1744947970176000000,1744948030168000000,0
workspaceModel.cachedValue.from.cache.count,1744947970176000000,1744948030168000000,0
workspaceModel.workspaceFileIndexContributor.registerFileSets.ms,1744947970176000000,1744948030168000000,0
workspaceModel.workspaceFileIndexData.init.ms,1744947970176000000,1744948030168000000,0
workspaceModel.pre.handlers.ms,1744947970176000000,1744948030168000000,0
workspaceModel.on.before.changed.ms,1744947970176000000,1744948030168000000,0
workspaceModel.updates.precise.ms,1744947970176000000,1744948030168000000,0
workspaceModel.entityStorageSnapshotImpl.instances.count,1744947970176000000,1744948030168000000,0
workspaceModel.check.recursive.update.ms,1744947970176000000,1744948030168000000,0
workspaceModel.loading.total.ms,1744947970176000000,1744948030168000000,0
workspaceModel.initializing.ms,1744947970176000000,1744948030168000000,0
workspaceModel.cachedValue.calculated.count,1744947970176000000,1744948030168000000,0
workspaceModel.on.changed.ms,1744947970176000000,1744948030168000000,0
workspaceModel.workspaceFileIndexData.processFileSets.ms,1744947970176000000,1744948030168000000,0
workspaceModel.workspaceFileIndexData.getFileInfo.ms,1744947970176000000,1744948030168000000,0
workspaceModel.full.replace.project.model.ms,1744947970176000000,1744948030168000000,0
workspaceModel.cachedValueWithParameters.total.get.count,1744947970176000000,1744948030168000000,0
workspaceModel.workspaceFileIndexData.getDirectoriesByPackageName.ms,1744947970176000000,1744948030168000000,0
workspaceModel.workspaceFileIndexData.updateDirtyEntities.ms,1744947970176000000,1744948030168000000,0
workspaceModel.replace.project.model.ms,1744947970176000000,1744948030168000000,0
workspaceModel.updates.count,1744947970176000000,1744948030168000000,0
workspaceModel.loading.from.cache.ms,1744947970176000000,1744948030168000000,0
workspaceModel.cachedValueWithParameters.calculated.count,1744947970176000000,1744948030168000000,0
workspaceModel.workspaceFileIndexData.instances.count,1744947970176000000,1744948030168000000,0
workspaceModel.workspaceFileIndexData.onEntitiesChanged.ms,1744947970176000000,1744948030168000000,0
workspaceModel.to.snapshot.ms,1744947970176000000,1744948030168000000,0
workspaceModel.workspaceFileIndexData.getPackageName.ms,1744947970176000000,1744948030168000000,0
workspaceModel.collect.changes.ms,1744947970176000000,1744948030168000000,0
workspaceModel.init.bridges.ms,1744947970176000000,1744948030168000000,0
workspaceModel.workspaceFileIndexData.markDirty.ms,1744947970176000000,1744948030168000000,0
workspaceModel.cachedValue.total.get.count,1744947970176000000,1744948030168000000,0
workspaceModel.updates.ms,1744947970176000000,1744948030168000000,0
NonBlockingReadAction.finalizedExecutionTimeUs,1744947970176000000,1744948030168000000,0
FlushQueue.queueSizeAvg,1744947970176000000,1744948030168000000,0.0
NonBlockingReadAction.failedExecutionTimeUs,1744947970176000000,1744948030168000000,0
NonBlockingReadAction.finalizedExecutionsCount,1744947970176000000,1744948030168000000,0
AWTEventQueue.dispatchTimeTotalNS,1744947970176000000,1744948030168000000,30979527
FlushQueue.queueSizeMax,1744947970176000000,1744948030168000000,0
AWTEventQueue.eventsDispatched,1744947970176000000,1744948030168000000,0
FlushQueue.waitingTimeMaxNs,1744947970176000000,1744948030168000000,0
FlushQueue.queueSize90P,1744947970176000000,1744948030168000000,0
FlushQueue.waitingTimeAvgNs,1744947970176000000,1744948030168000000,0.0
FlushQueue.executionTimeAvgNs,1744947970176000000,1744948030168000000,0.0
FlushQueue.executionTimeMaxNs,1744947970176000000,1744948030168000000,0
AWTEventQueue.dispatchTimeAvgNs,1744947970176000000,1744948030168000000,0.0
ReadAction.executionsCount,1744947970176000000,1744948030168000000,0
NonBlockingReadAction.failedExecutionsCount,1744947970176000000,1744948030168000000,0
FlushQueue.executionTime90PNs,1744947970176000000,1744948030168000000,0
AWTEventQueue.dispatchTime90PNs,1744947970176000000,1744948030168000000,0
FlushQueue.tasksExecuted,1744947970176000000,1744948030168000000,0
WriteAction.executionsCount,1744947970176000000,1744948030168000000,0
AWTEventQueue.dispatchTimeMaxNs,1744947970176000000,1744948030168000000,0
FlushQueue.waitingTime90PNs,1744947970176000000,1744948030168000000,0
workspaceModel.do.save.caches.ms,1744947970176000000,1744948030168000000,0
workspaceModel.moduleManagerBridge.load.module.ms,1744947970176000000,1744948030168000000,0
workspaceModel.mutableEntityStorage.put.entity.ms,1744947970176000000,1744948030168000000,0
workspaceModel.load.cache.from.file.ms,1744947970176000000,1744948030168000000,0
jps.global.get.library.by.name.ms,1744947970176000000,1744948030168000000,0
workspaceModel.mutableEntityStorage.add.entity.ms,1744947970176000000,1744948030168000000,0
workspaceModel.mutableEntityStorage.entities.by.source.ms,1744947970176000000,1744948030168000000,0
jps.global.handle.before.change.events.ms,1744947970176000000,1744948030168000000,0
jps.artifact.entities.serializer.save.entities.ms,1744947970176000000,1744948030168000000,0
jps.module.dependency.index.workspace.model.listener.on.changed.ms,1744947970176000000,1744948030168000000,0
workspaceModel.moduleBridge.before.changed.ms,1744947970176000000,1744948030168000000,0
workspaceModel.moduleManagerBridge.build.module.graph.ms,1744947970176000000,1744948030168000000,0
jps.project.serializers.save.ms,1744947970176000000,1744948030168000000,0
workspaceModel.mutableEntityStorage.changeLog.addReplaceEventForNewParent.ms,1744947970176000000,1744948030168000000,0
jps.app.storage.content.writer.save.component.ms,1744947970176000000,1744948030168000000,0
workspaceModel.mutableEntityStorage.resolve.ms,1744947970176000000,1744948030168000000,0
jps.save.global.entities.ms,1744947970176000000,1744948030168000000,0
workspaceModel.moduleManagerBridge.get.modules.ms,1744947970176000000,1744948030168000000,0
workspaceModel.moduleBridgeLoader.loading.modules.ms,1744947970176000000,1744948030168000000,0
jps.storage.jps.conf.reader.load.component.ms,1744947970176000000,1744948030168000000,0
workspaceModel.mutableEntityStorage.entities.ms,1744947970176000000,1744948030168000000,0
jps.facet.change.listener.init.bridge.ms,1744947970176000000,1744948030168000000,0
workspaceModel.mutableEntityStorage.changeLog.addReplaceEventForNewChild.ms,1744947970176000000,1744948030168000000,0
workspaceModel.moduleManagerBridge.create.module.instance.ms,1744947970176000000,1744948030168000000,0
jps.load.project.to.empty.storage.ms,1744947970176000000,1744948030168000000,0
workspaceModel.mutableEntityStorage.mutable.vfurl.index.ms,1744947970176000000,1744948030168000000,0
workspaceModel.moduleBridge.update.option.ms,1744947970176000000,1744948030168000000,0
jps.app.storage.content.reader.load.component.ms,1744947970176000000,1744948030168000000,0
workspaceModel.mutableEntityStorage.apply.changes.from.ms,1744947970176000000,1744948030168000000,0
workspaceModel.orphan.listener.update.ms,1744947970176000000,1744948030168000000,0
workspaceModel.moduleManagerBridge.set.unloadedModules.ms,1744947970176000000,1744948030168000000,0
workspaceModel.mutableEntityStorage.changeLog.addReplaceEventForRemovedChild.ms,1744947970176000000,1744948030168000000,0
jps.global.get.libraries.ms,1744947970176000000,1744948030168000000,0
jps.load.initial.state.ms,1744947970176000000,1744948030168000000,0
jps.facet.change.listener.process.change.events.ms,1744947970176000000,1744948030168000000,0
jps.global.get.library.ms,1744947970176000000,1744948030168000000,0
jps.facet.change.listener.before.change.events.ms,1744947970176000000,1744948030168000000,0
workspaceModel.moduleBridge.facet.initialization.ms,1744947970176000000,1744948030168000000,0
jps.artifact.entities.serializer.load.entities.ms,1744947970176000000,1744948030168000000,0
jps.global.initialize.library.bridges.ms,1744947970176000000,1744948030168000000,0
workspaceModel.save.cache.to.file.ms,1744947970176000000,1744948030168000000,0
workspaceModel.mutableEntityStorage.collect.changes.ms,1744947970176000000,1744948030168000000,0
jps.module.iml.entities.serializer.save.entities.ms,1744947970176000000,1744948030168000000,0
jps.global.handle.changed.events.ms,1744947970176000000,1744948030168000000,0
workspaceModel.global.updates.ms,1744947970176000000,1744948030168000000,0
workspaceModel.mutableEntityStorage.referrers.ms,1744947970176000000,1744948030168000000,0
workspaceModel.mutableEntityStorage.changeLog.addReplaceEventForRemovedParent.ms,1744947970176000000,1744948030168000000,0
workspaceModel.moduleManagerBridge.newModule.ms,1744947970176000000,1744948030168000000,0
jps.project.serializers.load.ms,1744947970176000000,1744948030168000000,0
jps.module.iml.entities.serializer.load.entities.ms,1744947970176000000,1744948030168000000,0
workspaceModel.mutableEntityStorage.instances.count,1744947970176000000,1744948030168000000,0
workspaceModel.moduleManagerBridge.load.all.modules.ms,1744947970176000000,1744948030168000000,0
workspaceModel.moduleManagerBridge.new.nonPersistent.module.ms,1744947970176000000,1744948030168000000,0
workspaceModel.global.apply.state.to.project.builder.ms,1744947970176000000,1744948030168000000,0
workspaceModel.global.updates.count,1744947970176000000,1744948030168000000,0
jps.library.entities.serializer.save.entities.ms,1744947970176000000,1744948030168000000,0
workspaceModel.mutableEntityStorage.replace.by.source.ms,1744947970176000000,1744948030168000000,0
workspaceModel.mutableEntityStorage.remove.entity.ms,1744947970176000000,1744948030168000000,0
jps.global.initialize.library.bridges.after.loading.ms,1744947970176000000,1744948030168000000,0
workspaceModel.mutableEntityStorage.modify.entity.ms,1744947970176000000,1744948030168000000,0
workspaceModel.load.cache.metadata.from.file.ms,1744947970176000000,1744948030168000000,0
workspaceModel.mutableEntityStorage.has.same.entities.ms,1744947970176000000,1744948030168000000,0
workspaceModel.mutableEntityStorage.mutable.ext.mapping.ms,1744947970176000000,1744948030168000000,0
jps.reload.project.entities.ms,1744947970176000000,1744948030168000000,0
jps.apply.loaded.storage.ms,1744947970176000000,1744948030168000000,0
workspaceModel.delayed.project.synchronizer.sync.ms,1744947970176000000,1744948030168000000,0
workspaceModel.global.apply.state.to.project.ms,1744947970176000000,1744948030168000000,0
workspaceModel.sync.entities.ms,1744947970176000000,1744948030168000000,0
workspaceModel.mutableEntityStorage.to.snapshot.ms,1744947970176000000,1744948030168000000,0
jps.library.entities.serializer.load.entities.ms,1744947970176000000,1744948030168000000,0
jps.save.changed.project.entities.ms,1744947970176000000,1744948030168000000,0
IndexesFlusher.totalFlushesRetried,1744947970176000000,1744948030168000000,0
Indexing.writer_0.totalTimeSpentWritingMs,1744947970176000000,1744948030168000000,0
Indexing.writesQueuedMin,1744947970176000000,1744948030168000000,9223372036854775807
Indexing.cache.totalCacheAccesses,1744947970176000000,1744948030168000000,0
Indexes.entries.lookupDurationMaxMs,1744947970176000000,1744948030168000000,0.0
Indexes.stubs.lookupDurationMaxMs,1744947970176000000,1744948030168000000,0.0
Indexes.entries.lookupDuration90PMs,1744947970176000000,1744948030168000000,0.0
Indexes.allKeys.lookupDurationMaxMs,1744947970176000000,1744948030168000000,0.0
Indexing.writer_2.totalTimeSpentWritingMs,1744947970176000000,1744948030168000000,0
Indexes.stubs.lookupDuration90PMs,1744947970176000000,1744948030168000000,0.0
Indexes.stubs.lookupDurationAvgMs,1744947970176000000,1744948030168000000,0.0
Indexes.entries.lookups,1744947970176000000,1744948030168000000,0
Indexing.writer_1.totalTimeSpentWritingMs,1744947970176000000,1744948030168000000,0
Indexes.allKeys.lookupDurationAvgMs,1744947970176000000,1744948030168000000,0.0
Indexing.writesQueuedMax,1744947970176000000,1744948030168000000,0
Indexing.cache.totalCacheMisses,1744947970176000000,1744948030168000000,0
IndexesFlusher.totalFlushes,1744947970176000000,1744948030168000000,59
Indexes.stubs.lookups,1744947970176000000,1744948030168000000,0
Indexes.allKeys.lookupDuration90PMs,1744947970176000000,1744948030168000000,0.0
Indexing.cache.totalCacheEvicted,1744947970176000000,1744948030168000000,0
Indexes.allKeys.lookups,1744947970176000000,1744948030168000000,0
IndexesFlusher.totalFlushingTimeUs,1744947970176000000,1744948030168000000,84745
Indexing.writer_3.totalTimeSpentWritingMs,1744947970176000000,1744948030168000000,0
Indexing.totalTimeIndexersSleptMs,1744947970176000000,1744948030168000000,0
Indexes.entries.lookupDurationAvgMs,1744947970176000000,1744948030168000000,0.0
IndexesFlusher.totalContentionQuotaSpent,1744947970176000000,1744948030168000000,0
JVM.totalTimeAtSafepointsMs,1744947970176000000,1744948030168000000,0
JVM.usedNativeBytes,1744947970176000000,1744948030168000000,496616704
OS.loadAverage,1744947970176000000,1744948030168000000,0.970703125
JVM.maxHeapBytes,1744947970176000000,1744948030168000000,2147483648
JVM.usedHeapBytes,1744947970176000000,1744948030168000000,689911328
JVM.GC.collectionTimesMs,1744947970176000000,1744948030168000000,0
JVM.totalDirectByteBuffersBytes,1744947970176000000,1744948030168000000,173805497
JVM.totalSafepointCount,1744947970176000000,1744948030168000000,1
JVM.totalTimeToSafepointsMs,1744947970176000000,1744948030168000000,0
JVM.maxThreadCount,1744947970176000000,1744948030168000000,132
JVM.totalCpuTimeMs,1744947970176000000,1744948030168000000,2260
JVM.threadCount,1744947970176000000,1744948030168000000,46
JVM.newThreadsCount,1744947970176000000,1744948030168000000,0
JVM.GC.collections,1744947970176000000,1744948030168000000,0
JVM.totalBytesAllocated,1744947970176000000,1744948030168000000,8063336
StreamlinedBlobStorage.recordsAllocated,1744947970176000000,1744948030168000000,0
FileChannelInterruptsRetryer.totalRetriedAttempts,1744947970176000000,1744948030168000000,0
FilePageCacheLockFree.totalBytesRequested,1744947970176000000,1744948030168000000,0
FilePageCacheLockFree.totalPagesRequested,1744947970176000000,1744948030168000000,0
FilePageCache.disposedBuffers,1744947970176000000,1744948030168000000,0
DirectByteBufferAllocator.misses,1744947970176000000,1744948030168000000,0
FilePageCacheLockFree.totalNativeBytesReclaimed,1744947970176000000,1744948030168000000,0
StreamlinedBlobStorage.recordsDeleted,1744947970176000000,1744948030168000000,0
FilePageCache.pageLoadsAboveSizeThreshold,1744947970176000000,1744948030168000000,0
FilePageCache.pageFastCacheHits,1744947970176000000,1744948030168000000,0
FilePageCacheLockFree.housekeeperTurnsSkipped,1744947970176000000,1744948030168000000,0
DirectByteBufferAllocator.totalSizeOfBuffersCachedInBytes,1744947970176000000,1744948030168000000,0
MappedFileStorage.storages,1744947970176000000,1744948030168000000,16
FilePageCache.uncachedFileAccess,1744947970176000000,1744948030168000000,0
MappedFileStorage.totalPagesMapped,1744947970176000000,1744948030168000000,16
FilePageCacheLockFree.totalPagesReclaimed,1744947970176000000,1744948030168000000,0
FilePageCacheLockFree.totalPagesRequestsMs,1744947970176000000,1744948030168000000,0
DirectByteBufferAllocator.reclaimed,1744947970176000000,1744948030168000000,0
FilePageCache.capacityInBytes,1744947970176000000,1744948030168000000,503316478
StorageLockContext.competingThreads.avg,1744947970176000000,1744948030168000000,0.0
FilePageCache.totalPageLoadsUs,1744947970176000000,1744948030168000000,0
MappedFileStorage.totalTimeSpentOnMappingUs,1744947970176000000,1744948030168000000,41443
StorageLockContext.competingThreads.90P,1744947970176000000,1744948030168000000,0
FilePageCacheLockFree.totalBytesWritten,1744947970176000000,1744948030168000000,0
StreamlinedBlobStorage.totalLiveRecordsCapacityBytes,1744947970176000000,1744948030168000000,0
FilePageCache.pageHits,1744947970176000000,1744948030168000000,0
FilePageCacheLockFree.totalPagesHandedOver,1744947970176000000,1744948030168000000,0
FilePageCacheLockFree.totalPagesWritten,1744947970176000000,1744948030168000000,0
FilePageCacheLockFree.totalClosedStoragesReclaimed,1744947970176000000,1744948030168000000,0
FilePageCacheLockFree.totalPagesWriteMs,1744947970176000000,1744948030168000000,0
FilePageCacheLockFree.totalPageAllocationsWaited,1744947970176000000,1744948030168000000,0
FilePageCacheLockFree.nativeBytesInUse,1744947970176000000,1744948030168000000,0
MappedFileStorage.totalBytesMapped,1744947970176000000,1744948030168000000,202637312
DirectByteBufferAllocator.totalSizeOfBuffersAllocatedInBytes,1744947970176000000,1744948030168000000,173154304
StreamlinedBlobStorage.recordsRelocated,1744947970176000000,1744948030168000000,0
StreamlinedBlobStorage.totalLiveRecordsPayloadBytes,1744947970176000000,1744948030168000000,0
FilePageCacheLockFree.totalBytesRead,1744947970176000000,1744948030168000000,0
FilePageCache.totalPageDisposalsUs,1744947970176000000,1744948030168000000,0
FilePageCache.maxRegisteredFiles,1744947970176000000,1744948030168000000,261
DirectByteBufferAllocator.disposed,1744947970176000000,1744948030168000000,0
FilePageCache.pageLoads,1744947970176000000,1744948030168000000,0
FilePageCacheLockFree.totalPagesAllocated,1744947970176000000,1744948030168000000,0
FilePageCacheLockFree.totalHeapBytesReclaimed,1744947970176000000,1744948030168000000,0
FilePageCacheLockFree.heapBytesInUse,1744947970176000000,1744948030168000000,0
FilePageCache.maxCacheSizeInBytes,1744947970176000000,1744948030168000000,173154304
DirectByteBufferAllocator.hits,1744947970176000000,1744948030168000000,0
FilePageCacheLockFree.totalNativeBytesAllocated,1744947970176000000,1744948030168000000,0
FilePageCacheLockFree.totalHeapBytesAllocated,1744947970176000000,1744948030168000000,0
StorageLockContext.competingThreads.max,1744947970176000000,1744948030168000000,0
FilePageCacheLockFree.housekeeperTimeSpentMs,1744947970176000000,1744948030168000000,0
FilePageCacheLockFree.housekeeperTurnsDone,1744947970176000000,1744948030168000000,0
FilePageCacheLockFree.totalPagesReadMs,1744947970176000000,1744948030168000000,0
VFS.invertedFileNameIndex.requests,1744948030168000000,1744948090165000000,0
VFS.contentStorage.recordsDecompressionTimeUs,1744948030168000000,1744948090165000000,0
VFS.contentStorage.recordsUncompressedSize,1744948030168000000,1744948090165000000,0
VFS.fileChildByName,1744948030168000000,1744948090165000000,0
FileNameCache.queries,1744948030168000000,1744948090165000000,0
VFS.contentStorage.recordsRead,1744948030168000000,1744948090165000000,0
VFS.contentStorage.recordsStoredCompressed,1744948030168000000,1744948090165000000,0
VFS.fileByIdCache.hits,1744948030168000000,1744948090165000000,0
VFS.contentStorage.recordsReadDecompressed,1744948030168000000,1744948090165000000,0
VFS.contentStorage.recordsReadSize,1744948030168000000,1744948090165000000,0
VFS.contentStorage.recordsStored,1744948030168000000,1744948090165000000,0
VFS.contentStorage.recordsDeduplicated,1744948030168000000,1744948090165000000,0
FileNameCache.totalMisses,1744948030168000000,1744948090165000000,0
VFS.fileByIdCache.misses,1744948030168000000,1744948090165000000,0
VFS.contentStorage.recordsStoredSize,1744948030168000000,1744948090165000000,0
DiskQueryRelay.taskWaitingTotalTimeUs,1744948030168000000,1744948090165000000,0
writeAction.median.wait.ms,1744948030168000000,1744948090165000000,200
DiskQueryRelay.taskExecutionTotalTimeUs,1744948030168000000,1744948090165000000,0
DiskQueryRelay.tasksExecuted,1744948030168000000,1744948090165000000,0
writeAction.max.wait.ms,1744948030168000000,1744948090165000000,96
DiskQueryRelay.tasksRequested,1744948030168000000,1744948090165000000,0
writeAction.count,1744948030168000000,1744948090165000000,0
writeAction.wait.ms,1744948030168000000,1744948090165000000,0
cacheStateStorage.set.counter,1744948030168000000,1744948090165000000,0
cacheStateStorage.set.duration,1744948030168000000,1744948090165000000,0
cacheStateStorage.get.duration,1744948030168000000,1744948090165000000,0
cacheStateStorage.get.counter,1744948030168000000,1744948090165000000,0
workspaceModel.cachedValueWithParameters.from.cache.count,1744948030168000000,1744948090165000000,0
workspaceModel.update.unloaded.entities.ms,1744948030168000000,1744948090165000000,0
workspaceModel.cachedValueWithParameters.clear.count,1744948030168000000,1744948090165000000,0
workspaceModel.cachedValue.clear.count,1744948030168000000,1744948090165000000,0
workspaceModel.workspaceFileIndexData.visitFileSets.ms,1744948030168000000,1744948090165000000,0
workspaceModel.cachedValue.from.cache.count,1744948030168000000,1744948090165000000,0
workspaceModel.workspaceFileIndexContributor.registerFileSets.ms,1744948030168000000,1744948090165000000,0
workspaceModel.workspaceFileIndexData.init.ms,1744948030168000000,1744948090165000000,0
workspaceModel.pre.handlers.ms,1744948030168000000,1744948090165000000,0
workspaceModel.on.before.changed.ms,1744948030168000000,1744948090165000000,0
workspaceModel.updates.precise.ms,1744948030168000000,1744948090165000000,0
workspaceModel.entityStorageSnapshotImpl.instances.count,1744948030168000000,1744948090165000000,0
workspaceModel.check.recursive.update.ms,1744948030168000000,1744948090165000000,0
workspaceModel.loading.total.ms,1744948030168000000,1744948090165000000,0
workspaceModel.initializing.ms,1744948030168000000,1744948090165000000,0
workspaceModel.cachedValue.calculated.count,1744948030168000000,1744948090165000000,0
workspaceModel.on.changed.ms,1744948030168000000,1744948090165000000,0
workspaceModel.workspaceFileIndexData.processFileSets.ms,1744948030168000000,1744948090165000000,0
workspaceModel.workspaceFileIndexData.getFileInfo.ms,1744948030168000000,1744948090165000000,0
workspaceModel.full.replace.project.model.ms,1744948030168000000,1744948090165000000,0
workspaceModel.cachedValueWithParameters.total.get.count,1744948030168000000,1744948090165000000,0
workspaceModel.workspaceFileIndexData.getDirectoriesByPackageName.ms,1744948030168000000,1744948090165000000,0
workspaceModel.workspaceFileIndexData.updateDirtyEntities.ms,1744948030168000000,1744948090165000000,0
workspaceModel.replace.project.model.ms,1744948030168000000,1744948090165000000,0
workspaceModel.updates.count,1744948030168000000,1744948090165000000,0
workspaceModel.loading.from.cache.ms,1744948030168000000,1744948090165000000,0
workspaceModel.cachedValueWithParameters.calculated.count,1744948030168000000,1744948090165000000,0
workspaceModel.workspaceFileIndexData.instances.count,1744948030168000000,1744948090165000000,0
workspaceModel.workspaceFileIndexData.onEntitiesChanged.ms,1744948030168000000,1744948090165000000,0
workspaceModel.to.snapshot.ms,1744948030168000000,1744948090165000000,0
workspaceModel.workspaceFileIndexData.getPackageName.ms,1744948030168000000,1744948090165000000,0
workspaceModel.collect.changes.ms,1744948030168000000,1744948090165000000,0
workspaceModel.init.bridges.ms,1744948030168000000,1744948090165000000,0
workspaceModel.workspaceFileIndexData.markDirty.ms,1744948030168000000,1744948090165000000,0
workspaceModel.cachedValue.total.get.count,1744948030168000000,1744948090165000000,0
workspaceModel.updates.ms,1744948030168000000,1744948090165000000,0
NonBlockingReadAction.finalizedExecutionTimeUs,1744948030168000000,1744948090165000000,1309
FlushQueue.queueSizeAvg,1744948030168000000,1744948090165000000,0.0
NonBlockingReadAction.failedExecutionTimeUs,1744948030168000000,1744948090165000000,0
NonBlockingReadAction.finalizedExecutionsCount,1744948030168000000,1744948090165000000,9
AWTEventQueue.dispatchTimeTotalNS,1744948030168000000,1744948090165000000,80183058
FlushQueue.queueSizeMax,1744948030168000000,1744948090165000000,0
AWTEventQueue.eventsDispatched,1744948030168000000,1744948090165000000,0
FlushQueue.waitingTimeMaxNs,1744948030168000000,1744948090165000000,0
FlushQueue.queueSize90P,1744948030168000000,1744948090165000000,0
FlushQueue.waitingTimeAvgNs,1744948030168000000,1744948090165000000,0.0
FlushQueue.executionTimeAvgNs,1744948030168000000,1744948090165000000,0.0
FlushQueue.executionTimeMaxNs,1744948030168000000,1744948090165000000,0
AWTEventQueue.dispatchTimeAvgNs,1744948030168000000,1744948090165000000,0.0
ReadAction.executionsCount,1744948030168000000,1744948090165000000,1578
NonBlockingReadAction.failedExecutionsCount,1744948030168000000,1744948090165000000,0
FlushQueue.executionTime90PNs,1744948030168000000,1744948090165000000,0
AWTEventQueue.dispatchTime90PNs,1744948030168000000,1744948090165000000,0
FlushQueue.tasksExecuted,1744948030168000000,1744948090165000000,0
WriteAction.executionsCount,1744948030168000000,1744948090165000000,0
AWTEventQueue.dispatchTimeMaxNs,1744948030168000000,1744948090165000000,0
FlushQueue.waitingTime90PNs,1744948030168000000,1744948090165000000,0
workspaceModel.do.save.caches.ms,1744948030168000000,1744948090165000000,0
workspaceModel.moduleManagerBridge.load.module.ms,1744948030168000000,1744948090165000000,0
workspaceModel.mutableEntityStorage.put.entity.ms,1744948030168000000,1744948090165000000,0
workspaceModel.load.cache.from.file.ms,1744948030168000000,1744948090165000000,0
jps.global.get.library.by.name.ms,1744948030168000000,1744948090165000000,0
workspaceModel.mutableEntityStorage.add.entity.ms,1744948030168000000,1744948090165000000,0
workspaceModel.mutableEntityStorage.entities.by.source.ms,1744948030168000000,1744948090165000000,0
jps.global.handle.before.change.events.ms,1744948030168000000,1744948090165000000,0
jps.artifact.entities.serializer.save.entities.ms,1744948030168000000,1744948090165000000,0
jps.module.dependency.index.workspace.model.listener.on.changed.ms,1744948030168000000,1744948090165000000,0
workspaceModel.moduleBridge.before.changed.ms,1744948030168000000,1744948090165000000,0
workspaceModel.moduleManagerBridge.build.module.graph.ms,1744948030168000000,1744948090165000000,0
jps.project.serializers.save.ms,1744948030168000000,1744948090165000000,0
workspaceModel.mutableEntityStorage.changeLog.addReplaceEventForNewParent.ms,1744948030168000000,1744948090165000000,0
jps.app.storage.content.writer.save.component.ms,1744948030168000000,1744948090165000000,0
workspaceModel.mutableEntityStorage.resolve.ms,1744948030168000000,1744948090165000000,0
jps.save.global.entities.ms,1744948030168000000,1744948090165000000,0
workspaceModel.moduleManagerBridge.get.modules.ms,1744948030168000000,1744948090165000000,0
workspaceModel.moduleBridgeLoader.loading.modules.ms,1744948030168000000,1744948090165000000,0
jps.storage.jps.conf.reader.load.component.ms,1744948030168000000,1744948090165000000,0
workspaceModel.mutableEntityStorage.entities.ms,1744948030168000000,1744948090165000000,0
jps.facet.change.listener.init.bridge.ms,1744948030168000000,1744948090165000000,0
workspaceModel.mutableEntityStorage.changeLog.addReplaceEventForNewChild.ms,1744948030168000000,1744948090165000000,0
workspaceModel.moduleManagerBridge.create.module.instance.ms,1744948030168000000,1744948090165000000,0
jps.load.project.to.empty.storage.ms,1744948030168000000,1744948090165000000,0
workspaceModel.mutableEntityStorage.mutable.vfurl.index.ms,1744948030168000000,1744948090165000000,0
workspaceModel.moduleBridge.update.option.ms,1744948030168000000,1744948090165000000,0
jps.app.storage.content.reader.load.component.ms,1744948030168000000,1744948090165000000,0
workspaceModel.mutableEntityStorage.apply.changes.from.ms,1744948030168000000,1744948090165000000,0
workspaceModel.orphan.listener.update.ms,1744948030168000000,1744948090165000000,0
workspaceModel.moduleManagerBridge.set.unloadedModules.ms,1744948030168000000,1744948090165000000,0
workspaceModel.mutableEntityStorage.changeLog.addReplaceEventForRemovedChild.ms,1744948030168000000,1744948090165000000,0
jps.global.get.libraries.ms,1744948030168000000,1744948090165000000,0
jps.load.initial.state.ms,1744948030168000000,1744948090165000000,0
jps.facet.change.listener.process.change.events.ms,1744948030168000000,1744948090165000000,0
jps.global.get.library.ms,1744948030168000000,1744948090165000000,0
jps.facet.change.listener.before.change.events.ms,1744948030168000000,1744948090165000000,0
workspaceModel.moduleBridge.facet.initialization.ms,1744948030168000000,1744948090165000000,0
jps.artifact.entities.serializer.load.entities.ms,1744948030168000000,1744948090165000000,0
jps.global.initialize.library.bridges.ms,1744948030168000000,1744948090165000000,0
workspaceModel.save.cache.to.file.ms,1744948030168000000,1744948090165000000,0
workspaceModel.mutableEntityStorage.collect.changes.ms,1744948030168000000,1744948090165000000,0
jps.module.iml.entities.serializer.save.entities.ms,1744948030168000000,1744948090165000000,0
jps.global.handle.changed.events.ms,1744948030168000000,1744948090165000000,0
workspaceModel.global.updates.ms,1744948030168000000,1744948090165000000,0
workspaceModel.mutableEntityStorage.referrers.ms,1744948030168000000,1744948090165000000,0
workspaceModel.mutableEntityStorage.changeLog.addReplaceEventForRemovedParent.ms,1744948030168000000,1744948090165000000,0
workspaceModel.moduleManagerBridge.newModule.ms,1744948030168000000,1744948090165000000,0
jps.project.serializers.load.ms,1744948030168000000,1744948090165000000,0
jps.module.iml.entities.serializer.load.entities.ms,1744948030168000000,1744948090165000000,0
workspaceModel.mutableEntityStorage.instances.count,1744948030168000000,1744948090165000000,0
workspaceModel.moduleManagerBridge.load.all.modules.ms,1744948030168000000,1744948090165000000,0
workspaceModel.moduleManagerBridge.new.nonPersistent.module.ms,1744948030168000000,1744948090165000000,0
workspaceModel.global.apply.state.to.project.builder.ms,1744948030168000000,1744948090165000000,0
workspaceModel.global.updates.count,1744948030168000000,1744948090165000000,0
jps.library.entities.serializer.save.entities.ms,1744948030168000000,1744948090165000000,0
workspaceModel.mutableEntityStorage.replace.by.source.ms,1744948030168000000,1744948090165000000,0
workspaceModel.mutableEntityStorage.remove.entity.ms,1744948030168000000,1744948090165000000,0
jps.global.initialize.library.bridges.after.loading.ms,1744948030168000000,1744948090165000000,0
workspaceModel.mutableEntityStorage.modify.entity.ms,1744948030168000000,1744948090165000000,0
workspaceModel.load.cache.metadata.from.file.ms,1744948030168000000,1744948090165000000,0
workspaceModel.mutableEntityStorage.has.same.entities.ms,1744948030168000000,1744948090165000000,0
workspaceModel.mutableEntityStorage.mutable.ext.mapping.ms,1744948030168000000,1744948090165000000,0
jps.reload.project.entities.ms,1744948030168000000,1744948090165000000,0
jps.apply.loaded.storage.ms,1744948030168000000,1744948090165000000,0
workspaceModel.delayed.project.synchronizer.sync.ms,1744948030168000000,1744948090165000000,0
workspaceModel.global.apply.state.to.project.ms,1744948030168000000,1744948090165000000,0
workspaceModel.sync.entities.ms,1744948030168000000,1744948090165000000,0
workspaceModel.mutableEntityStorage.to.snapshot.ms,1744948030168000000,1744948090165000000,0
jps.library.entities.serializer.load.entities.ms,1744948030168000000,1744948090165000000,0
jps.save.changed.project.entities.ms,1744948030168000000,1744948090165000000,0
IndexesFlusher.totalFlushesRetried,1744948030168000000,1744948090165000000,0
Indexing.writer_0.totalTimeSpentWritingMs,1744948030168000000,1744948090165000000,0
Indexing.writesQueuedMin,1744948030168000000,1744948090165000000,9223372036854775807
Indexing.cache.totalCacheAccesses,1744948030168000000,1744948090165000000,0
Indexes.entries.lookupDurationMaxMs,1744948030168000000,1744948090165000000,0.0
Indexes.stubs.lookupDurationMaxMs,1744948030168000000,1744948090165000000,0.0
Indexes.entries.lookupDuration90PMs,1744948030168000000,1744948090165000000,0.0
Indexes.allKeys.lookupDurationMaxMs,1744948030168000000,1744948090165000000,0.0
Indexing.writer_2.totalTimeSpentWritingMs,1744948030168000000,1744948090165000000,0
Indexes.stubs.lookupDuration90PMs,1744948030168000000,1744948090165000000,0.0
Indexes.stubs.lookupDurationAvgMs,1744948030168000000,1744948090165000000,0.0
Indexes.entries.lookups,1744948030168000000,1744948090165000000,0
Indexing.writer_1.totalTimeSpentWritingMs,1744948030168000000,1744948090165000000,0
Indexes.allKeys.lookupDurationAvgMs,1744948030168000000,1744948090165000000,0.0
Indexing.writesQueuedMax,1744948030168000000,1744948090165000000,0
Indexing.cache.totalCacheMisses,1744948030168000000,1744948090165000000,0
IndexesFlusher.totalFlushes,1744948030168000000,1744948090165000000,60
Indexes.stubs.lookups,1744948030168000000,1744948090165000000,0
Indexes.allKeys.lookupDuration90PMs,1744948030168000000,1744948090165000000,0.0
Indexing.cache.totalCacheEvicted,1744948030168000000,1744948090165000000,0
Indexes.allKeys.lookups,1744948030168000000,1744948090165000000,0
IndexesFlusher.totalFlushingTimeUs,1744948030168000000,1744948090165000000,86375
Indexing.writer_3.totalTimeSpentWritingMs,1744948030168000000,1744948090165000000,0
Indexing.totalTimeIndexersSleptMs,1744948030168000000,1744948090165000000,0
Indexes.entries.lookupDurationAvgMs,1744948030168000000,1744948090165000000,0.0
IndexesFlusher.totalContentionQuotaSpent,1744948030168000000,1744948090165000000,0
JVM.totalTimeAtSafepointsMs,1744948030168000000,1744948090165000000,0
JVM.usedNativeBytes,1744948030168000000,1744948090165000000,496727400
OS.loadAverage,1744948030168000000,1744948090165000000,0.73046875
JVM.maxHeapBytes,1744948030168000000,1744948090165000000,2147483648
JVM.usedHeapBytes,1744948030168000000,1744948090165000000,699348512
JVM.GC.collectionTimesMs,1744948030168000000,1744948090165000000,0
JVM.totalDirectByteBuffersBytes,1744948030168000000,1744948090165000000,173805497
JVM.totalSafepointCount,1744948030168000000,1744948090165000000,4
JVM.totalTimeToSafepointsMs,1744948030168000000,1744948090165000000,0
JVM.maxThreadCount,1744948030168000000,1744948090165000000,132
JVM.totalCpuTimeMs,1744948030168000000,1744948090165000000,2680
JVM.threadCount,1744948030168000000,1744948090165000000,46
JVM.newThreadsCount,1744948030168000000,1744948090165000000,0
JVM.GC.collections,1744948030168000000,1744948090165000000,0
JVM.totalBytesAllocated,1744948030168000000,1744948090165000000,9430240
StreamlinedBlobStorage.recordsAllocated,1744948030168000000,1744948090165000000,0
FileChannelInterruptsRetryer.totalRetriedAttempts,1744948030168000000,1744948090165000000,0
FilePageCacheLockFree.totalBytesRequested,1744948030168000000,1744948090165000000,0
FilePageCacheLockFree.totalPagesRequested,1744948030168000000,1744948090165000000,0
FilePageCache.disposedBuffers,1744948030168000000,1744948090165000000,0
DirectByteBufferAllocator.misses,1744948030168000000,1744948090165000000,0
FilePageCacheLockFree.totalNativeBytesReclaimed,1744948030168000000,1744948090165000000,0
StreamlinedBlobStorage.recordsDeleted,1744948030168000000,1744948090165000000,0
FilePageCache.pageLoadsAboveSizeThreshold,1744948030168000000,1744948090165000000,0
FilePageCache.pageFastCacheHits,1744948030168000000,1744948090165000000,0
FilePageCacheLockFree.housekeeperTurnsSkipped,1744948030168000000,1744948090165000000,0
DirectByteBufferAllocator.totalSizeOfBuffersCachedInBytes,1744948030168000000,1744948090165000000,0
MappedFileStorage.storages,1744948030168000000,1744948090165000000,16
FilePageCache.uncachedFileAccess,1744948030168000000,1744948090165000000,0
MappedFileStorage.totalPagesMapped,1744948030168000000,1744948090165000000,16
FilePageCacheLockFree.totalPagesReclaimed,1744948030168000000,1744948090165000000,0
FilePageCacheLockFree.totalPagesRequestsMs,1744948030168000000,1744948090165000000,0
DirectByteBufferAllocator.reclaimed,1744948030168000000,1744948090165000000,0
FilePageCache.capacityInBytes,1744948030168000000,1744948090165000000,503316478
StorageLockContext.competingThreads.avg,1744948030168000000,1744948090165000000,0.0
FilePageCache.totalPageLoadsUs,1744948030168000000,1744948090165000000,0
MappedFileStorage.totalTimeSpentOnMappingUs,1744948030168000000,1744948090165000000,41443
StorageLockContext.competingThreads.90P,1744948030168000000,1744948090165000000,0
FilePageCacheLockFree.totalBytesWritten,1744948030168000000,1744948090165000000,0
StreamlinedBlobStorage.totalLiveRecordsCapacityBytes,1744948030168000000,1744948090165000000,0
FilePageCache.pageHits,1744948030168000000,1744948090165000000,0
FilePageCacheLockFree.totalPagesHandedOver,1744948030168000000,1744948090165000000,0
FilePageCacheLockFree.totalPagesWritten,1744948030168000000,1744948090165000000,0
FilePageCacheLockFree.totalClosedStoragesReclaimed,1744948030168000000,1744948090165000000,0
FilePageCacheLockFree.totalPagesWriteMs,1744948030168000000,1744948090165000000,0
FilePageCacheLockFree.totalPageAllocationsWaited,1744948030168000000,1744948090165000000,0
FilePageCacheLockFree.nativeBytesInUse,1744948030168000000,1744948090165000000,0
MappedFileStorage.totalBytesMapped,1744948030168000000,1744948090165000000,202637312
DirectByteBufferAllocator.totalSizeOfBuffersAllocatedInBytes,1744948030168000000,1744948090165000000,173154304
StreamlinedBlobStorage.recordsRelocated,1744948030168000000,1744948090165000000,0
StreamlinedBlobStorage.totalLiveRecordsPayloadBytes,1744948030168000000,1744948090165000000,0
FilePageCacheLockFree.totalBytesRead,1744948030168000000,1744948090165000000,0
FilePageCache.totalPageDisposalsUs,1744948030168000000,1744948090165000000,0
FilePageCache.maxRegisteredFiles,1744948030168000000,1744948090165000000,261
DirectByteBufferAllocator.disposed,1744948030168000000,1744948090165000000,0
FilePageCache.pageLoads,1744948030168000000,1744948090165000000,0
FilePageCacheLockFree.totalPagesAllocated,1744948030168000000,1744948090165000000,0
FilePageCacheLockFree.totalHeapBytesReclaimed,1744948030168000000,1744948090165000000,0
FilePageCacheLockFree.heapBytesInUse,1744948030168000000,1744948090165000000,0
FilePageCache.maxCacheSizeInBytes,1744948030168000000,1744948090165000000,173154304
DirectByteBufferAllocator.hits,1744948030168000000,1744948090165000000,0
FilePageCacheLockFree.totalNativeBytesAllocated,1744948030168000000,1744948090165000000,0
FilePageCacheLockFree.totalHeapBytesAllocated,1744948030168000000,1744948090165000000,0
StorageLockContext.competingThreads.max,1744948030168000000,1744948090165000000,0
FilePageCacheLockFree.housekeeperTimeSpentMs,1744948030168000000,1744948090165000000,0
FilePageCacheLockFree.housekeeperTurnsDone,1744948030168000000,1744948090165000000,0
FilePageCacheLockFree.totalPagesReadMs,1744948030168000000,1744948090165000000,0
VFS.invertedFileNameIndex.requests,1744948090165000000,1744948110194000000,0
VFS.fileChildByName,1744948090165000000,1744948110194000000,363
VFS.fileByIdCache.hits,1744948090165000000,1744948110194000000,0
VFS.fileByIdCache.misses,1744948090165000000,1744948110194000000,0
DiskQueryRelay.taskWaitingTotalTimeUs,1744948090165000000,1744948110194000000,4805
writeAction.median.wait.ms,1744948090165000000,1744948110194000000,200
DiskQueryRelay.taskExecutionTotalTimeUs,1744948090165000000,1744948110194000000,4742
DiskQueryRelay.tasksExecuted,1744948090165000000,1744948110194000000,64
writeAction.max.wait.ms,1744948090165000000,1744948110194000000,96
DiskQueryRelay.tasksRequested,1744948090165000000,1744948110194000000,64
writeAction.count,1744948090165000000,1744948110194000000,3
writeAction.wait.ms,1744948090165000000,1744948110194000000,0
cacheStateStorage.set.counter,1744948090165000000,1744948110194000000,6
cacheStateStorage.set.duration,1744948090165000000,1744948110194000000,1
cacheStateStorage.get.duration,1744948090165000000,1744948110194000000,0
cacheStateStorage.get.counter,1744948090165000000,1744948110194000000,0
workspaceModel.cachedValueWithParameters.from.cache.count,1744948090165000000,1744948110194000000,0
workspaceModel.update.unloaded.entities.ms,1744948090165000000,1744948110194000000,0
workspaceModel.cachedValueWithParameters.clear.count,1744948090165000000,1744948110194000000,0
workspaceModel.cachedValue.clear.count,1744948090165000000,1744948110194000000,1
workspaceModel.workspaceFileIndexData.visitFileSets.ms,1744948090165000000,1744948110194000000,0
workspaceModel.cachedValue.from.cache.count,1744948090165000000,1744948110194000000,54
workspaceModel.workspaceFileIndexContributor.registerFileSets.ms,1744948090165000000,1744948110194000000,0
workspaceModel.workspaceFileIndexData.init.ms,1744948090165000000,1744948110194000000,0
workspaceModel.pre.handlers.ms,1744948090165000000,1744948110194000000,0
workspaceModel.on.before.changed.ms,1744948090165000000,1744948110194000000,0
workspaceModel.updates.precise.ms,1744948090165000000,1744948110194000000,0
workspaceModel.entityStorageSnapshotImpl.instances.count,1744948090165000000,1744948110194000000,0
workspaceModel.check.recursive.update.ms,1744948090165000000,1744948110194000000,0
workspaceModel.loading.total.ms,1744948090165000000,1744948110194000000,0
workspaceModel.initializing.ms,1744948090165000000,1744948110194000000,0
workspaceModel.cachedValue.calculated.count,1744948090165000000,1744948110194000000,1
workspaceModel.on.changed.ms,1744948090165000000,1744948110194000000,0
workspaceModel.workspaceFileIndexData.processFileSets.ms,1744948090165000000,1744948110194000000,0
workspaceModel.workspaceFileIndexData.getFileInfo.ms,1744948090165000000,1744948110194000000,1
workspaceModel.full.replace.project.model.ms,1744948090165000000,1744948110194000000,0
workspaceModel.cachedValueWithParameters.total.get.count,1744948090165000000,1744948110194000000,0
workspaceModel.workspaceFileIndexData.getDirectoriesByPackageName.ms,1744948090165000000,1744948110194000000,0
workspaceModel.workspaceFileIndexData.updateDirtyEntities.ms,1744948090165000000,1744948110194000000,0
workspaceModel.replace.project.model.ms,1744948090165000000,1744948110194000000,0
workspaceModel.updates.count,1744948090165000000,1744948110194000000,0
workspaceModel.loading.from.cache.ms,1744948090165000000,1744948110194000000,0
workspaceModel.cachedValueWithParameters.calculated.count,1744948090165000000,1744948110194000000,0
workspaceModel.workspaceFileIndexData.instances.count,1744948090165000000,1744948110194000000,0
workspaceModel.workspaceFileIndexData.onEntitiesChanged.ms,1744948090165000000,1744948110194000000,0
workspaceModel.to.snapshot.ms,1744948090165000000,1744948110194000000,0
workspaceModel.workspaceFileIndexData.getPackageName.ms,1744948090165000000,1744948110194000000,0
workspaceModel.collect.changes.ms,1744948090165000000,1744948110194000000,0
workspaceModel.init.bridges.ms,1744948090165000000,1744948110194000000,0
workspaceModel.workspaceFileIndexData.markDirty.ms,1744948090165000000,1744948110194000000,0
workspaceModel.cachedValue.total.get.count,1744948090165000000,1744948110194000000,55
workspaceModel.updates.ms,1744948090165000000,1744948110194000000,0
NonBlockingReadAction.finalizedExecutionTimeUs,1744948090165000000,1744948110194000000,4897
NonBlockingReadAction.failedExecutionTimeUs,1744948090165000000,1744948110194000000,0
NonBlockingReadAction.finalizedExecutionsCount,1744948090165000000,1744948110194000000,19
AWTEventQueue.dispatchTimeTotalNS,1744948090165000000,1744948110194000000,707000428
NonBlockingReadAction.failedExecutionsCount,1744948090165000000,1744948110194000000,0
workspaceModel.do.save.caches.ms,1744948090165000000,1744948110194000000,0
workspaceModel.moduleManagerBridge.load.module.ms,1744948090165000000,1744948110194000000,0
workspaceModel.mutableEntityStorage.put.entity.ms,1744948090165000000,1744948110194000000,0
workspaceModel.load.cache.from.file.ms,1744948090165000000,1744948110194000000,0
jps.global.get.library.by.name.ms,1744948090165000000,1744948110194000000,0
workspaceModel.mutableEntityStorage.add.entity.ms,1744948090165000000,1744948110194000000,0
workspaceModel.mutableEntityStorage.entities.by.source.ms,1744948090165000000,1744948110194000000,0
jps.global.handle.before.change.events.ms,1744948090165000000,1744948110194000000,0
jps.artifact.entities.serializer.save.entities.ms,1744948090165000000,1744948110194000000,0
jps.module.dependency.index.workspace.model.listener.on.changed.ms,1744948090165000000,1744948110194000000,0
workspaceModel.moduleBridge.before.changed.ms,1744948090165000000,1744948110194000000,0
workspaceModel.moduleManagerBridge.build.module.graph.ms,1744948090165000000,1744948110194000000,0
jps.project.serializers.save.ms,1744948090165000000,1744948110194000000,0
workspaceModel.mutableEntityStorage.changeLog.addReplaceEventForNewParent.ms,1744948090165000000,1744948110194000000,0
jps.app.storage.content.writer.save.component.ms,1744948090165000000,1744948110194000000,3
workspaceModel.mutableEntityStorage.resolve.ms,1744948090165000000,1744948110194000000,0
jps.save.global.entities.ms,1744948090165000000,1744948110194000000,7
workspaceModel.moduleManagerBridge.get.modules.ms,1744948090165000000,1744948110194000000,0
workspaceModel.moduleBridgeLoader.loading.modules.ms,1744948090165000000,1744948110194000000,0
jps.storage.jps.conf.reader.load.component.ms,1744948090165000000,1744948110194000000,0
workspaceModel.mutableEntityStorage.entities.ms,1744948090165000000,1744948110194000000,0
jps.facet.change.listener.init.bridge.ms,1744948090165000000,1744948110194000000,0
workspaceModel.mutableEntityStorage.changeLog.addReplaceEventForNewChild.ms,1744948090165000000,1744948110194000000,0
workspaceModel.moduleManagerBridge.create.module.instance.ms,1744948090165000000,1744948110194000000,0
jps.load.project.to.empty.storage.ms,1744948090165000000,1744948110194000000,0
workspaceModel.mutableEntityStorage.mutable.vfurl.index.ms,1744948090165000000,1744948110194000000,0
workspaceModel.moduleBridge.update.option.ms,1744948090165000000,1744948110194000000,0
jps.app.storage.content.reader.load.component.ms,1744948090165000000,1744948110194000000,0
workspaceModel.mutableEntityStorage.apply.changes.from.ms,1744948090165000000,1744948110194000000,0
workspaceModel.orphan.listener.update.ms,1744948090165000000,1744948110194000000,0
workspaceModel.moduleManagerBridge.set.unloadedModules.ms,1744948090165000000,1744948110194000000,0
workspaceModel.mutableEntityStorage.changeLog.addReplaceEventForRemovedChild.ms,1744948090165000000,1744948110194000000,0
jps.global.get.libraries.ms,1744948090165000000,1744948110194000000,0
jps.load.initial.state.ms,1744948090165000000,1744948110194000000,0
jps.facet.change.listener.process.change.events.ms,1744948090165000000,1744948110194000000,0
jps.global.get.library.ms,1744948090165000000,1744948110194000000,0
jps.facet.change.listener.before.change.events.ms,1744948090165000000,1744948110194000000,0
workspaceModel.moduleBridge.facet.initialization.ms,1744948090165000000,1744948110194000000,0
jps.artifact.entities.serializer.load.entities.ms,1744948090165000000,1744948110194000000,0
jps.global.initialize.library.bridges.ms,1744948090165000000,1744948110194000000,0
workspaceModel.save.cache.to.file.ms,1744948090165000000,1744948110194000000,0
workspaceModel.mutableEntityStorage.collect.changes.ms,1744948090165000000,1744948110194000000,0
jps.module.iml.entities.serializer.save.entities.ms,1744948090165000000,1744948110194000000,0
jps.global.handle.changed.events.ms,1744948090165000000,1744948110194000000,0
workspaceModel.global.updates.ms,1744948090165000000,1744948110194000000,0
workspaceModel.mutableEntityStorage.referrers.ms,1744948090165000000,1744948110194000000,0
workspaceModel.mutableEntityStorage.changeLog.addReplaceEventForRemovedParent.ms,1744948090165000000,1744948110194000000,0
workspaceModel.moduleManagerBridge.newModule.ms,1744948090165000000,1744948110194000000,0
jps.project.serializers.load.ms,1744948090165000000,1744948110194000000,0
jps.module.iml.entities.serializer.load.entities.ms,1744948090165000000,1744948110194000000,0
workspaceModel.mutableEntityStorage.instances.count,1744948090165000000,1744948110194000000,0
workspaceModel.moduleManagerBridge.load.all.modules.ms,1744948090165000000,1744948110194000000,0
workspaceModel.moduleManagerBridge.new.nonPersistent.module.ms,1744948090165000000,1744948110194000000,0
workspaceModel.global.apply.state.to.project.builder.ms,1744948090165000000,1744948110194000000,0
workspaceModel.global.updates.count,1744948090165000000,1744948110194000000,0
jps.library.entities.serializer.save.entities.ms,1744948090165000000,1744948110194000000,0
workspaceModel.mutableEntityStorage.replace.by.source.ms,1744948090165000000,1744948110194000000,0
workspaceModel.mutableEntityStorage.remove.entity.ms,1744948090165000000,1744948110194000000,0
jps.global.initialize.library.bridges.after.loading.ms,1744948090165000000,1744948110194000000,0
workspaceModel.mutableEntityStorage.modify.entity.ms,1744948090165000000,1744948110194000000,0
workspaceModel.load.cache.metadata.from.file.ms,1744948090165000000,1744948110194000000,0
workspaceModel.mutableEntityStorage.has.same.entities.ms,1744948090165000000,1744948110194000000,0
workspaceModel.mutableEntityStorage.mutable.ext.mapping.ms,1744948090165000000,1744948110194000000,0
jps.reload.project.entities.ms,1744948090165000000,1744948110194000000,0
jps.apply.loaded.storage.ms,1744948090165000000,1744948110194000000,0
workspaceModel.delayed.project.synchronizer.sync.ms,1744948090165000000,1744948110194000000,0
workspaceModel.global.apply.state.to.project.ms,1744948090165000000,1744948110194000000,0
workspaceModel.sync.entities.ms,1744948090165000000,1744948110194000000,0
workspaceModel.mutableEntityStorage.to.snapshot.ms,1744948090165000000,1744948110194000000,0
jps.library.entities.serializer.load.entities.ms,1744948090165000000,1744948110194000000,0
jps.save.changed.project.entities.ms,1744948090165000000,1744948110194000000,0
Indexing.writer_0.totalTimeSpentWritingMs,1744948090165000000,1744948110194000000,0
Indexing.writesQueuedMin,1744948090165000000,1744948110194000000,9223372036854775807
Indexing.cache.totalCacheAccesses,1744948090165000000,1744948110194000000,0
Indexes.entries.lookupDurationMaxMs,1744948090165000000,1744948110194000000,0.0
Indexes.stubs.lookupDurationMaxMs,1744948090165000000,1744948110194000000,0.0
Indexes.entries.lookupDuration90PMs,1744948090165000000,1744948110194000000,0.0
Indexes.allKeys.lookupDurationMaxMs,1744948090165000000,1744948110194000000,0.0
Indexing.writer_2.totalTimeSpentWritingMs,1744948090165000000,1744948110194000000,0
Indexes.stubs.lookupDuration90PMs,1744948090165000000,1744948110194000000,0.0
Indexes.stubs.lookupDurationAvgMs,1744948090165000000,1744948110194000000,0.0
Indexes.entries.lookups,1744948090165000000,1744948110194000000,0
Indexing.writer_1.totalTimeSpentWritingMs,1744948090165000000,1744948110194000000,0
Indexes.allKeys.lookupDurationAvgMs,1744948090165000000,1744948110194000000,0.0
Indexing.writesQueuedMax,1744948090165000000,1744948110194000000,0
Indexing.cache.totalCacheMisses,1744948090165000000,1744948110194000000,0
Indexes.stubs.lookups,1744948090165000000,1744948110194000000,0
Indexes.allKeys.lookupDuration90PMs,1744948090165000000,1744948110194000000,0.0
Indexing.cache.totalCacheEvicted,1744948090165000000,1744948110194000000,168
Indexes.allKeys.lookups,1744948090165000000,1744948110194000000,0
Indexing.writer_3.totalTimeSpentWritingMs,1744948090165000000,1744948110194000000,0
Indexing.totalTimeIndexersSleptMs,1744948090165000000,1744948110194000000,0
Indexes.entries.lookupDurationAvgMs,1744948090165000000,1744948110194000000,0.0
JVM.totalTimeAtSafepointsMs,1744948090165000000,1744948110194000000,0
JVM.usedNativeBytes,1744948090165000000,1744948110194000000,500856176
OS.loadAverage,1744948090165000000,1744948110194000000,0.52197265625
JVM.maxHeapBytes,1744948090165000000,1744948110194000000,2147483648
JVM.usedHeapBytes,1744948090165000000,1744948110194000000,760165920
JVM.GC.collectionTimesMs,1744948090165000000,1744948110194000000,0
JVM.totalDirectByteBuffersBytes,1744948090165000000,1744948110194000000,42801050
JVM.totalSafepointCount,1744948090165000000,1744948110194000000,8
JVM.totalTimeToSafepointsMs,1744948090165000000,1744948110194000000,0
JVM.maxThreadCount,1744948090165000000,1744948110194000000,132
JVM.totalCpuTimeMs,1744948090165000000,1744948110194000000,4360
JVM.threadCount,1744948090165000000,1744948110194000000,48
JVM.newThreadsCount,1744948090165000000,1744948110194000000,18
JVM.GC.collections,1744948090165000000,1744948110194000000,0
JVM.totalBytesAllocated,1744948090165000000,1744948110194000000,54229344
FileChannelInterruptsRetryer.totalRetriedAttempts,1744948090165000000,1744948110194000000,0
FilePageCacheLockFree.totalBytesRequested,1744948090165000000,1744948110194000000,0
FilePageCacheLockFree.totalPagesRequested,1744948090165000000,1744948110194000000,0
FilePageCache.disposedBuffers,1744948090165000000,1744948110194000000,182
DirectByteBufferAllocator.misses,1744948090165000000,1744948110194000000,0
FilePageCacheLockFree.totalNativeBytesReclaimed,1744948090165000000,1744948110194000000,0
FilePageCache.pageLoadsAboveSizeThreshold,1744948090165000000,1744948110194000000,0
FilePageCache.pageFastCacheHits,1744948090165000000,1744948110194000000,173
FilePageCacheLockFree.housekeeperTurnsSkipped,1744948090165000000,1744948110194000000,0
DirectByteBufferAllocator.totalSizeOfBuffersCachedInBytes,1744948090165000000,1744948110194000000,42082304
FilePageCache.uncachedFileAccess,1744948090165000000,1744948110194000000,15
FilePageCacheLockFree.totalPagesReclaimed,1744948090165000000,1744948110194000000,0
FilePageCacheLockFree.totalPagesRequestsMs,1744948090165000000,1744948110194000000,0
DirectByteBufferAllocator.reclaimed,1744948090165000000,1744948110194000000,57
FilePageCache.capacityInBytes,1744948090165000000,1744948110194000000,503316478
StorageLockContext.competingThreads.avg,1744948090165000000,1744948110194000000,0.0
FilePageCache.totalPageLoadsUs,1744948090165000000,1744948110194000000,0
StorageLockContext.competingThreads.90P,1744948090165000000,1744948110194000000,0
FilePageCacheLockFree.totalBytesWritten,1744948090165000000,1744948110194000000,0
FilePageCache.pageHits,1744948090165000000,1744948110194000000,0
FilePageCacheLockFree.totalPagesHandedOver,1744948090165000000,1744948110194000000,0
FilePageCacheLockFree.totalPagesWritten,1744948090165000000,1744948110194000000,0
FilePageCacheLockFree.totalClosedStoragesReclaimed,1744948090165000000,1744948110194000000,0
FilePageCacheLockFree.totalPagesWriteMs,1744948090165000000,1744948110194000000,0
FilePageCacheLockFree.totalPageAllocationsWaited,1744948090165000000,1744948110194000000,0
FilePageCacheLockFree.nativeBytesInUse,1744948090165000000,1744948110194000000,0
DirectByteBufferAllocator.totalSizeOfBuffersAllocatedInBytes,1744948090165000000,1744948110194000000,42082304
FilePageCacheLockFree.totalBytesRead,1744948090165000000,1744948110194000000,0
FilePageCache.totalPageDisposalsUs,1744948090165000000,1744948110194000000,0
FilePageCache.maxRegisteredFiles,1744948090165000000,1744948110194000000,261
DirectByteBufferAllocator.disposed,1744948090165000000,1744948110194000000,125
FilePageCache.pageLoads,1744948090165000000,1744948110194000000,0
FilePageCacheLockFree.totalPagesAllocated,1744948090165000000,1744948110194000000,0
FilePageCacheLockFree.totalHeapBytesReclaimed,1744948090165000000,1744948110194000000,0
FilePageCacheLockFree.heapBytesInUse,1744948090165000000,1744948110194000000,0
FilePageCache.maxCacheSizeInBytes,1744948090165000000,1744948110194000000,173154304
DirectByteBufferAllocator.hits,1744948090165000000,1744948110194000000,0
FilePageCacheLockFree.totalNativeBytesAllocated,1744948090165000000,1744948110194000000,0
FilePageCacheLockFree.totalHeapBytesAllocated,1744948090165000000,1744948110194000000,0
StorageLockContext.competingThreads.max,1744948090165000000,1744948110194000000,0
FilePageCacheLockFree.housekeeperTimeSpentMs,1744948090165000000,1744948110194000000,0
FilePageCacheLockFree.housekeeperTurnsDone,1744948090165000000,1744948110194000000,0
FilePageCacheLockFree.totalPagesReadMs,1744948090165000000,1744948110194000000,0
