# OpenTelemetry Metrics report: .csv, 4 fields: 
# <metric name>, <period start, nanoseconds>, <period end, nanoseconds>, <metric value>
# See CsvMetricsExporter for details.
# 
# NAME, PERIOD_START_NANOS, PERIOD_END_NANOS, VALUE
JVM.newThreadsCount,1734276560656000000,1734276620798000000,93
JVM.threadCount,1734276560656000000,1734276620798000000,78
JVM.usedHeapBytes,1734276560656000000,1734276620798000000,356243584
JVM.totalCpuTimeMs,1734276560656000000,1734276620798000000,58230
JVM.totalDirectByteBuffersBytes,1734276560656000000,1734276620798000000,147374813
JVM.usedNativeBytes,1734276560656000000,1734276620798000000,315159272
JVM.totalTimeAtSafepointsMs,1734276560656000000,1734276620798000000,359
JVM.totalTimeToSafepointsMs,1734276560656000000,1734276620798000000,51
JVM.totalSafepointCount,1734276560656000000,1734276620798000000,178
JVM.GC.collections,1734276560656000000,1734276620798000000,38
JVM.maxHeapBytes,1734276560656000000,1734276620798000000,2147483648
JVM.maxThreadCount,1734276560656000000,1734276620798000000,84
OS.loadAverage,1734276560656000000,1734276620798000000,1.369140625
JVM.GC.collectionTimesMs,1734276560656000000,1734276620798000000,334
JVM.totalBytesAllocated,1734276560656000000,1734276620798000000,1236900648
FileNameCache.totalMisses,1734276560656000000,1734276620798000000,2048
VFS.invertedFileNameIndex.requests,1734276560656000000,1734276620798000000,0
VFS.contentStorage.recordsStored,1734276560656000000,1734276620798000000,0
VFS.contentStorage.recordsRead,1734276560656000000,1734276620798000000,40
VFS.contentStorage.recordsDeduplicated,1734276560656000000,1734276620798000000,0
VFS.fileByIdCache.misses,1734276560656000000,1734276620798000000,29
VFS.fileChildByName,1734276560656000000,1734276620798000000,43420
VFS.fileByIdCache.hits,1734276560656000000,1734276620798000000,0
VFS.contentStorage.recordsStoredCompressed,1734276560656000000,1734276620798000000,0
VFS.contentStorage.recordsUncompressedSize,1734276560656000000,1734276620798000000,0
VFS.contentStorage.recordsReadDecompressed,1734276560656000000,1734276620798000000,9
VFS.contentStorage.recordsDecompressionTimeUs,1734276560656000000,1734276620798000000,3066
FileNameCache.queries,1734276560656000000,1734276620798000000,313536
VFS.contentStorage.recordsReadSize,1734276560656000000,1734276620798000000,308856
VFS.contentStorage.recordsStoredSize,1734276560656000000,1734276620798000000,0
lexer.Python.size.bytes,1734276560656000000,1734276620798000000,159111
parser.Python.time.ns,1734276560656000000,1734276620798000000,1806083629
writeAction.median.wait.ms,1734276560656000000,1734276620798000000,0
writeAction.count,1734276560656000000,1734276620798000000,44
parser.Python.size.bytes,1734276560656000000,1734276620798000000,159111
writeAction.max.wait.ms,1734276560656000000,1734276620798000000,2
lexer.Python.time.ns,1734276560656000000,1734276620798000000,448006015
writeAction.wait.ms,1734276560656000000,1734276620798000000,4
workspaceModel.mutableEntityStorage.collect.changes.ms,1734276560656000000,1734276620798000000,2
workspaceModel.mutableEntityStorage.apply.changes.from.ms,1734276560656000000,1734276620798000000,16
workspaceModel.mutableEntityStorage.modify.entity.ms,1734276560656000000,1734276620798000000,5
jps.global.handle.before.change.events.ms,1734276560656000000,1734276620798000000,0
workspaceModel.moduleManagerBridge.load.all.modules.ms,1734276560656000000,1734276620798000000,59
workspaceModel.mutableEntityStorage.changeLog.addReplaceEventForRemovedParent.ms,1734276560656000000,1734276620798000000,0
workspaceModel.moduleManagerBridge.newModule.ms,1734276560656000000,1734276620798000000,0
workspaceModel.mutableEntityStorage.mutable.ext.mapping.ms,1734276560656000000,1734276620798000000,2
jps.global.get.library.ms,1734276560656000000,1734276620798000000,0
workspaceModel.mutableEntityStorage.referrers.ms,1734276560656000000,1734276620798000000,0
workspaceModel.moduleBridge.facet.initialization.ms,1734276560656000000,1734276620798000000,1
jps.artifact.entities.serializer.load.entities.ms,1734276560656000000,1734276620798000000,0
workspaceModel.mutableEntityStorage.changeLog.addReplaceEventForRemovedChild.ms,1734276560656000000,1734276620798000000,0
workspaceModel.global.updates.count,1734276560656000000,1734276620798000000,1
jps.apply.loaded.storage.ms,1734276560656000000,1734276620798000000,22
workspaceModel.mutableEntityStorage.changeLog.addReplaceEventForNewParent.ms,1734276560656000000,1734276620798000000,0
jps.global.get.libraries.ms,1734276560656000000,1734276620798000000,1
jps.reload.project.entities.ms,1734276560656000000,1734276620798000000,0
workspaceModel.mutableEntityStorage.to.snapshot.ms,1734276560656000000,1734276620798000000,3
workspaceModel.global.updates.ms,1734276560656000000,1734276620798000000,28
workspaceModel.moduleManagerBridge.new.nonPersistent.module.ms,1734276560656000000,1734276620798000000,0
jps.project.serializers.load.ms,1734276560656000000,1734276620798000000,64
workspaceModel.moduleBridge.before.changed.ms,1734276560656000000,1734276620798000000,0
jps.global.get.library.by.name.ms,1734276560656000000,1734276620798000000,0
jps.save.changed.project.entities.ms,1734276560656000000,1734276620798000000,0
jps.global.initialize.library.bridges.after.loading.ms,1734276560656000000,1734276620798000000,1
jps.library.entities.serializer.load.entities.ms,1734276560656000000,1734276620798000000,0
workspaceModel.moduleManagerBridge.set.unloadedModules.ms,1734276560656000000,1734276620798000000,0
workspaceModel.moduleBridgeLoader.loading.modules.ms,1734276560656000000,1734276620798000000,711
jps.project.serializers.save.ms,1734276560656000000,1734276620798000000,0
workspaceModel.mutableEntityStorage.put.entity.ms,1734276560656000000,1734276620798000000,11
jps.load.initial.state.ms,1734276560656000000,1734276620798000000,138
jps.storage.jps.conf.reader.load.component.ms,1734276560656000000,1734276620798000000,13
jps.library.entities.serializer.save.entities.ms,1734276560656000000,1734276620798000000,0
workspaceModel.global.apply.state.to.project.ms,1734276560656000000,1734276620798000000,111
workspaceModel.moduleManagerBridge.load.module.ms,1734276560656000000,1734276620798000000,0
jps.global.initialize.library.bridges.ms,1734276560656000000,1734276620798000000,1
workspaceModel.mutableEntityStorage.remove.entity.ms,1734276560656000000,1734276620798000000,0
workspaceModel.mutableEntityStorage.has.same.entities.ms,1734276560656000000,1734276620798000000,0
workspaceModel.mutableEntityStorage.instances.count,1734276560656000000,1734276620798000000,27
workspaceModel.mutableEntityStorage.add.entity.ms,1734276560656000000,1734276620798000000,55
workspaceModel.delayed.project.synchronizer.sync.ms,1734276560656000000,1734276620798000000,113
workspaceModel.moduleManagerBridge.build.module.graph.ms,1734276560656000000,1734276620798000000,2
workspaceModel.load.cache.from.file.ms,1734276560656000000,1734276620798000000,321
workspaceModel.moduleBridge.update.option.ms,1734276560656000000,1734276620798000000,0
jps.load.project.to.empty.storage.ms,1734276560656000000,1734276620798000000,86
workspaceModel.sync.entities.ms,1734276560656000000,1734276620798000000,0
jps.app.storage.content.reader.load.component.ms,1734276560656000000,1734276620798000000,12
jps.module.dependency.index.workspace.model.listener.on.changed.ms,1734276560656000000,1734276620798000000,0
workspaceModel.mutableEntityStorage.mutable.vfurl.index.ms,1734276560656000000,1734276620798000000,0
jps.global.handle.changed.events.ms,1734276560656000000,1734276620798000000,0
jps.facet.change.listener.init.bridge.ms,1734276560656000000,1734276620798000000,0
workspaceModel.mutableEntityStorage.entities.ms,1734276560656000000,1734276620798000000,1
workspaceModel.do.save.caches.ms,1734276560656000000,1734276620798000000,113
jps.artifact.entities.serializer.save.entities.ms,1734276560656000000,1734276620798000000,0
workspaceModel.mutableEntityStorage.resolve.ms,1734276560656000000,1734276620798000000,0
workspaceModel.orphan.listener.update.ms,1734276560656000000,1734276620798000000,3
workspaceModel.moduleManagerBridge.create.module.instance.ms,1734276560656000000,1734276620798000000,0
workspaceModel.moduleManagerBridge.get.modules.ms,1734276560656000000,1734276620798000000,2
jps.facet.change.listener.process.change.events.ms,1734276560656000000,1734276620798000000,1
workspaceModel.mutableEntityStorage.replace.by.source.ms,1734276560656000000,1734276620798000000,38
workspaceModel.save.cache.to.file.ms,1734276560656000000,1734276620798000000,111
workspaceModel.global.apply.state.to.project.builder.ms,1734276560656000000,1734276620798000000,16
jps.facet.change.listener.before.change.events.ms,1734276560656000000,1734276620798000000,0
jps.module.iml.entities.serializer.load.entities.ms,1734276560656000000,1734276620798000000,30
jps.save.global.entities.ms,1734276560656000000,1734276620798000000,0
jps.module.iml.entities.serializer.save.entities.ms,1734276560656000000,1734276620798000000,0
workspaceModel.load.cache.metadata.from.file.ms,1734276560656000000,1734276620798000000,36
workspaceModel.mutableEntityStorage.changeLog.addReplaceEventForNewChild.ms,1734276560656000000,1734276620798000000,0
workspaceModel.mutableEntityStorage.entities.by.source.ms,1734276560656000000,1734276620798000000,0
FlushQueue.queueSize90P,1734276560656000000,1734276620798000000,0
FlushQueue.executionTime90PNs,1734276560656000000,1734276620798000000,0
AWTEventQueue.dispatchTimeMaxNs,1734276560656000000,1734276620798000000,0
NonBlockingReadAction.failedExecutionsCount,1734276560656000000,1734276620798000000,2
AWTEventQueue.eventsDispatched,1734276560656000000,1734276620798000000,0
ReadAction.executionsCount,1734276560656000000,1734276620798000000,31765
FlushQueue.queueSizeAvg,1734276560656000000,1734276620798000000,0.0
FlushQueue.waitingTimeMaxNs,1734276560656000000,1734276620798000000,0
FlushQueue.tasksExecuted,1734276560656000000,1734276620798000000,0
FlushQueue.queueSizeMax,1734276560656000000,1734276620798000000,0
FlushQueue.executionTimeMaxNs,1734276560656000000,1734276620798000000,0
NonBlockingReadAction.finalizedExecutionsCount,1734276560656000000,1734276620798000000,69
WriteAction.executionsCount,1734276560656000000,1734276620798000000,44
FlushQueue.executionTimeAvgNs,1734276560656000000,1734276620798000000,0.0
AWTEventQueue.dispatchTimeTotalNS,1734276560656000000,1734276620798000000,6831192171
NonBlockingReadAction.failedExecutionTimeUs,1734276560656000000,1734276620798000000,64524
NonBlockingReadAction.finalizedExecutionTimeUs,1734276560656000000,1734276620798000000,6366934
AWTEventQueue.dispatchTimeAvgNs,1734276560656000000,1734276620798000000,0.0
FlushQueue.waitingTime90PNs,1734276560656000000,1734276620798000000,0
AWTEventQueue.dispatchTime90PNs,1734276560656000000,1734276620798000000,0
FlushQueue.waitingTimeAvgNs,1734276560656000000,1734276620798000000,0.0
workspaceModel.collect.changes.ms,1734276560656000000,1734276620798000000,0
workspaceModel.cachedValue.total.get.count,1734276560656000000,1734276620798000000,1941
workspaceModel.full.replace.project.model.ms,1734276560656000000,1734276620798000000,4
workspaceModel.workspaceFileIndexData.getFileInfo.ms,1734276560656000000,1734276620798000000,1952
workspaceModel.loading.total.ms,1734276560656000000,1734276620798000000,327
workspaceModel.updates.ms,1734276560656000000,1734276620798000000,76
workspaceModel.entityStorageSnapshotImpl.instances.count,1734276560656000000,1734276620798000000,19
workspaceModel.loading.from.cache.ms,1734276560656000000,1734276620798000000,309
workspaceModel.workspaceFileIndexData.updateDirtyEntities.ms,1734276560656000000,1734276620798000000,0
workspaceModel.updates.precise.ms,1734276560656000000,1734276620798000000,28
workspaceModel.updates.count,1734276560656000000,1734276620798000000,3
workspaceModel.cachedValue.from.cache.count,1734276560656000000,1734276620798000000,1931
workspaceModel.workspaceFileIndexData.init.ms,1734276560656000000,1734276620798000000,112
workspaceModel.cachedValue.calculated.count,1734276560656000000,1734276620798000000,10
workspaceModel.replace.project.model.ms,1734276560656000000,1734276620798000000,0
workspaceModel.on.before.changed.ms,1734276560656000000,1734276620798000000,28
workspaceModel.update.unloaded.entities.ms,1734276560656000000,1734276620798000000,0
workspaceModel.workspaceFileIndexContributor.registerFileSets.ms,1734276560656000000,1734276620798000000,189
workspaceModel.cachedValueWithParameters.total.get.count,1734276560656000000,1734276620798000000,0
workspaceModel.workspaceFileIndexData.getDirectoriesByPackageName.ms,1734276560656000000,1734276620798000000,0
workspaceModel.cachedValueWithParameters.from.cache.count,1734276560656000000,1734276620798000000,0
workspaceModel.workspaceFileIndexData.getPackageName.ms,1734276560656000000,1734276620798000000,0
workspaceModel.cachedValue.clear.count,1734276560656000000,1734276620798000000,0
workspaceModel.workspaceFileIndexData.onEntitiesChanged.ms,1734276560656000000,1734276620798000000,0
workspaceModel.workspaceFileIndexData.visitFileSets.ms,1734276560656000000,1734276620798000000,0
workspaceModel.cachedValueWithParameters.calculated.count,1734276560656000000,1734276620798000000,0
workspaceModel.workspaceFileIndexData.instances.count,1734276560656000000,1734276620798000000,1
workspaceModel.initializing.ms,1734276560656000000,1734276620798000000,4
workspaceModel.workspaceFileIndexData.processFileSets.ms,1734276560656000000,1734276620798000000,0
workspaceModel.init.bridges.ms,1734276560656000000,1734276620798000000,4
workspaceModel.pre.handlers.ms,1734276560656000000,1734276620798000000,0
workspaceModel.cachedValueWithParameters.clear.count,1734276560656000000,1734276620798000000,0
workspaceModel.on.changed.ms,1734276560656000000,1734276620798000000,14
workspaceModel.workspaceFileIndexData.markDirty.ms,1734276560656000000,1734276620798000000,0
workspaceModel.check.recursive.update.ms,1734276560656000000,1734276620798000000,2
workspaceModel.to.snapshot.ms,1734276560656000000,1734276620798000000,0
FilePageCacheLockFree.totalClosedStoragesReclaimed,1734276560656000000,1734276620798000000,0
DirectByteBufferAllocator.misses,1734276560656000000,1734276620798000000,141
DirectByteBufferAllocator.totalSizeOfBuffersAllocatedInBytes,1734276560656000000,1734276620798000000,143687680
StorageLockContext.competingThreads.90P,1734276560656000000,1734276620798000000,0
StreamlinedBlobStorage.totalLiveRecordsPayloadBytes,1734276560656000000,1734276620798000000,355794
FilePageCacheLockFree.heapBytesInUse,1734276560656000000,1734276620798000000,0
StreamlinedBlobStorage.recordsRelocated,1734276560656000000,1734276620798000000,0
FilePageCacheLockFree.totalBytesRead,1734276560656000000,1734276620798000000,0
FilePageCache.capacityInBytes,1734276560656000000,1734276620798000000,503316478
FilePageCacheLockFree.totalNativeBytesAllocated,1734276560656000000,1734276620798000000,0
StreamlinedBlobStorage.recordsAllocated,1734276560656000000,1734276620798000000,11129
DirectByteBufferAllocator.totalSizeOfBuffersCachedInBytes,1734276560656000000,1734276620798000000,0
MappedFileStorage.totalTimeSpentOnMappingUs,1734276560656000000,1734276620798000000,26897
FilePageCache.disposedBuffers,1734276560656000000,1734276620798000000,3
FilePageCache.maxCacheSizeInBytes,1734276560656000000,1734276620798000000,143687680
FilePageCache.pageFastCacheHits,1734276560656000000,1734276620798000000,5505
FilePageCacheLockFree.totalHeapBytesAllocated,1734276560656000000,1734276620798000000,0
StreamlinedBlobStorage.totalLiveRecordsCapacityBytes,1734276560656000000,1734276620798000000,782968
FilePageCacheLockFree.totalPagesHandedOver,1734276560656000000,1734276620798000000,0
FilePageCacheLockFree.totalPagesAllocated,1734276560656000000,1734276620798000000,0
FileChannelInterruptsRetryer.totalRetriedAttempts,1734276560656000000,1734276620798000000,0
FilePageCache.pageHits,1734276560656000000,1734276620798000000,0
StorageLockContext.competingThreads.max,1734276560656000000,1734276620798000000,0
FilePageCacheLockFree.totalPageAllocationsWaited,1734276560656000000,1734276620798000000,0
FilePageCacheLockFree.totalBytesWritten,1734276560656000000,1734276620798000000,0
FilePageCacheLockFree.totalBytesRequested,1734276560656000000,1734276620798000000,0
FilePageCacheLockFree.totalNativeBytesReclaimed,1734276560656000000,1734276620798000000,0
StreamlinedBlobStorage.recordsDeleted,1734276560656000000,1734276620798000000,2
FilePageCacheLockFree.housekeeperTimeSpentMs,1734276560656000000,1734276620798000000,0
FilePageCacheLockFree.totalPagesReclaimed,1734276560656000000,1734276620798000000,0
FilePageCache.totalPageLoadsUs,1734276560656000000,1734276620798000000,343056
FilePageCacheLockFree.totalPagesReadMs,1734276560656000000,1734276620798000000,0
StorageLockContext.competingThreads.avg,1734276560656000000,1734276620798000000,0.0
FilePageCache.pageLoadsAboveSizeThreshold,1734276560656000000,1734276620798000000,0
FilePageCacheLockFree.totalPagesRequested,1734276560656000000,1734276620798000000,0
FilePageCache.totalPageDisposalsUs,1734276560656000000,1734276620798000000,1551
FilePageCache.pageLoads,1734276560656000000,1734276620798000000,144
FilePageCacheLockFree.housekeeperTurnsDone,1734276560656000000,1734276620798000000,0
FilePageCacheLockFree.totalPagesWriteMs,1734276560656000000,1734276620798000000,0
FilePageCache.maxRegisteredFiles,1734276560656000000,1734276620798000000,259
FilePageCache.uncachedFileAccess,1734276560656000000,1734276620798000000,98
MappedFileStorage.totalBytesMapped,1734276560656000000,1734276620798000000,202637312
DirectByteBufferAllocator.disposed,1734276560656000000,1734276620798000000,0
FilePageCacheLockFree.totalHeapBytesReclaimed,1734276560656000000,1734276620798000000,0
FilePageCacheLockFree.totalPagesRequestsMs,1734276560656000000,1734276620798000000,0
MappedFileStorage.storages,1734276560656000000,1734276620798000000,16
DirectByteBufferAllocator.reclaimed,1734276560656000000,1734276620798000000,3
MappedFileStorage.totalPagesMapped,1734276560656000000,1734276620798000000,16
FilePageCacheLockFree.nativeBytesInUse,1734276560656000000,1734276620798000000,0
FilePageCacheLockFree.totalPagesWritten,1734276560656000000,1734276620798000000,0
FilePageCacheLockFree.housekeeperTurnsSkipped,1734276560656000000,1734276620798000000,0
DirectByteBufferAllocator.hits,1734276560656000000,1734276620798000000,3
Indexes.stubs.lookupDuration90PMs,1734276560656000000,1734276620798000000,0.0
IndexesFlusher.totalFlushingTimeUs,1734276560656000000,1734276620798000000,154142
Indexes.allKeys.lookups,1734276560656000000,1734276620798000000,0
Indexes.stubs.lookupDurationMaxMs,1734276560656000000,1734276620798000000,0.0
Indexes.allKeys.lookupDurationAvgMs,1734276560656000000,1734276620798000000,0.0
Indexes.entries.lookupDuration90PMs,1734276560656000000,1734276620798000000,0.0
Indexes.entries.lookupDurationAvgMs,1734276560656000000,1734276620798000000,0.0
Indexes.stubs.lookups,1734276560656000000,1734276620798000000,12
Indexes.entries.lookups,1734276560656000000,1734276620798000000,7
Indexes.allKeys.lookupDuration90PMs,1734276560656000000,1734276620798000000,0.0
Indexes.allKeys.lookupDurationMaxMs,1734276560656000000,1734276620798000000,0.0
Indexes.stubs.lookupDurationAvgMs,1734276560656000000,1734276620798000000,0.0
Indexes.entries.lookupDurationMaxMs,1734276560656000000,1734276620798000000,0.0
IndexesFlusher.totalFlushes,1734276560656000000,1734276620798000000,59
IndexesFlusher.totalFlushesRetried,1734276560656000000,1734276620798000000,0
IndexesFlusher.totalContentionQuotaSpent,1734276560656000000,1734276620798000000,0
cacheStateStorage.set.counter,1734276560656000000,1734276620798000000,2
cacheStateStorage.set.duration,1734276560656000000,1734276620798000000,12
cacheStateStorage.get.duration,1734276560656000000,1734276620798000000,231
cacheStateStorage.get.counter,1734276560656000000,1734276620798000000,44
JVM.newThreadsCount,1734276620798000000,1734276680693000000,0
JVM.threadCount,1734276620798000000,1734276680693000000,38
JVM.usedHeapBytes,1734276620798000000,1734276680693000000,366729344
JVM.totalCpuTimeMs,1734276620798000000,1734276680693000000,1430
JVM.totalDirectByteBuffersBytes,1734276620798000000,1734276680693000000,144972880
JVM.usedNativeBytes,1734276620798000000,1734276680693000000,317080320
JVM.totalTimeAtSafepointsMs,1734276620798000000,1734276680693000000,1
JVM.totalTimeToSafepointsMs,1734276620798000000,1734276680693000000,0
JVM.totalSafepointCount,1734276620798000000,1734276680693000000,32
JVM.GC.collections,1734276620798000000,1734276680693000000,0
JVM.maxHeapBytes,1734276620798000000,1734276680693000000,2147483648
JVM.maxThreadCount,1734276620798000000,1734276680693000000,84
OS.loadAverage,1734276620798000000,1734276680693000000,0.83203125
JVM.GC.collectionTimesMs,1734276620798000000,1734276680693000000,0
JVM.totalBytesAllocated,1734276620798000000,1734276680693000000,10037416
FileNameCache.totalMisses,1734276620798000000,1734276680693000000,0
VFS.invertedFileNameIndex.requests,1734276620798000000,1734276680693000000,0
VFS.contentStorage.recordsStored,1734276620798000000,1734276680693000000,0
VFS.contentStorage.recordsRead,1734276620798000000,1734276680693000000,0
VFS.contentStorage.recordsDeduplicated,1734276620798000000,1734276680693000000,0
VFS.fileByIdCache.misses,1734276620798000000,1734276680693000000,0
VFS.fileChildByName,1734276620798000000,1734276680693000000,0
VFS.fileByIdCache.hits,1734276620798000000,1734276680693000000,0
VFS.contentStorage.recordsStoredCompressed,1734276620798000000,1734276680693000000,0
VFS.contentStorage.recordsUncompressedSize,1734276620798000000,1734276680693000000,0
VFS.contentStorage.recordsReadDecompressed,1734276620798000000,1734276680693000000,0
VFS.contentStorage.recordsDecompressionTimeUs,1734276620798000000,1734276680693000000,0
FileNameCache.queries,1734276620798000000,1734276680693000000,0
VFS.contentStorage.recordsReadSize,1734276620798000000,1734276680693000000,0
VFS.contentStorage.recordsStoredSize,1734276620798000000,1734276680693000000,0
writeAction.median.wait.ms,1734276620798000000,1734276680693000000,0
writeAction.count,1734276620798000000,1734276680693000000,0
writeAction.max.wait.ms,1734276620798000000,1734276680693000000,2
writeAction.wait.ms,1734276620798000000,1734276680693000000,0
workspaceModel.mutableEntityStorage.collect.changes.ms,1734276620798000000,1734276680693000000,0
workspaceModel.mutableEntityStorage.apply.changes.from.ms,1734276620798000000,1734276680693000000,0
workspaceModel.mutableEntityStorage.modify.entity.ms,1734276620798000000,1734276680693000000,0
jps.global.handle.before.change.events.ms,1734276620798000000,1734276680693000000,0
workspaceModel.moduleManagerBridge.load.all.modules.ms,1734276620798000000,1734276680693000000,0
workspaceModel.mutableEntityStorage.changeLog.addReplaceEventForRemovedParent.ms,1734276620798000000,1734276680693000000,0
workspaceModel.moduleManagerBridge.newModule.ms,1734276620798000000,1734276680693000000,0
workspaceModel.mutableEntityStorage.mutable.ext.mapping.ms,1734276620798000000,1734276680693000000,0
jps.global.get.library.ms,1734276620798000000,1734276680693000000,0
workspaceModel.mutableEntityStorage.referrers.ms,1734276620798000000,1734276680693000000,0
workspaceModel.moduleBridge.facet.initialization.ms,1734276620798000000,1734276680693000000,0
jps.artifact.entities.serializer.load.entities.ms,1734276620798000000,1734276680693000000,0
workspaceModel.mutableEntityStorage.changeLog.addReplaceEventForRemovedChild.ms,1734276620798000000,1734276680693000000,0
workspaceModel.global.updates.count,1734276620798000000,1734276680693000000,0
jps.apply.loaded.storage.ms,1734276620798000000,1734276680693000000,0
workspaceModel.mutableEntityStorage.changeLog.addReplaceEventForNewParent.ms,1734276620798000000,1734276680693000000,0
jps.global.get.libraries.ms,1734276620798000000,1734276680693000000,0
jps.reload.project.entities.ms,1734276620798000000,1734276680693000000,0
workspaceModel.mutableEntityStorage.to.snapshot.ms,1734276620798000000,1734276680693000000,0
workspaceModel.global.updates.ms,1734276620798000000,1734276680693000000,0
workspaceModel.moduleManagerBridge.new.nonPersistent.module.ms,1734276620798000000,1734276680693000000,0
jps.project.serializers.load.ms,1734276620798000000,1734276680693000000,0
workspaceModel.moduleBridge.before.changed.ms,1734276620798000000,1734276680693000000,0
jps.global.get.library.by.name.ms,1734276620798000000,1734276680693000000,0
jps.save.changed.project.entities.ms,1734276620798000000,1734276680693000000,0
jps.global.initialize.library.bridges.after.loading.ms,1734276620798000000,1734276680693000000,0
jps.library.entities.serializer.load.entities.ms,1734276620798000000,1734276680693000000,0
workspaceModel.moduleManagerBridge.set.unloadedModules.ms,1734276620798000000,1734276680693000000,0
workspaceModel.moduleBridgeLoader.loading.modules.ms,1734276620798000000,1734276680693000000,0
jps.project.serializers.save.ms,1734276620798000000,1734276680693000000,0
workspaceModel.mutableEntityStorage.put.entity.ms,1734276620798000000,1734276680693000000,0
jps.load.initial.state.ms,1734276620798000000,1734276680693000000,0
jps.storage.jps.conf.reader.load.component.ms,1734276620798000000,1734276680693000000,0
jps.library.entities.serializer.save.entities.ms,1734276620798000000,1734276680693000000,0
workspaceModel.global.apply.state.to.project.ms,1734276620798000000,1734276680693000000,0
workspaceModel.moduleManagerBridge.load.module.ms,1734276620798000000,1734276680693000000,0
jps.global.initialize.library.bridges.ms,1734276620798000000,1734276680693000000,0
workspaceModel.mutableEntityStorage.remove.entity.ms,1734276620798000000,1734276680693000000,0
workspaceModel.mutableEntityStorage.has.same.entities.ms,1734276620798000000,1734276680693000000,0
workspaceModel.mutableEntityStorage.instances.count,1734276620798000000,1734276680693000000,0
workspaceModel.mutableEntityStorage.add.entity.ms,1734276620798000000,1734276680693000000,0
workspaceModel.delayed.project.synchronizer.sync.ms,1734276620798000000,1734276680693000000,0
workspaceModel.moduleManagerBridge.build.module.graph.ms,1734276620798000000,1734276680693000000,0
workspaceModel.load.cache.from.file.ms,1734276620798000000,1734276680693000000,0
workspaceModel.moduleBridge.update.option.ms,1734276620798000000,1734276680693000000,0
jps.load.project.to.empty.storage.ms,1734276620798000000,1734276680693000000,0
workspaceModel.sync.entities.ms,1734276620798000000,1734276680693000000,0
jps.app.storage.content.reader.load.component.ms,1734276620798000000,1734276680693000000,0
jps.module.dependency.index.workspace.model.listener.on.changed.ms,1734276620798000000,1734276680693000000,0
workspaceModel.mutableEntityStorage.mutable.vfurl.index.ms,1734276620798000000,1734276680693000000,0
jps.global.handle.changed.events.ms,1734276620798000000,1734276680693000000,0
jps.facet.change.listener.init.bridge.ms,1734276620798000000,1734276680693000000,0
workspaceModel.mutableEntityStorage.entities.ms,1734276620798000000,1734276680693000000,0
workspaceModel.do.save.caches.ms,1734276620798000000,1734276680693000000,0
jps.artifact.entities.serializer.save.entities.ms,1734276620798000000,1734276680693000000,0
workspaceModel.mutableEntityStorage.resolve.ms,1734276620798000000,1734276680693000000,0
workspaceModel.orphan.listener.update.ms,1734276620798000000,1734276680693000000,0
workspaceModel.moduleManagerBridge.create.module.instance.ms,1734276620798000000,1734276680693000000,0
workspaceModel.moduleManagerBridge.get.modules.ms,1734276620798000000,1734276680693000000,0
jps.facet.change.listener.process.change.events.ms,1734276620798000000,1734276680693000000,0
workspaceModel.mutableEntityStorage.replace.by.source.ms,1734276620798000000,1734276680693000000,0
workspaceModel.save.cache.to.file.ms,1734276620798000000,1734276680693000000,0
workspaceModel.global.apply.state.to.project.builder.ms,1734276620798000000,1734276680693000000,0
jps.facet.change.listener.before.change.events.ms,1734276620798000000,1734276680693000000,0
jps.module.iml.entities.serializer.load.entities.ms,1734276620798000000,1734276680693000000,0
jps.save.global.entities.ms,1734276620798000000,1734276680693000000,0
jps.module.iml.entities.serializer.save.entities.ms,1734276620798000000,1734276680693000000,0
workspaceModel.load.cache.metadata.from.file.ms,1734276620798000000,1734276680693000000,0
workspaceModel.mutableEntityStorage.changeLog.addReplaceEventForNewChild.ms,1734276620798000000,1734276680693000000,0
workspaceModel.mutableEntityStorage.entities.by.source.ms,1734276620798000000,1734276680693000000,0
FlushQueue.queueSize90P,1734276620798000000,1734276680693000000,0
FlushQueue.executionTime90PNs,1734276620798000000,1734276680693000000,0
AWTEventQueue.dispatchTimeMaxNs,1734276620798000000,1734276680693000000,0
NonBlockingReadAction.failedExecutionsCount,1734276620798000000,1734276680693000000,0
AWTEventQueue.eventsDispatched,1734276620798000000,1734276680693000000,0
ReadAction.executionsCount,1734276620798000000,1734276680693000000,2
FlushQueue.queueSizeAvg,1734276620798000000,1734276680693000000,0.0
FlushQueue.waitingTimeMaxNs,1734276620798000000,1734276680693000000,0
FlushQueue.tasksExecuted,1734276620798000000,1734276680693000000,0
FlushQueue.queueSizeMax,1734276620798000000,1734276680693000000,0
FlushQueue.executionTimeMaxNs,1734276620798000000,1734276680693000000,0
NonBlockingReadAction.finalizedExecutionsCount,1734276620798000000,1734276680693000000,1
WriteAction.executionsCount,1734276620798000000,1734276680693000000,0
FlushQueue.executionTimeAvgNs,1734276620798000000,1734276680693000000,0.0
AWTEventQueue.dispatchTimeTotalNS,1734276620798000000,1734276680693000000,50877354
NonBlockingReadAction.failedExecutionTimeUs,1734276620798000000,1734276680693000000,0
NonBlockingReadAction.finalizedExecutionTimeUs,1734276620798000000,1734276680693000000,634
AWTEventQueue.dispatchTimeAvgNs,1734276620798000000,1734276680693000000,0.0
FlushQueue.waitingTime90PNs,1734276620798000000,1734276680693000000,0
AWTEventQueue.dispatchTime90PNs,1734276620798000000,1734276680693000000,0
FlushQueue.waitingTimeAvgNs,1734276620798000000,1734276680693000000,0.0
workspaceModel.collect.changes.ms,1734276620798000000,1734276680693000000,0
workspaceModel.cachedValue.total.get.count,1734276620798000000,1734276680693000000,2
workspaceModel.full.replace.project.model.ms,1734276620798000000,1734276680693000000,0
workspaceModel.workspaceFileIndexData.getFileInfo.ms,1734276620798000000,1734276680693000000,0
workspaceModel.loading.total.ms,1734276620798000000,1734276680693000000,0
workspaceModel.updates.ms,1734276620798000000,1734276680693000000,0
workspaceModel.entityStorageSnapshotImpl.instances.count,1734276620798000000,1734276680693000000,0
workspaceModel.loading.from.cache.ms,1734276620798000000,1734276680693000000,0
workspaceModel.workspaceFileIndexData.updateDirtyEntities.ms,1734276620798000000,1734276680693000000,0
workspaceModel.updates.precise.ms,1734276620798000000,1734276680693000000,0
workspaceModel.updates.count,1734276620798000000,1734276680693000000,0
workspaceModel.cachedValue.from.cache.count,1734276620798000000,1734276680693000000,2
workspaceModel.workspaceFileIndexData.init.ms,1734276620798000000,1734276680693000000,0
workspaceModel.cachedValue.calculated.count,1734276620798000000,1734276680693000000,0
workspaceModel.replace.project.model.ms,1734276620798000000,1734276680693000000,0
workspaceModel.on.before.changed.ms,1734276620798000000,1734276680693000000,0
workspaceModel.update.unloaded.entities.ms,1734276620798000000,1734276680693000000,0
workspaceModel.workspaceFileIndexContributor.registerFileSets.ms,1734276620798000000,1734276680693000000,0
workspaceModel.cachedValueWithParameters.total.get.count,1734276620798000000,1734276680693000000,0
workspaceModel.workspaceFileIndexData.getDirectoriesByPackageName.ms,1734276620798000000,1734276680693000000,0
workspaceModel.cachedValueWithParameters.from.cache.count,1734276620798000000,1734276680693000000,0
workspaceModel.workspaceFileIndexData.getPackageName.ms,1734276620798000000,1734276680693000000,0
workspaceModel.cachedValue.clear.count,1734276620798000000,1734276680693000000,0
workspaceModel.workspaceFileIndexData.onEntitiesChanged.ms,1734276620798000000,1734276680693000000,0
workspaceModel.workspaceFileIndexData.visitFileSets.ms,1734276620798000000,1734276680693000000,0
workspaceModel.cachedValueWithParameters.calculated.count,1734276620798000000,1734276680693000000,0
workspaceModel.workspaceFileIndexData.instances.count,1734276620798000000,1734276680693000000,0
workspaceModel.initializing.ms,1734276620798000000,1734276680693000000,0
workspaceModel.workspaceFileIndexData.processFileSets.ms,1734276620798000000,1734276680693000000,0
workspaceModel.init.bridges.ms,1734276620798000000,1734276680693000000,0
workspaceModel.pre.handlers.ms,1734276620798000000,1734276680693000000,0
workspaceModel.cachedValueWithParameters.clear.count,1734276620798000000,1734276680693000000,0
workspaceModel.on.changed.ms,1734276620798000000,1734276680693000000,0
workspaceModel.workspaceFileIndexData.markDirty.ms,1734276620798000000,1734276680693000000,0
workspaceModel.check.recursive.update.ms,1734276620798000000,1734276680693000000,0
workspaceModel.to.snapshot.ms,1734276620798000000,1734276680693000000,0
FilePageCacheLockFree.totalClosedStoragesReclaimed,1734276620798000000,1734276680693000000,0
DirectByteBufferAllocator.misses,1734276620798000000,1734276680693000000,0
DirectByteBufferAllocator.totalSizeOfBuffersAllocatedInBytes,1734276620798000000,1734276680693000000,143687680
StorageLockContext.competingThreads.90P,1734276620798000000,1734276680693000000,0
StreamlinedBlobStorage.totalLiveRecordsPayloadBytes,1734276620798000000,1734276680693000000,0
FilePageCacheLockFree.heapBytesInUse,1734276620798000000,1734276680693000000,0
StreamlinedBlobStorage.recordsRelocated,1734276620798000000,1734276680693000000,0
FilePageCacheLockFree.totalBytesRead,1734276620798000000,1734276680693000000,0
FilePageCache.capacityInBytes,1734276620798000000,1734276680693000000,503316478
FilePageCacheLockFree.totalNativeBytesAllocated,1734276620798000000,1734276680693000000,0
StreamlinedBlobStorage.recordsAllocated,1734276620798000000,1734276680693000000,0
DirectByteBufferAllocator.totalSizeOfBuffersCachedInBytes,1734276620798000000,1734276680693000000,0
MappedFileStorage.totalTimeSpentOnMappingUs,1734276620798000000,1734276680693000000,26897
FilePageCache.disposedBuffers,1734276620798000000,1734276680693000000,0
FilePageCache.maxCacheSizeInBytes,1734276620798000000,1734276680693000000,143687680
FilePageCache.pageFastCacheHits,1734276620798000000,1734276680693000000,0
FilePageCacheLockFree.totalHeapBytesAllocated,1734276620798000000,1734276680693000000,0
StreamlinedBlobStorage.totalLiveRecordsCapacityBytes,1734276620798000000,1734276680693000000,0
FilePageCacheLockFree.totalPagesHandedOver,1734276620798000000,1734276680693000000,0
FilePageCacheLockFree.totalPagesAllocated,1734276620798000000,1734276680693000000,0
FileChannelInterruptsRetryer.totalRetriedAttempts,1734276620798000000,1734276680693000000,0
FilePageCache.pageHits,1734276620798000000,1734276680693000000,0
StorageLockContext.competingThreads.max,1734276620798000000,1734276680693000000,0
FilePageCacheLockFree.totalPageAllocationsWaited,1734276620798000000,1734276680693000000,0
FilePageCacheLockFree.totalBytesWritten,1734276620798000000,1734276680693000000,0
FilePageCacheLockFree.totalBytesRequested,1734276620798000000,1734276680693000000,0
FilePageCacheLockFree.totalNativeBytesReclaimed,1734276620798000000,1734276680693000000,0
StreamlinedBlobStorage.recordsDeleted,1734276620798000000,1734276680693000000,0
FilePageCacheLockFree.housekeeperTimeSpentMs,1734276620798000000,1734276680693000000,0
FilePageCacheLockFree.totalPagesReclaimed,1734276620798000000,1734276680693000000,0
FilePageCache.totalPageLoadsUs,1734276620798000000,1734276680693000000,0
FilePageCacheLockFree.totalPagesReadMs,1734276620798000000,1734276680693000000,0
StorageLockContext.competingThreads.avg,1734276620798000000,1734276680693000000,0.0
FilePageCache.pageLoadsAboveSizeThreshold,1734276620798000000,1734276680693000000,0
FilePageCacheLockFree.totalPagesRequested,1734276620798000000,1734276680693000000,0
FilePageCache.totalPageDisposalsUs,1734276620798000000,1734276680693000000,0
FilePageCache.pageLoads,1734276620798000000,1734276680693000000,0
FilePageCacheLockFree.housekeeperTurnsDone,1734276620798000000,1734276680693000000,0
FilePageCacheLockFree.totalPagesWriteMs,1734276620798000000,1734276680693000000,0
FilePageCache.maxRegisteredFiles,1734276620798000000,1734276680693000000,259
FilePageCache.uncachedFileAccess,1734276620798000000,1734276680693000000,0
MappedFileStorage.totalBytesMapped,1734276620798000000,1734276680693000000,202637312
DirectByteBufferAllocator.disposed,1734276620798000000,1734276680693000000,0
FilePageCacheLockFree.totalHeapBytesReclaimed,1734276620798000000,1734276680693000000,0
FilePageCacheLockFree.totalPagesRequestsMs,1734276620798000000,1734276680693000000,0
MappedFileStorage.storages,1734276620798000000,1734276680693000000,16
DirectByteBufferAllocator.reclaimed,1734276620798000000,1734276680693000000,0
MappedFileStorage.totalPagesMapped,1734276620798000000,1734276680693000000,16
FilePageCacheLockFree.nativeBytesInUse,1734276620798000000,1734276680693000000,0
FilePageCacheLockFree.totalPagesWritten,1734276620798000000,1734276680693000000,0
FilePageCacheLockFree.housekeeperTurnsSkipped,1734276620798000000,1734276680693000000,0
DirectByteBufferAllocator.hits,1734276620798000000,1734276680693000000,0
Indexes.stubs.lookupDuration90PMs,1734276620798000000,1734276680693000000,0.0
IndexesFlusher.totalFlushingTimeUs,1734276620798000000,1734276680693000000,100014
Indexes.allKeys.lookups,1734276620798000000,1734276680693000000,0
Indexes.stubs.lookupDurationMaxMs,1734276620798000000,1734276680693000000,0.0
Indexes.allKeys.lookupDurationAvgMs,1734276620798000000,1734276680693000000,0.0
Indexes.entries.lookupDuration90PMs,1734276620798000000,1734276680693000000,0.0
Indexes.entries.lookupDurationAvgMs,1734276620798000000,1734276680693000000,0.0
Indexes.stubs.lookups,1734276620798000000,1734276680693000000,0
Indexes.entries.lookups,1734276620798000000,1734276680693000000,0
Indexes.allKeys.lookupDuration90PMs,1734276620798000000,1734276680693000000,0.0
Indexes.allKeys.lookupDurationMaxMs,1734276620798000000,1734276680693000000,0.0
Indexes.stubs.lookupDurationAvgMs,1734276620798000000,1734276680693000000,0.0
Indexes.entries.lookupDurationMaxMs,1734276620798000000,1734276680693000000,0.0
IndexesFlusher.totalFlushes,1734276620798000000,1734276680693000000,59
IndexesFlusher.totalFlushesRetried,1734276620798000000,1734276680693000000,0
IndexesFlusher.totalContentionQuotaSpent,1734276620798000000,1734276680693000000,0
cacheStateStorage.set.counter,1734276620798000000,1734276680693000000,0
cacheStateStorage.set.duration,1734276620798000000,1734276680693000000,0
cacheStateStorage.get.duration,1734276620798000000,1734276680693000000,0
cacheStateStorage.get.counter,1734276620798000000,1734276680693000000,0
JVM.newThreadsCount,1734276680693000000,1734276740692000000,3
JVM.threadCount,1734276680693000000,1734276740692000000,37
JVM.usedHeapBytes,1734276680693000000,1734276740692000000,378263680
JVM.totalCpuTimeMs,1734276680693000000,1734276740692000000,1300
JVM.totalDirectByteBuffersBytes,1734276680693000000,1734276740692000000,144955002
JVM.usedNativeBytes,1734276680693000000,1734276740692000000,318456400
JVM.totalTimeAtSafepointsMs,1734276680693000000,1734276740692000000,1
JVM.totalTimeToSafepointsMs,1734276680693000000,1734276740692000000,1
JVM.totalSafepointCount,1734276680693000000,1734276740692000000,16
JVM.GC.collections,1734276680693000000,1734276740692000000,0
JVM.maxHeapBytes,1734276680693000000,1734276740692000000,2147483648
JVM.maxThreadCount,1734276680693000000,1734276740692000000,84
OS.loadAverage,1734276680693000000,1734276740692000000,0.611328125
JVM.GC.collectionTimesMs,1734276680693000000,1734276740692000000,0
JVM.totalBytesAllocated,1734276680693000000,1734276740692000000,9939520
FileNameCache.totalMisses,1734276680693000000,1734276740692000000,0
VFS.invertedFileNameIndex.requests,1734276680693000000,1734276740692000000,0
VFS.contentStorage.recordsStored,1734276680693000000,1734276740692000000,0
VFS.contentStorage.recordsRead,1734276680693000000,1734276740692000000,0
VFS.contentStorage.recordsDeduplicated,1734276680693000000,1734276740692000000,0
VFS.fileByIdCache.misses,1734276680693000000,1734276740692000000,0
VFS.fileChildByName,1734276680693000000,1734276740692000000,8
VFS.fileByIdCache.hits,1734276680693000000,1734276740692000000,0
VFS.contentStorage.recordsStoredCompressed,1734276680693000000,1734276740692000000,0
VFS.contentStorage.recordsUncompressedSize,1734276680693000000,1734276740692000000,0
VFS.contentStorage.recordsReadDecompressed,1734276680693000000,1734276740692000000,0
VFS.contentStorage.recordsDecompressionTimeUs,1734276680693000000,1734276740692000000,0
FileNameCache.queries,1734276680693000000,1734276740692000000,128
VFS.contentStorage.recordsReadSize,1734276680693000000,1734276740692000000,0
VFS.contentStorage.recordsStoredSize,1734276680693000000,1734276740692000000,0
writeAction.median.wait.ms,1734276680693000000,1734276740692000000,0
writeAction.count,1734276680693000000,1734276740692000000,1
writeAction.max.wait.ms,1734276680693000000,1734276740692000000,2
writeAction.wait.ms,1734276680693000000,1734276740692000000,0
workspaceModel.mutableEntityStorage.collect.changes.ms,1734276680693000000,1734276740692000000,0
workspaceModel.mutableEntityStorage.apply.changes.from.ms,1734276680693000000,1734276740692000000,0
workspaceModel.mutableEntityStorage.modify.entity.ms,1734276680693000000,1734276740692000000,0
jps.global.handle.before.change.events.ms,1734276680693000000,1734276740692000000,0
workspaceModel.moduleManagerBridge.load.all.modules.ms,1734276680693000000,1734276740692000000,0
workspaceModel.mutableEntityStorage.changeLog.addReplaceEventForRemovedParent.ms,1734276680693000000,1734276740692000000,0
workspaceModel.moduleManagerBridge.newModule.ms,1734276680693000000,1734276740692000000,0
workspaceModel.mutableEntityStorage.mutable.ext.mapping.ms,1734276680693000000,1734276740692000000,0
jps.global.get.library.ms,1734276680693000000,1734276740692000000,0
workspaceModel.mutableEntityStorage.referrers.ms,1734276680693000000,1734276740692000000,0
workspaceModel.moduleBridge.facet.initialization.ms,1734276680693000000,1734276740692000000,0
jps.artifact.entities.serializer.load.entities.ms,1734276680693000000,1734276740692000000,0
workspaceModel.mutableEntityStorage.changeLog.addReplaceEventForRemovedChild.ms,1734276680693000000,1734276740692000000,0
workspaceModel.global.updates.count,1734276680693000000,1734276740692000000,0
jps.apply.loaded.storage.ms,1734276680693000000,1734276740692000000,0
workspaceModel.mutableEntityStorage.changeLog.addReplaceEventForNewParent.ms,1734276680693000000,1734276740692000000,0
jps.global.get.libraries.ms,1734276680693000000,1734276740692000000,0
jps.reload.project.entities.ms,1734276680693000000,1734276740692000000,0
workspaceModel.mutableEntityStorage.to.snapshot.ms,1734276680693000000,1734276740692000000,0
workspaceModel.global.updates.ms,1734276680693000000,1734276740692000000,0
workspaceModel.moduleManagerBridge.new.nonPersistent.module.ms,1734276680693000000,1734276740692000000,0
jps.project.serializers.load.ms,1734276680693000000,1734276740692000000,0
workspaceModel.moduleBridge.before.changed.ms,1734276680693000000,1734276740692000000,0
jps.global.get.library.by.name.ms,1734276680693000000,1734276740692000000,0
jps.save.changed.project.entities.ms,1734276680693000000,1734276740692000000,0
jps.global.initialize.library.bridges.after.loading.ms,1734276680693000000,1734276740692000000,0
jps.library.entities.serializer.load.entities.ms,1734276680693000000,1734276740692000000,0
workspaceModel.moduleManagerBridge.set.unloadedModules.ms,1734276680693000000,1734276740692000000,0
workspaceModel.moduleBridgeLoader.loading.modules.ms,1734276680693000000,1734276740692000000,0
jps.project.serializers.save.ms,1734276680693000000,1734276740692000000,0
workspaceModel.mutableEntityStorage.put.entity.ms,1734276680693000000,1734276740692000000,0
jps.load.initial.state.ms,1734276680693000000,1734276740692000000,0
jps.storage.jps.conf.reader.load.component.ms,1734276680693000000,1734276740692000000,0
jps.library.entities.serializer.save.entities.ms,1734276680693000000,1734276740692000000,0
workspaceModel.global.apply.state.to.project.ms,1734276680693000000,1734276740692000000,0
workspaceModel.moduleManagerBridge.load.module.ms,1734276680693000000,1734276740692000000,0
jps.global.initialize.library.bridges.ms,1734276680693000000,1734276740692000000,0
workspaceModel.mutableEntityStorage.remove.entity.ms,1734276680693000000,1734276740692000000,0
workspaceModel.mutableEntityStorage.has.same.entities.ms,1734276680693000000,1734276740692000000,0
workspaceModel.mutableEntityStorage.instances.count,1734276680693000000,1734276740692000000,0
workspaceModel.mutableEntityStorage.add.entity.ms,1734276680693000000,1734276740692000000,0
workspaceModel.delayed.project.synchronizer.sync.ms,1734276680693000000,1734276740692000000,0
workspaceModel.moduleManagerBridge.build.module.graph.ms,1734276680693000000,1734276740692000000,0
workspaceModel.load.cache.from.file.ms,1734276680693000000,1734276740692000000,0
workspaceModel.moduleBridge.update.option.ms,1734276680693000000,1734276740692000000,0
jps.load.project.to.empty.storage.ms,1734276680693000000,1734276740692000000,0
workspaceModel.sync.entities.ms,1734276680693000000,1734276740692000000,0
jps.app.storage.content.reader.load.component.ms,1734276680693000000,1734276740692000000,0
jps.module.dependency.index.workspace.model.listener.on.changed.ms,1734276680693000000,1734276740692000000,0
workspaceModel.mutableEntityStorage.mutable.vfurl.index.ms,1734276680693000000,1734276740692000000,0
jps.global.handle.changed.events.ms,1734276680693000000,1734276740692000000,0
jps.facet.change.listener.init.bridge.ms,1734276680693000000,1734276740692000000,0
workspaceModel.mutableEntityStorage.entities.ms,1734276680693000000,1734276740692000000,0
workspaceModel.do.save.caches.ms,1734276680693000000,1734276740692000000,0
jps.artifact.entities.serializer.save.entities.ms,1734276680693000000,1734276740692000000,0
workspaceModel.mutableEntityStorage.resolve.ms,1734276680693000000,1734276740692000000,0
workspaceModel.orphan.listener.update.ms,1734276680693000000,1734276740692000000,0
workspaceModel.moduleManagerBridge.create.module.instance.ms,1734276680693000000,1734276740692000000,0
workspaceModel.moduleManagerBridge.get.modules.ms,1734276680693000000,1734276740692000000,0
jps.facet.change.listener.process.change.events.ms,1734276680693000000,1734276740692000000,0
workspaceModel.mutableEntityStorage.replace.by.source.ms,1734276680693000000,1734276740692000000,0
workspaceModel.save.cache.to.file.ms,1734276680693000000,1734276740692000000,0
workspaceModel.global.apply.state.to.project.builder.ms,1734276680693000000,1734276740692000000,0
jps.facet.change.listener.before.change.events.ms,1734276680693000000,1734276740692000000,0
jps.module.iml.entities.serializer.load.entities.ms,1734276680693000000,1734276740692000000,0
jps.save.global.entities.ms,1734276680693000000,1734276740692000000,0
jps.module.iml.entities.serializer.save.entities.ms,1734276680693000000,1734276740692000000,0
workspaceModel.load.cache.metadata.from.file.ms,1734276680693000000,1734276740692000000,0
workspaceModel.mutableEntityStorage.changeLog.addReplaceEventForNewChild.ms,1734276680693000000,1734276740692000000,0
workspaceModel.mutableEntityStorage.entities.by.source.ms,1734276680693000000,1734276740692000000,0
FlushQueue.queueSize90P,1734276680693000000,1734276740692000000,0
FlushQueue.executionTime90PNs,1734276680693000000,1734276740692000000,0
AWTEventQueue.dispatchTimeMaxNs,1734276680693000000,1734276740692000000,0
NonBlockingReadAction.failedExecutionsCount,1734276680693000000,1734276740692000000,0
AWTEventQueue.eventsDispatched,1734276680693000000,1734276740692000000,0
ReadAction.executionsCount,1734276680693000000,1734276740692000000,336
FlushQueue.queueSizeAvg,1734276680693000000,1734276740692000000,0.0
FlushQueue.waitingTimeMaxNs,1734276680693000000,1734276740692000000,0
FlushQueue.tasksExecuted,1734276680693000000,1734276740692000000,0
FlushQueue.queueSizeMax,1734276680693000000,1734276740692000000,0
FlushQueue.executionTimeMaxNs,1734276680693000000,1734276740692000000,0
NonBlockingReadAction.finalizedExecutionsCount,1734276680693000000,1734276740692000000,2
WriteAction.executionsCount,1734276680693000000,1734276740692000000,1
FlushQueue.executionTimeAvgNs,1734276680693000000,1734276740692000000,0.0
AWTEventQueue.dispatchTimeTotalNS,1734276680693000000,1734276740692000000,119942651
NonBlockingReadAction.failedExecutionTimeUs,1734276680693000000,1734276740692000000,0
NonBlockingReadAction.finalizedExecutionTimeUs,1734276680693000000,1734276740692000000,824
AWTEventQueue.dispatchTimeAvgNs,1734276680693000000,1734276740692000000,0.0
FlushQueue.waitingTime90PNs,1734276680693000000,1734276740692000000,0
AWTEventQueue.dispatchTime90PNs,1734276680693000000,1734276740692000000,0
FlushQueue.waitingTimeAvgNs,1734276680693000000,1734276740692000000,0.0
workspaceModel.collect.changes.ms,1734276680693000000,1734276740692000000,0
workspaceModel.cachedValue.total.get.count,1734276680693000000,1734276740692000000,1
workspaceModel.full.replace.project.model.ms,1734276680693000000,1734276740692000000,0
workspaceModel.workspaceFileIndexData.getFileInfo.ms,1734276680693000000,1734276740692000000,0
workspaceModel.loading.total.ms,1734276680693000000,1734276740692000000,0
workspaceModel.updates.ms,1734276680693000000,1734276740692000000,0
workspaceModel.entityStorageSnapshotImpl.instances.count,1734276680693000000,1734276740692000000,0
workspaceModel.loading.from.cache.ms,1734276680693000000,1734276740692000000,0
workspaceModel.workspaceFileIndexData.updateDirtyEntities.ms,1734276680693000000,1734276740692000000,0
workspaceModel.updates.precise.ms,1734276680693000000,1734276740692000000,0
workspaceModel.updates.count,1734276680693000000,1734276740692000000,0
workspaceModel.cachedValue.from.cache.count,1734276680693000000,1734276740692000000,1
workspaceModel.workspaceFileIndexData.init.ms,1734276680693000000,1734276740692000000,0
workspaceModel.cachedValue.calculated.count,1734276680693000000,1734276740692000000,0
workspaceModel.replace.project.model.ms,1734276680693000000,1734276740692000000,0
workspaceModel.on.before.changed.ms,1734276680693000000,1734276740692000000,0
workspaceModel.update.unloaded.entities.ms,1734276680693000000,1734276740692000000,0
workspaceModel.workspaceFileIndexContributor.registerFileSets.ms,1734276680693000000,1734276740692000000,0
workspaceModel.cachedValueWithParameters.total.get.count,1734276680693000000,1734276740692000000,0
workspaceModel.workspaceFileIndexData.getDirectoriesByPackageName.ms,1734276680693000000,1734276740692000000,0
workspaceModel.cachedValueWithParameters.from.cache.count,1734276680693000000,1734276740692000000,0
workspaceModel.workspaceFileIndexData.getPackageName.ms,1734276680693000000,1734276740692000000,0
workspaceModel.cachedValue.clear.count,1734276680693000000,1734276740692000000,0
workspaceModel.workspaceFileIndexData.onEntitiesChanged.ms,1734276680693000000,1734276740692000000,0
workspaceModel.workspaceFileIndexData.visitFileSets.ms,1734276680693000000,1734276740692000000,0
workspaceModel.cachedValueWithParameters.calculated.count,1734276680693000000,1734276740692000000,0
workspaceModel.workspaceFileIndexData.instances.count,1734276680693000000,1734276740692000000,0
workspaceModel.initializing.ms,1734276680693000000,1734276740692000000,0
workspaceModel.workspaceFileIndexData.processFileSets.ms,1734276680693000000,1734276740692000000,0
workspaceModel.init.bridges.ms,1734276680693000000,1734276740692000000,0
workspaceModel.pre.handlers.ms,1734276680693000000,1734276740692000000,0
workspaceModel.cachedValueWithParameters.clear.count,1734276680693000000,1734276740692000000,0
workspaceModel.on.changed.ms,1734276680693000000,1734276740692000000,0
workspaceModel.workspaceFileIndexData.markDirty.ms,1734276680693000000,1734276740692000000,0
workspaceModel.check.recursive.update.ms,1734276680693000000,1734276740692000000,0
workspaceModel.to.snapshot.ms,1734276680693000000,1734276740692000000,0
FilePageCacheLockFree.totalClosedStoragesReclaimed,1734276680693000000,1734276740692000000,0
DirectByteBufferAllocator.misses,1734276680693000000,1734276740692000000,0
DirectByteBufferAllocator.totalSizeOfBuffersAllocatedInBytes,1734276680693000000,1734276740692000000,143687680
StorageLockContext.competingThreads.90P,1734276680693000000,1734276740692000000,0
StreamlinedBlobStorage.totalLiveRecordsPayloadBytes,1734276680693000000,1734276740692000000,0
FilePageCacheLockFree.heapBytesInUse,1734276680693000000,1734276740692000000,0
StreamlinedBlobStorage.recordsRelocated,1734276680693000000,1734276740692000000,0
FilePageCacheLockFree.totalBytesRead,1734276680693000000,1734276740692000000,0
FilePageCache.capacityInBytes,1734276680693000000,1734276740692000000,503316478
FilePageCacheLockFree.totalNativeBytesAllocated,1734276680693000000,1734276740692000000,0
StreamlinedBlobStorage.recordsAllocated,1734276680693000000,1734276740692000000,0
DirectByteBufferAllocator.totalSizeOfBuffersCachedInBytes,1734276680693000000,1734276740692000000,0
MappedFileStorage.totalTimeSpentOnMappingUs,1734276680693000000,1734276740692000000,26897
FilePageCache.disposedBuffers,1734276680693000000,1734276740692000000,0
FilePageCache.maxCacheSizeInBytes,1734276680693000000,1734276740692000000,143687680
FilePageCache.pageFastCacheHits,1734276680693000000,1734276740692000000,0
FilePageCacheLockFree.totalHeapBytesAllocated,1734276680693000000,1734276740692000000,0
StreamlinedBlobStorage.totalLiveRecordsCapacityBytes,1734276680693000000,1734276740692000000,0
FilePageCacheLockFree.totalPagesHandedOver,1734276680693000000,1734276740692000000,0
FilePageCacheLockFree.totalPagesAllocated,1734276680693000000,1734276740692000000,0
FileChannelInterruptsRetryer.totalRetriedAttempts,1734276680693000000,1734276740692000000,0
FilePageCache.pageHits,1734276680693000000,1734276740692000000,0
StorageLockContext.competingThreads.max,1734276680693000000,1734276740692000000,0
FilePageCacheLockFree.totalPageAllocationsWaited,1734276680693000000,1734276740692000000,0
FilePageCacheLockFree.totalBytesWritten,1734276680693000000,1734276740692000000,0
FilePageCacheLockFree.totalBytesRequested,1734276680693000000,1734276740692000000,0
FilePageCacheLockFree.totalNativeBytesReclaimed,1734276680693000000,1734276740692000000,0
StreamlinedBlobStorage.recordsDeleted,1734276680693000000,1734276740692000000,0
FilePageCacheLockFree.housekeeperTimeSpentMs,1734276680693000000,1734276740692000000,0
FilePageCacheLockFree.totalPagesReclaimed,1734276680693000000,1734276740692000000,0
FilePageCache.totalPageLoadsUs,1734276680693000000,1734276740692000000,0
FilePageCacheLockFree.totalPagesReadMs,1734276680693000000,1734276740692000000,0
StorageLockContext.competingThreads.avg,1734276680693000000,1734276740692000000,0.0
FilePageCache.pageLoadsAboveSizeThreshold,1734276680693000000,1734276740692000000,0
FilePageCacheLockFree.totalPagesRequested,1734276680693000000,1734276740692000000,0
FilePageCache.totalPageDisposalsUs,1734276680693000000,1734276740692000000,0
FilePageCache.pageLoads,1734276680693000000,1734276740692000000,0
FilePageCacheLockFree.housekeeperTurnsDone,1734276680693000000,1734276740692000000,0
FilePageCacheLockFree.totalPagesWriteMs,1734276680693000000,1734276740692000000,0
FilePageCache.maxRegisteredFiles,1734276680693000000,1734276740692000000,259
FilePageCache.uncachedFileAccess,1734276680693000000,1734276740692000000,0
MappedFileStorage.totalBytesMapped,1734276680693000000,1734276740692000000,202637312
DirectByteBufferAllocator.disposed,1734276680693000000,1734276740692000000,0
FilePageCacheLockFree.totalHeapBytesReclaimed,1734276680693000000,1734276740692000000,0
FilePageCacheLockFree.totalPagesRequestsMs,1734276680693000000,1734276740692000000,0
MappedFileStorage.storages,1734276680693000000,1734276740692000000,16
DirectByteBufferAllocator.reclaimed,1734276680693000000,1734276740692000000,0
MappedFileStorage.totalPagesMapped,1734276680693000000,1734276740692000000,16
FilePageCacheLockFree.nativeBytesInUse,1734276680693000000,1734276740692000000,0
FilePageCacheLockFree.totalPagesWritten,1734276680693000000,1734276740692000000,0
FilePageCacheLockFree.housekeeperTurnsSkipped,1734276680693000000,1734276740692000000,0
DirectByteBufferAllocator.hits,1734276680693000000,1734276740692000000,0
Indexes.stubs.lookupDuration90PMs,1734276680693000000,1734276740692000000,0.0
IndexesFlusher.totalFlushingTimeUs,1734276680693000000,1734276740692000000,95824
Indexes.allKeys.lookups,1734276680693000000,1734276740692000000,0
Indexes.stubs.lookupDurationMaxMs,1734276680693000000,1734276740692000000,0.0
Indexes.allKeys.lookupDurationAvgMs,1734276680693000000,1734276740692000000,0.0
Indexes.entries.lookupDuration90PMs,1734276680693000000,1734276740692000000,0.0
Indexes.entries.lookupDurationAvgMs,1734276680693000000,1734276740692000000,0.0
Indexes.stubs.lookups,1734276680693000000,1734276740692000000,0
Indexes.entries.lookups,1734276680693000000,1734276740692000000,0
Indexes.allKeys.lookupDuration90PMs,1734276680693000000,1734276740692000000,0.0
Indexes.allKeys.lookupDurationMaxMs,1734276680693000000,1734276740692000000,0.0
Indexes.stubs.lookupDurationAvgMs,1734276680693000000,1734276740692000000,0.0
Indexes.entries.lookupDurationMaxMs,1734276680693000000,1734276740692000000,0.0
IndexesFlusher.totalFlushes,1734276680693000000,1734276740692000000,60
IndexesFlusher.totalFlushesRetried,1734276680693000000,1734276740692000000,0
IndexesFlusher.totalContentionQuotaSpent,1734276680693000000,1734276740692000000,0
cacheStateStorage.set.counter,1734276680693000000,1734276740692000000,0
cacheStateStorage.set.duration,1734276680693000000,1734276740692000000,0
cacheStateStorage.get.duration,1734276680693000000,1734276740692000000,0
cacheStateStorage.get.counter,1734276680693000000,1734276740692000000,0
JVM.newThreadsCount,1734276740692000000,1734276800686000000,1
JVM.threadCount,1734276740692000000,1734276800686000000,38
JVM.usedHeapBytes,1734276740692000000,1734276800686000000,396089472
JVM.totalCpuTimeMs,1734276740692000000,1734276800686000000,3020
JVM.totalDirectByteBuffersBytes,1734276740692000000,1734276800686000000,144955002
JVM.usedNativeBytes,1734276740692000000,1734276800686000000,322645040
JVM.totalTimeAtSafepointsMs,1734276740692000000,1734276800686000000,1
JVM.totalTimeToSafepointsMs,1734276740692000000,1734276800686000000,0
JVM.totalSafepointCount,1734276740692000000,1734276800686000000,26
JVM.GC.collections,1734276740692000000,1734276800686000000,0
JVM.maxHeapBytes,1734276740692000000,1734276800686000000,2147483648
JVM.maxThreadCount,1734276740692000000,1734276800686000000,84
OS.loadAverage,1734276740692000000,1734276800686000000,0.8505859375
JVM.GC.collectionTimesMs,1734276740692000000,1734276800686000000,0
JVM.totalBytesAllocated,1734276740692000000,1734276800686000000,16232056
FileNameCache.totalMisses,1734276740692000000,1734276800686000000,0
VFS.invertedFileNameIndex.requests,1734276740692000000,1734276800686000000,0
VFS.contentStorage.recordsStored,1734276740692000000,1734276800686000000,0
VFS.contentStorage.recordsRead,1734276740692000000,1734276800686000000,0
VFS.contentStorage.recordsDeduplicated,1734276740692000000,1734276800686000000,0
VFS.fileByIdCache.misses,1734276740692000000,1734276800686000000,0
VFS.fileChildByName,1734276740692000000,1734276800686000000,0
VFS.fileByIdCache.hits,1734276740692000000,1734276800686000000,0
VFS.contentStorage.recordsStoredCompressed,1734276740692000000,1734276800686000000,0
VFS.contentStorage.recordsUncompressedSize,1734276740692000000,1734276800686000000,0
VFS.contentStorage.recordsReadDecompressed,1734276740692000000,1734276800686000000,0
VFS.contentStorage.recordsDecompressionTimeUs,1734276740692000000,1734276800686000000,0
FileNameCache.queries,1734276740692000000,1734276800686000000,0
VFS.contentStorage.recordsReadSize,1734276740692000000,1734276800686000000,0
VFS.contentStorage.recordsStoredSize,1734276740692000000,1734276800686000000,0
writeAction.median.wait.ms,1734276740692000000,1734276800686000000,0
writeAction.count,1734276740692000000,1734276800686000000,0
writeAction.max.wait.ms,1734276740692000000,1734276800686000000,2
writeAction.wait.ms,1734276740692000000,1734276800686000000,0
workspaceModel.mutableEntityStorage.collect.changes.ms,1734276740692000000,1734276800686000000,0
workspaceModel.mutableEntityStorage.apply.changes.from.ms,1734276740692000000,1734276800686000000,0
workspaceModel.mutableEntityStorage.modify.entity.ms,1734276740692000000,1734276800686000000,0
jps.global.handle.before.change.events.ms,1734276740692000000,1734276800686000000,0
workspaceModel.moduleManagerBridge.load.all.modules.ms,1734276740692000000,1734276800686000000,0
workspaceModel.mutableEntityStorage.changeLog.addReplaceEventForRemovedParent.ms,1734276740692000000,1734276800686000000,0
workspaceModel.moduleManagerBridge.newModule.ms,1734276740692000000,1734276800686000000,0
workspaceModel.mutableEntityStorage.mutable.ext.mapping.ms,1734276740692000000,1734276800686000000,0
jps.global.get.library.ms,1734276740692000000,1734276800686000000,0
workspaceModel.mutableEntityStorage.referrers.ms,1734276740692000000,1734276800686000000,0
workspaceModel.moduleBridge.facet.initialization.ms,1734276740692000000,1734276800686000000,0
jps.artifact.entities.serializer.load.entities.ms,1734276740692000000,1734276800686000000,0
workspaceModel.mutableEntityStorage.changeLog.addReplaceEventForRemovedChild.ms,1734276740692000000,1734276800686000000,0
workspaceModel.global.updates.count,1734276740692000000,1734276800686000000,0
jps.apply.loaded.storage.ms,1734276740692000000,1734276800686000000,0
workspaceModel.mutableEntityStorage.changeLog.addReplaceEventForNewParent.ms,1734276740692000000,1734276800686000000,0
jps.global.get.libraries.ms,1734276740692000000,1734276800686000000,0
jps.reload.project.entities.ms,1734276740692000000,1734276800686000000,0
workspaceModel.mutableEntityStorage.to.snapshot.ms,1734276740692000000,1734276800686000000,0
workspaceModel.global.updates.ms,1734276740692000000,1734276800686000000,0
workspaceModel.moduleManagerBridge.new.nonPersistent.module.ms,1734276740692000000,1734276800686000000,0
jps.project.serializers.load.ms,1734276740692000000,1734276800686000000,0
workspaceModel.moduleBridge.before.changed.ms,1734276740692000000,1734276800686000000,0
jps.global.get.library.by.name.ms,1734276740692000000,1734276800686000000,0
jps.save.changed.project.entities.ms,1734276740692000000,1734276800686000000,0
jps.global.initialize.library.bridges.after.loading.ms,1734276740692000000,1734276800686000000,0
jps.library.entities.serializer.load.entities.ms,1734276740692000000,1734276800686000000,0
workspaceModel.moduleManagerBridge.set.unloadedModules.ms,1734276740692000000,1734276800686000000,0
workspaceModel.moduleBridgeLoader.loading.modules.ms,1734276740692000000,1734276800686000000,0
jps.project.serializers.save.ms,1734276740692000000,1734276800686000000,0
workspaceModel.mutableEntityStorage.put.entity.ms,1734276740692000000,1734276800686000000,0
jps.load.initial.state.ms,1734276740692000000,1734276800686000000,0
jps.storage.jps.conf.reader.load.component.ms,1734276740692000000,1734276800686000000,0
jps.library.entities.serializer.save.entities.ms,1734276740692000000,1734276800686000000,0
workspaceModel.global.apply.state.to.project.ms,1734276740692000000,1734276800686000000,0
workspaceModel.moduleManagerBridge.load.module.ms,1734276740692000000,1734276800686000000,0
jps.global.initialize.library.bridges.ms,1734276740692000000,1734276800686000000,0
workspaceModel.mutableEntityStorage.remove.entity.ms,1734276740692000000,1734276800686000000,0
workspaceModel.mutableEntityStorage.has.same.entities.ms,1734276740692000000,1734276800686000000,0
workspaceModel.mutableEntityStorage.instances.count,1734276740692000000,1734276800686000000,0
workspaceModel.mutableEntityStorage.add.entity.ms,1734276740692000000,1734276800686000000,0
workspaceModel.delayed.project.synchronizer.sync.ms,1734276740692000000,1734276800686000000,0
workspaceModel.moduleManagerBridge.build.module.graph.ms,1734276740692000000,1734276800686000000,0
workspaceModel.load.cache.from.file.ms,1734276740692000000,1734276800686000000,0
workspaceModel.moduleBridge.update.option.ms,1734276740692000000,1734276800686000000,0
jps.load.project.to.empty.storage.ms,1734276740692000000,1734276800686000000,0
workspaceModel.sync.entities.ms,1734276740692000000,1734276800686000000,0
jps.app.storage.content.reader.load.component.ms,1734276740692000000,1734276800686000000,0
jps.module.dependency.index.workspace.model.listener.on.changed.ms,1734276740692000000,1734276800686000000,0
workspaceModel.mutableEntityStorage.mutable.vfurl.index.ms,1734276740692000000,1734276800686000000,0
jps.global.handle.changed.events.ms,1734276740692000000,1734276800686000000,0
jps.facet.change.listener.init.bridge.ms,1734276740692000000,1734276800686000000,0
workspaceModel.mutableEntityStorage.entities.ms,1734276740692000000,1734276800686000000,0
workspaceModel.do.save.caches.ms,1734276740692000000,1734276800686000000,0
jps.artifact.entities.serializer.save.entities.ms,1734276740692000000,1734276800686000000,0
workspaceModel.mutableEntityStorage.resolve.ms,1734276740692000000,1734276800686000000,0
workspaceModel.orphan.listener.update.ms,1734276740692000000,1734276800686000000,0
workspaceModel.moduleManagerBridge.create.module.instance.ms,1734276740692000000,1734276800686000000,0
workspaceModel.moduleManagerBridge.get.modules.ms,1734276740692000000,1734276800686000000,0
jps.facet.change.listener.process.change.events.ms,1734276740692000000,1734276800686000000,0
workspaceModel.mutableEntityStorage.replace.by.source.ms,1734276740692000000,1734276800686000000,0
workspaceModel.save.cache.to.file.ms,1734276740692000000,1734276800686000000,0
workspaceModel.global.apply.state.to.project.builder.ms,1734276740692000000,1734276800686000000,0
jps.facet.change.listener.before.change.events.ms,1734276740692000000,1734276800686000000,0
jps.module.iml.entities.serializer.load.entities.ms,1734276740692000000,1734276800686000000,0
jps.save.global.entities.ms,1734276740692000000,1734276800686000000,0
jps.module.iml.entities.serializer.save.entities.ms,1734276740692000000,1734276800686000000,0
workspaceModel.load.cache.metadata.from.file.ms,1734276740692000000,1734276800686000000,0
workspaceModel.mutableEntityStorage.changeLog.addReplaceEventForNewChild.ms,1734276740692000000,1734276800686000000,0
workspaceModel.mutableEntityStorage.entities.by.source.ms,1734276740692000000,1734276800686000000,0
FlushQueue.queueSize90P,1734276740692000000,1734276800686000000,0
FlushQueue.executionTime90PNs,1734276740692000000,1734276800686000000,0
AWTEventQueue.dispatchTimeMaxNs,1734276740692000000,1734276800686000000,0
NonBlockingReadAction.failedExecutionsCount,1734276740692000000,1734276800686000000,0
AWTEventQueue.eventsDispatched,1734276740692000000,1734276800686000000,0
ReadAction.executionsCount,1734276740692000000,1734276800686000000,12279
FlushQueue.queueSizeAvg,1734276740692000000,1734276800686000000,0.0
FlushQueue.waitingTimeMaxNs,1734276740692000000,1734276800686000000,0
FlushQueue.tasksExecuted,1734276740692000000,1734276800686000000,0
FlushQueue.queueSizeMax,1734276740692000000,1734276800686000000,0
FlushQueue.executionTimeMaxNs,1734276740692000000,1734276800686000000,0
NonBlockingReadAction.finalizedExecutionsCount,1734276740692000000,1734276800686000000,0
WriteAction.executionsCount,1734276740692000000,1734276800686000000,0
FlushQueue.executionTimeAvgNs,1734276740692000000,1734276800686000000,0.0
AWTEventQueue.dispatchTimeTotalNS,1734276740692000000,1734276800686000000,544903231
NonBlockingReadAction.failedExecutionTimeUs,1734276740692000000,1734276800686000000,0
NonBlockingReadAction.finalizedExecutionTimeUs,1734276740692000000,1734276800686000000,0
AWTEventQueue.dispatchTimeAvgNs,1734276740692000000,1734276800686000000,0.0
FlushQueue.waitingTime90PNs,1734276740692000000,1734276800686000000,0
AWTEventQueue.dispatchTime90PNs,1734276740692000000,1734276800686000000,0
FlushQueue.waitingTimeAvgNs,1734276740692000000,1734276800686000000,0.0
workspaceModel.collect.changes.ms,1734276740692000000,1734276800686000000,0
workspaceModel.cachedValue.total.get.count,1734276740692000000,1734276800686000000,0
workspaceModel.full.replace.project.model.ms,1734276740692000000,1734276800686000000,0
workspaceModel.workspaceFileIndexData.getFileInfo.ms,1734276740692000000,1734276800686000000,0
workspaceModel.loading.total.ms,1734276740692000000,1734276800686000000,0
workspaceModel.updates.ms,1734276740692000000,1734276800686000000,0
workspaceModel.entityStorageSnapshotImpl.instances.count,1734276740692000000,1734276800686000000,0
workspaceModel.loading.from.cache.ms,1734276740692000000,1734276800686000000,0
workspaceModel.workspaceFileIndexData.updateDirtyEntities.ms,1734276740692000000,1734276800686000000,0
workspaceModel.updates.precise.ms,1734276740692000000,1734276800686000000,0
workspaceModel.updates.count,1734276740692000000,1734276800686000000,0
workspaceModel.cachedValue.from.cache.count,1734276740692000000,1734276800686000000,0
workspaceModel.workspaceFileIndexData.init.ms,1734276740692000000,1734276800686000000,0
workspaceModel.cachedValue.calculated.count,1734276740692000000,1734276800686000000,0
workspaceModel.replace.project.model.ms,1734276740692000000,1734276800686000000,0
workspaceModel.on.before.changed.ms,1734276740692000000,1734276800686000000,0
workspaceModel.update.unloaded.entities.ms,1734276740692000000,1734276800686000000,0
workspaceModel.workspaceFileIndexContributor.registerFileSets.ms,1734276740692000000,1734276800686000000,0
workspaceModel.cachedValueWithParameters.total.get.count,1734276740692000000,1734276800686000000,0
workspaceModel.workspaceFileIndexData.getDirectoriesByPackageName.ms,1734276740692000000,1734276800686000000,0
workspaceModel.cachedValueWithParameters.from.cache.count,1734276740692000000,1734276800686000000,0
workspaceModel.workspaceFileIndexData.getPackageName.ms,1734276740692000000,1734276800686000000,0
workspaceModel.cachedValue.clear.count,1734276740692000000,1734276800686000000,0
workspaceModel.workspaceFileIndexData.onEntitiesChanged.ms,1734276740692000000,1734276800686000000,0
workspaceModel.workspaceFileIndexData.visitFileSets.ms,1734276740692000000,1734276800686000000,0
workspaceModel.cachedValueWithParameters.calculated.count,1734276740692000000,1734276800686000000,0
workspaceModel.workspaceFileIndexData.instances.count,1734276740692000000,1734276800686000000,0
workspaceModel.initializing.ms,1734276740692000000,1734276800686000000,0
workspaceModel.workspaceFileIndexData.processFileSets.ms,1734276740692000000,1734276800686000000,0
workspaceModel.init.bridges.ms,1734276740692000000,1734276800686000000,0
workspaceModel.pre.handlers.ms,1734276740692000000,1734276800686000000,0
workspaceModel.cachedValueWithParameters.clear.count,1734276740692000000,1734276800686000000,0
workspaceModel.on.changed.ms,1734276740692000000,1734276800686000000,0
workspaceModel.workspaceFileIndexData.markDirty.ms,1734276740692000000,1734276800686000000,0
workspaceModel.check.recursive.update.ms,1734276740692000000,1734276800686000000,0
workspaceModel.to.snapshot.ms,1734276740692000000,1734276800686000000,0
FilePageCacheLockFree.totalClosedStoragesReclaimed,1734276740692000000,1734276800686000000,0
DirectByteBufferAllocator.misses,1734276740692000000,1734276800686000000,0
DirectByteBufferAllocator.totalSizeOfBuffersAllocatedInBytes,1734276740692000000,1734276800686000000,143687680
StorageLockContext.competingThreads.90P,1734276740692000000,1734276800686000000,0
StreamlinedBlobStorage.totalLiveRecordsPayloadBytes,1734276740692000000,1734276800686000000,0
FilePageCacheLockFree.heapBytesInUse,1734276740692000000,1734276800686000000,0
StreamlinedBlobStorage.recordsRelocated,1734276740692000000,1734276800686000000,0
FilePageCacheLockFree.totalBytesRead,1734276740692000000,1734276800686000000,0
FilePageCache.capacityInBytes,1734276740692000000,1734276800686000000,503316478
FilePageCacheLockFree.totalNativeBytesAllocated,1734276740692000000,1734276800686000000,0
StreamlinedBlobStorage.recordsAllocated,1734276740692000000,1734276800686000000,0
DirectByteBufferAllocator.totalSizeOfBuffersCachedInBytes,1734276740692000000,1734276800686000000,0
MappedFileStorage.totalTimeSpentOnMappingUs,1734276740692000000,1734276800686000000,26897
FilePageCache.disposedBuffers,1734276740692000000,1734276800686000000,0
FilePageCache.maxCacheSizeInBytes,1734276740692000000,1734276800686000000,143687680
FilePageCache.pageFastCacheHits,1734276740692000000,1734276800686000000,0
FilePageCacheLockFree.totalHeapBytesAllocated,1734276740692000000,1734276800686000000,0
StreamlinedBlobStorage.totalLiveRecordsCapacityBytes,1734276740692000000,1734276800686000000,0
FilePageCacheLockFree.totalPagesHandedOver,1734276740692000000,1734276800686000000,0
FilePageCacheLockFree.totalPagesAllocated,1734276740692000000,1734276800686000000,0
FileChannelInterruptsRetryer.totalRetriedAttempts,1734276740692000000,1734276800686000000,0
FilePageCache.pageHits,1734276740692000000,1734276800686000000,0
StorageLockContext.competingThreads.max,1734276740692000000,1734276800686000000,0
FilePageCacheLockFree.totalPageAllocationsWaited,1734276740692000000,1734276800686000000,0
FilePageCacheLockFree.totalBytesWritten,1734276740692000000,1734276800686000000,0
FilePageCacheLockFree.totalBytesRequested,1734276740692000000,1734276800686000000,0
FilePageCacheLockFree.totalNativeBytesReclaimed,1734276740692000000,1734276800686000000,0
StreamlinedBlobStorage.recordsDeleted,1734276740692000000,1734276800686000000,0
FilePageCacheLockFree.housekeeperTimeSpentMs,1734276740692000000,1734276800686000000,0
FilePageCacheLockFree.totalPagesReclaimed,1734276740692000000,1734276800686000000,0
FilePageCache.totalPageLoadsUs,1734276740692000000,1734276800686000000,0
FilePageCacheLockFree.totalPagesReadMs,1734276740692000000,1734276800686000000,0
StorageLockContext.competingThreads.avg,1734276740692000000,1734276800686000000,0.0
FilePageCache.pageLoadsAboveSizeThreshold,1734276740692000000,1734276800686000000,0
FilePageCacheLockFree.totalPagesRequested,1734276740692000000,1734276800686000000,0
FilePageCache.totalPageDisposalsUs,1734276740692000000,1734276800686000000,0
FilePageCache.pageLoads,1734276740692000000,1734276800686000000,0
FilePageCacheLockFree.housekeeperTurnsDone,1734276740692000000,1734276800686000000,0
FilePageCacheLockFree.totalPagesWriteMs,1734276740692000000,1734276800686000000,0
FilePageCache.maxRegisteredFiles,1734276740692000000,1734276800686000000,259
FilePageCache.uncachedFileAccess,1734276740692000000,1734276800686000000,0
MappedFileStorage.totalBytesMapped,1734276740692000000,1734276800686000000,202637312
DirectByteBufferAllocator.disposed,1734276740692000000,1734276800686000000,0
FilePageCacheLockFree.totalHeapBytesReclaimed,1734276740692000000,1734276800686000000,0
FilePageCacheLockFree.totalPagesRequestsMs,1734276740692000000,1734276800686000000,0
MappedFileStorage.storages,1734276740692000000,1734276800686000000,16
DirectByteBufferAllocator.reclaimed,1734276740692000000,1734276800686000000,0
MappedFileStorage.totalPagesMapped,1734276740692000000,1734276800686000000,16
FilePageCacheLockFree.nativeBytesInUse,1734276740692000000,1734276800686000000,0
FilePageCacheLockFree.totalPagesWritten,1734276740692000000,1734276800686000000,0
FilePageCacheLockFree.housekeeperTurnsSkipped,1734276740692000000,1734276800686000000,0
DirectByteBufferAllocator.hits,1734276740692000000,1734276800686000000,0
Indexes.stubs.lookupDuration90PMs,1734276740692000000,1734276800686000000,0.0
IndexesFlusher.totalFlushingTimeUs,1734276740692000000,1734276800686000000,88155
Indexes.allKeys.lookups,1734276740692000000,1734276800686000000,0
Indexes.stubs.lookupDurationMaxMs,1734276740692000000,1734276800686000000,0.0
Indexes.allKeys.lookupDurationAvgMs,1734276740692000000,1734276800686000000,0.0
Indexes.entries.lookupDuration90PMs,1734276740692000000,1734276800686000000,0.0
Indexes.entries.lookupDurationAvgMs,1734276740692000000,1734276800686000000,0.0
Indexes.stubs.lookups,1734276740692000000,1734276800686000000,0
Indexes.entries.lookups,1734276740692000000,1734276800686000000,0
Indexes.allKeys.lookupDuration90PMs,1734276740692000000,1734276800686000000,0.0
Indexes.allKeys.lookupDurationMaxMs,1734276740692000000,1734276800686000000,0.0
Indexes.stubs.lookupDurationAvgMs,1734276740692000000,1734276800686000000,0.0
Indexes.entries.lookupDurationMaxMs,1734276740692000000,1734276800686000000,0.0
IndexesFlusher.totalFlushes,1734276740692000000,1734276800686000000,60
IndexesFlusher.totalFlushesRetried,1734276740692000000,1734276800686000000,0
IndexesFlusher.totalContentionQuotaSpent,1734276740692000000,1734276800686000000,0
cacheStateStorage.set.counter,1734276740692000000,1734276800686000000,0
cacheStateStorage.set.duration,1734276740692000000,1734276800686000000,0
cacheStateStorage.get.duration,1734276740692000000,1734276800686000000,0
cacheStateStorage.get.counter,1734276740692000000,1734276800686000000,0
JVM.newThreadsCount,1734276800686000000,1734276860684000000,26
JVM.threadCount,1734276800686000000,1734276860684000000,64
JVM.usedHeapBytes,1734276800686000000,1734276860684000000,405798912
JVM.totalCpuTimeMs,1734276800686000000,1734276860684000000,37270
JVM.totalDirectByteBuffersBytes,1734276800686000000,1734276860684000000,149877333
JVM.usedNativeBytes,1734276800686000000,1734276860684000000,369565224
JVM.totalTimeAtSafepointsMs,1734276800686000000,1734276860684000000,229
JVM.totalTimeToSafepointsMs,1734276800686000000,1734276860684000000,4
JVM.totalSafepointCount,1734276800686000000,1734276860684000000,88
JVM.GC.collections,1734276800686000000,1734276860684000000,10
JVM.maxHeapBytes,1734276800686000000,1734276860684000000,2147483648
JVM.maxThreadCount,1734276800686000000,1734276860684000000,84
OS.loadAverage,1734276800686000000,1734276860684000000,1.61962890625
JVM.GC.collectionTimesMs,1734276800686000000,1734276860684000000,220
JVM.totalBytesAllocated,1734276800686000000,1734276860684000000,788514248
FileNameCache.totalMisses,1734276800686000000,1734276860684000000,0
VFS.invertedFileNameIndex.requests,1734276800686000000,1734276860684000000,0
VFS.contentStorage.recordsStored,1734276800686000000,1734276860684000000,1
VFS.contentStorage.recordsRead,1734276800686000000,1734276860684000000,50
VFS.contentStorage.recordsDeduplicated,1734276800686000000,1734276860684000000,1
VFS.fileByIdCache.misses,1734276800686000000,1734276860684000000,58
VFS.fileChildByName,1734276800686000000,1734276860684000000,43883
VFS.fileByIdCache.hits,1734276800686000000,1734276860684000000,0
VFS.contentStorage.recordsStoredCompressed,1734276800686000000,1734276860684000000,0
VFS.contentStorage.recordsUncompressedSize,1734276800686000000,1734276860684000000,1998
VFS.contentStorage.recordsReadDecompressed,1734276800686000000,1734276860684000000,5
VFS.contentStorage.recordsDecompressionTimeUs,1734276800686000000,1734276860684000000,577
FileNameCache.queries,1734276800686000000,1734276860684000000,404288
VFS.contentStorage.recordsReadSize,1734276800686000000,1734276860684000000,294456
VFS.contentStorage.recordsStoredSize,1734276800686000000,1734276860684000000,1998
lexer.Python.size.bytes,1734276800686000000,1734276860684000000,50875
lexer.PythonStub.time.ns,1734276800686000000,1734276860684000000,24463306
parser.Python.time.ns,1734276800686000000,1734276860684000000,134354563
writeAction.median.wait.ms,1734276800686000000,1734276860684000000,0
writeAction.count,1734276800686000000,1734276860684000000,9
parser.PythonStub.time.ns,1734276800686000000,1734276860684000000,63470833
parser.Python.size.bytes,1734276800686000000,1734276860684000000,50875
writeAction.max.wait.ms,1734276800686000000,1734276860684000000,2
parser.PythonStub.size.bytes,1734276800686000000,1734276860684000000,147367
lexer.PythonStub.size.bytes,1734276800686000000,1734276860684000000,147367
lexer.Python.time.ns,1734276800686000000,1734276860684000000,36028091
writeAction.wait.ms,1734276800686000000,1734276860684000000,0
workspaceModel.mutableEntityStorage.collect.changes.ms,1734276800686000000,1734276860684000000,0
workspaceModel.mutableEntityStorage.apply.changes.from.ms,1734276800686000000,1734276860684000000,0
workspaceModel.mutableEntityStorage.modify.entity.ms,1734276800686000000,1734276860684000000,0
jps.global.handle.before.change.events.ms,1734276800686000000,1734276860684000000,0
workspaceModel.moduleManagerBridge.load.all.modules.ms,1734276800686000000,1734276860684000000,0
workspaceModel.mutableEntityStorage.changeLog.addReplaceEventForRemovedParent.ms,1734276800686000000,1734276860684000000,0
workspaceModel.moduleManagerBridge.newModule.ms,1734276800686000000,1734276860684000000,0
workspaceModel.mutableEntityStorage.mutable.ext.mapping.ms,1734276800686000000,1734276860684000000,0
jps.global.get.library.ms,1734276800686000000,1734276860684000000,0
workspaceModel.mutableEntityStorage.referrers.ms,1734276800686000000,1734276860684000000,0
workspaceModel.moduleBridge.facet.initialization.ms,1734276800686000000,1734276860684000000,0
jps.artifact.entities.serializer.load.entities.ms,1734276800686000000,1734276860684000000,0
workspaceModel.mutableEntityStorage.changeLog.addReplaceEventForRemovedChild.ms,1734276800686000000,1734276860684000000,0
workspaceModel.global.updates.count,1734276800686000000,1734276860684000000,0
jps.apply.loaded.storage.ms,1734276800686000000,1734276860684000000,0
workspaceModel.mutableEntityStorage.changeLog.addReplaceEventForNewParent.ms,1734276800686000000,1734276860684000000,0
jps.global.get.libraries.ms,1734276800686000000,1734276860684000000,0
jps.reload.project.entities.ms,1734276800686000000,1734276860684000000,0
workspaceModel.mutableEntityStorage.to.snapshot.ms,1734276800686000000,1734276860684000000,0
workspaceModel.global.updates.ms,1734276800686000000,1734276860684000000,0
workspaceModel.moduleManagerBridge.new.nonPersistent.module.ms,1734276800686000000,1734276860684000000,0
jps.project.serializers.load.ms,1734276800686000000,1734276860684000000,0
workspaceModel.moduleBridge.before.changed.ms,1734276800686000000,1734276860684000000,0
jps.global.get.library.by.name.ms,1734276800686000000,1734276860684000000,0
jps.save.changed.project.entities.ms,1734276800686000000,1734276860684000000,0
jps.global.initialize.library.bridges.after.loading.ms,1734276800686000000,1734276860684000000,0
jps.library.entities.serializer.load.entities.ms,1734276800686000000,1734276860684000000,0
workspaceModel.moduleManagerBridge.set.unloadedModules.ms,1734276800686000000,1734276860684000000,0
workspaceModel.moduleBridgeLoader.loading.modules.ms,1734276800686000000,1734276860684000000,0
jps.project.serializers.save.ms,1734276800686000000,1734276860684000000,0
workspaceModel.mutableEntityStorage.put.entity.ms,1734276800686000000,1734276860684000000,0
jps.load.initial.state.ms,1734276800686000000,1734276860684000000,0
jps.storage.jps.conf.reader.load.component.ms,1734276800686000000,1734276860684000000,0
jps.library.entities.serializer.save.entities.ms,1734276800686000000,1734276860684000000,0
workspaceModel.global.apply.state.to.project.ms,1734276800686000000,1734276860684000000,0
workspaceModel.moduleManagerBridge.load.module.ms,1734276800686000000,1734276860684000000,0
jps.global.initialize.library.bridges.ms,1734276800686000000,1734276860684000000,0
workspaceModel.mutableEntityStorage.remove.entity.ms,1734276800686000000,1734276860684000000,0
workspaceModel.mutableEntityStorage.has.same.entities.ms,1734276800686000000,1734276860684000000,0
workspaceModel.mutableEntityStorage.instances.count,1734276800686000000,1734276860684000000,0
workspaceModel.mutableEntityStorage.add.entity.ms,1734276800686000000,1734276860684000000,0
workspaceModel.delayed.project.synchronizer.sync.ms,1734276800686000000,1734276860684000000,0
workspaceModel.moduleManagerBridge.build.module.graph.ms,1734276800686000000,1734276860684000000,0
workspaceModel.load.cache.from.file.ms,1734276800686000000,1734276860684000000,0
workspaceModel.moduleBridge.update.option.ms,1734276800686000000,1734276860684000000,0
jps.load.project.to.empty.storage.ms,1734276800686000000,1734276860684000000,0
workspaceModel.sync.entities.ms,1734276800686000000,1734276860684000000,0
jps.app.storage.content.reader.load.component.ms,1734276800686000000,1734276860684000000,0
jps.module.dependency.index.workspace.model.listener.on.changed.ms,1734276800686000000,1734276860684000000,0
workspaceModel.mutableEntityStorage.mutable.vfurl.index.ms,1734276800686000000,1734276860684000000,0
jps.global.handle.changed.events.ms,1734276800686000000,1734276860684000000,0
jps.facet.change.listener.init.bridge.ms,1734276800686000000,1734276860684000000,0
workspaceModel.mutableEntityStorage.entities.ms,1734276800686000000,1734276860684000000,0
workspaceModel.do.save.caches.ms,1734276800686000000,1734276860684000000,0
jps.artifact.entities.serializer.save.entities.ms,1734276800686000000,1734276860684000000,0
workspaceModel.mutableEntityStorage.resolve.ms,1734276800686000000,1734276860684000000,0
workspaceModel.orphan.listener.update.ms,1734276800686000000,1734276860684000000,0
workspaceModel.moduleManagerBridge.create.module.instance.ms,1734276800686000000,1734276860684000000,0
workspaceModel.moduleManagerBridge.get.modules.ms,1734276800686000000,1734276860684000000,0
jps.facet.change.listener.process.change.events.ms,1734276800686000000,1734276860684000000,0
workspaceModel.mutableEntityStorage.replace.by.source.ms,1734276800686000000,1734276860684000000,0
workspaceModel.save.cache.to.file.ms,1734276800686000000,1734276860684000000,0
workspaceModel.global.apply.state.to.project.builder.ms,1734276800686000000,1734276860684000000,0
jps.facet.change.listener.before.change.events.ms,1734276800686000000,1734276860684000000,0
jps.module.iml.entities.serializer.load.entities.ms,1734276800686000000,1734276860684000000,0
jps.save.global.entities.ms,1734276800686000000,1734276860684000000,0
jps.module.iml.entities.serializer.save.entities.ms,1734276800686000000,1734276860684000000,0
workspaceModel.load.cache.metadata.from.file.ms,1734276800686000000,1734276860684000000,0
workspaceModel.mutableEntityStorage.changeLog.addReplaceEventForNewChild.ms,1734276800686000000,1734276860684000000,0
workspaceModel.mutableEntityStorage.entities.by.source.ms,1734276800686000000,1734276860684000000,0
FlushQueue.queueSize90P,1734276800686000000,1734276860684000000,0
FlushQueue.executionTime90PNs,1734276800686000000,1734276860684000000,93183
AWTEventQueue.dispatchTimeMaxNs,1734276800686000000,1734276860684000000,880639
NonBlockingReadAction.failedExecutionsCount,1734276800686000000,1734276860684000000,0
AWTEventQueue.eventsDispatched,1734276800686000000,1734276860684000000,3
ReadAction.executionsCount,1734276800686000000,1734276860684000000,156694
FlushQueue.queueSizeAvg,1734276800686000000,1734276860684000000,0.0
FlushQueue.waitingTimeMaxNs,1734276800686000000,1734276860684000000,188415
FlushQueue.tasksExecuted,1734276800686000000,1734276860684000000,1
FlushQueue.queueSizeMax,1734276800686000000,1734276860684000000,0
FlushQueue.executionTimeMaxNs,1734276800686000000,1734276860684000000,93183
NonBlockingReadAction.finalizedExecutionsCount,1734276800686000000,1734276860684000000,460
WriteAction.executionsCount,1734276800686000000,1734276860684000000,9
FlushQueue.executionTimeAvgNs,1734276800686000000,1734276860684000000,92928.0
AWTEventQueue.dispatchTimeTotalNS,1734276800686000000,1734276860684000000,6896887319
NonBlockingReadAction.failedExecutionTimeUs,1734276800686000000,1734276860684000000,0
NonBlockingReadAction.finalizedExecutionTimeUs,1734276800686000000,1734276860684000000,302978
AWTEventQueue.dispatchTimeAvgNs,1734276800686000000,1734276860684000000,595114.6666666666
FlushQueue.waitingTime90PNs,1734276800686000000,1734276860684000000,188415
AWTEventQueue.dispatchTime90PNs,1734276800686000000,1734276860684000000,880639
FlushQueue.waitingTimeAvgNs,1734276800686000000,1734276860684000000,187904.0
workspaceModel.collect.changes.ms,1734276800686000000,1734276860684000000,0
workspaceModel.cachedValue.total.get.count,1734276800686000000,1734276860684000000,4941
workspaceModel.full.replace.project.model.ms,1734276800686000000,1734276860684000000,0
workspaceModel.workspaceFileIndexData.getFileInfo.ms,1734276800686000000,1734276860684000000,45
workspaceModel.loading.total.ms,1734276800686000000,1734276860684000000,0
workspaceModel.updates.ms,1734276800686000000,1734276860684000000,0
workspaceModel.entityStorageSnapshotImpl.instances.count,1734276800686000000,1734276860684000000,0
workspaceModel.loading.from.cache.ms,1734276800686000000,1734276860684000000,0
workspaceModel.workspaceFileIndexData.updateDirtyEntities.ms,1734276800686000000,1734276860684000000,0
workspaceModel.updates.precise.ms,1734276800686000000,1734276860684000000,0
workspaceModel.updates.count,1734276800686000000,1734276860684000000,0
workspaceModel.cachedValue.from.cache.count,1734276800686000000,1734276860684000000,4941
workspaceModel.workspaceFileIndexData.init.ms,1734276800686000000,1734276860684000000,0
workspaceModel.cachedValue.calculated.count,1734276800686000000,1734276860684000000,0
workspaceModel.replace.project.model.ms,1734276800686000000,1734276860684000000,0
workspaceModel.on.before.changed.ms,1734276800686000000,1734276860684000000,0
workspaceModel.update.unloaded.entities.ms,1734276800686000000,1734276860684000000,0
workspaceModel.workspaceFileIndexContributor.registerFileSets.ms,1734276800686000000,1734276860684000000,0
workspaceModel.cachedValueWithParameters.total.get.count,1734276800686000000,1734276860684000000,0
workspaceModel.workspaceFileIndexData.getDirectoriesByPackageName.ms,1734276800686000000,1734276860684000000,0
workspaceModel.cachedValueWithParameters.from.cache.count,1734276800686000000,1734276860684000000,0
workspaceModel.workspaceFileIndexData.getPackageName.ms,1734276800686000000,1734276860684000000,0
workspaceModel.cachedValue.clear.count,1734276800686000000,1734276860684000000,0
workspaceModel.workspaceFileIndexData.onEntitiesChanged.ms,1734276800686000000,1734276860684000000,0
workspaceModel.workspaceFileIndexData.visitFileSets.ms,1734276800686000000,1734276860684000000,0
workspaceModel.cachedValueWithParameters.calculated.count,1734276800686000000,1734276860684000000,0
workspaceModel.workspaceFileIndexData.instances.count,1734276800686000000,1734276860684000000,0
workspaceModel.initializing.ms,1734276800686000000,1734276860684000000,0
workspaceModel.workspaceFileIndexData.processFileSets.ms,1734276800686000000,1734276860684000000,0
workspaceModel.init.bridges.ms,1734276800686000000,1734276860684000000,0
workspaceModel.pre.handlers.ms,1734276800686000000,1734276860684000000,0
workspaceModel.cachedValueWithParameters.clear.count,1734276800686000000,1734276860684000000,0
workspaceModel.on.changed.ms,1734276800686000000,1734276860684000000,0
workspaceModel.workspaceFileIndexData.markDirty.ms,1734276800686000000,1734276860684000000,0
workspaceModel.check.recursive.update.ms,1734276800686000000,1734276860684000000,0
workspaceModel.to.snapshot.ms,1734276800686000000,1734276860684000000,0
FilePageCacheLockFree.totalClosedStoragesReclaimed,1734276800686000000,1734276860684000000,0
DirectByteBufferAllocator.misses,1734276800686000000,1734276860684000000,6
DirectByteBufferAllocator.totalSizeOfBuffersAllocatedInBytes,1734276800686000000,1734276860684000000,148938752
StorageLockContext.competingThreads.90P,1734276800686000000,1734276860684000000,0
StreamlinedBlobStorage.totalLiveRecordsPayloadBytes,1734276800686000000,1734276860684000000,0
FilePageCacheLockFree.heapBytesInUse,1734276800686000000,1734276860684000000,0
StreamlinedBlobStorage.recordsRelocated,1734276800686000000,1734276860684000000,0
FilePageCacheLockFree.totalBytesRead,1734276800686000000,1734276860684000000,0
FilePageCache.capacityInBytes,1734276800686000000,1734276860684000000,503316478
FilePageCacheLockFree.totalNativeBytesAllocated,1734276800686000000,1734276860684000000,0
StreamlinedBlobStorage.recordsAllocated,1734276800686000000,1734276860684000000,0
DirectByteBufferAllocator.totalSizeOfBuffersCachedInBytes,1734276800686000000,1734276860684000000,0
MappedFileStorage.totalTimeSpentOnMappingUs,1734276800686000000,1734276860684000000,26897
FilePageCache.disposedBuffers,1734276800686000000,1734276860684000000,0
FilePageCache.maxCacheSizeInBytes,1734276800686000000,1734276860684000000,148938752
FilePageCache.pageFastCacheHits,1734276800686000000,1734276860684000000,1284
FilePageCacheLockFree.totalHeapBytesAllocated,1734276800686000000,1734276860684000000,0
StreamlinedBlobStorage.totalLiveRecordsCapacityBytes,1734276800686000000,1734276860684000000,0
FilePageCacheLockFree.totalPagesHandedOver,1734276800686000000,1734276860684000000,0
FilePageCacheLockFree.totalPagesAllocated,1734276800686000000,1734276860684000000,0
FileChannelInterruptsRetryer.totalRetriedAttempts,1734276800686000000,1734276860684000000,0
FilePageCache.pageHits,1734276800686000000,1734276860684000000,8
StorageLockContext.competingThreads.max,1734276800686000000,1734276860684000000,0
FilePageCacheLockFree.totalPageAllocationsWaited,1734276800686000000,1734276860684000000,0
FilePageCacheLockFree.totalBytesWritten,1734276800686000000,1734276860684000000,0
FilePageCacheLockFree.totalBytesRequested,1734276800686000000,1734276860684000000,0
FilePageCacheLockFree.totalNativeBytesReclaimed,1734276800686000000,1734276860684000000,0
StreamlinedBlobStorage.recordsDeleted,1734276800686000000,1734276860684000000,0
FilePageCacheLockFree.housekeeperTimeSpentMs,1734276800686000000,1734276860684000000,0
FilePageCacheLockFree.totalPagesReclaimed,1734276800686000000,1734276860684000000,0
FilePageCache.totalPageLoadsUs,1734276800686000000,1734276860684000000,21219
FilePageCacheLockFree.totalPagesReadMs,1734276800686000000,1734276860684000000,0
StorageLockContext.competingThreads.avg,1734276800686000000,1734276860684000000,0.0
FilePageCache.pageLoadsAboveSizeThreshold,1734276800686000000,1734276860684000000,0
FilePageCacheLockFree.totalPagesRequested,1734276800686000000,1734276860684000000,0
FilePageCache.totalPageDisposalsUs,1734276800686000000,1734276860684000000,19
FilePageCache.pageLoads,1734276800686000000,1734276860684000000,6
FilePageCacheLockFree.housekeeperTurnsDone,1734276800686000000,1734276860684000000,0
FilePageCacheLockFree.totalPagesWriteMs,1734276800686000000,1734276860684000000,0
FilePageCache.maxRegisteredFiles,1734276800686000000,1734276860684000000,262
FilePageCache.uncachedFileAccess,1734276800686000000,1734276860684000000,24
MappedFileStorage.totalBytesMapped,1734276800686000000,1734276860684000000,202637312
DirectByteBufferAllocator.disposed,1734276800686000000,1734276860684000000,0
FilePageCacheLockFree.totalHeapBytesReclaimed,1734276800686000000,1734276860684000000,0
FilePageCacheLockFree.totalPagesRequestsMs,1734276800686000000,1734276860684000000,0
MappedFileStorage.storages,1734276800686000000,1734276860684000000,16
DirectByteBufferAllocator.reclaimed,1734276800686000000,1734276860684000000,0
MappedFileStorage.totalPagesMapped,1734276800686000000,1734276860684000000,16
FilePageCacheLockFree.nativeBytesInUse,1734276800686000000,1734276860684000000,0
FilePageCacheLockFree.totalPagesWritten,1734276800686000000,1734276860684000000,0
FilePageCacheLockFree.housekeeperTurnsSkipped,1734276800686000000,1734276860684000000,0
DirectByteBufferAllocator.hits,1734276800686000000,1734276860684000000,0
Indexes.stubs.lookupDuration90PMs,1734276800686000000,1734276860684000000,0.0
IndexesFlusher.totalFlushingTimeUs,1734276800686000000,1734276860684000000,100820
Indexes.allKeys.lookups,1734276800686000000,1734276860684000000,0
Indexes.stubs.lookupDurationMaxMs,1734276800686000000,1734276860684000000,0.0
Indexes.allKeys.lookupDurationAvgMs,1734276800686000000,1734276860684000000,0.0
Indexes.entries.lookupDuration90PMs,1734276800686000000,1734276860684000000,0.0
Indexes.entries.lookupDurationAvgMs,1734276800686000000,1734276860684000000,0.0
Indexes.stubs.lookups,1734276800686000000,1734276860684000000,21
Indexes.entries.lookups,1734276800686000000,1734276860684000000,24
Indexes.allKeys.lookupDuration90PMs,1734276800686000000,1734276860684000000,0.0
Indexes.allKeys.lookupDurationMaxMs,1734276800686000000,1734276860684000000,0.0
Indexes.stubs.lookupDurationAvgMs,1734276800686000000,1734276860684000000,0.0
Indexes.entries.lookupDurationMaxMs,1734276800686000000,1734276860684000000,0.0
IndexesFlusher.totalFlushes,1734276800686000000,1734276860684000000,60
IndexesFlusher.totalFlushesRetried,1734276800686000000,1734276860684000000,0
IndexesFlusher.totalContentionQuotaSpent,1734276800686000000,1734276860684000000,0
cacheStateStorage.set.counter,1734276800686000000,1734276860684000000,0
cacheStateStorage.set.duration,1734276800686000000,1734276860684000000,0
cacheStateStorage.get.duration,1734276800686000000,1734276860684000000,59
cacheStateStorage.get.counter,1734276800686000000,1734276860684000000,7
JVM.newThreadsCount,1734276860684000000,1734276920683000000,45
JVM.threadCount,1734276860684000000,1734276920683000000,103
JVM.usedHeapBytes,1734276860684000000,1734276920683000000,859908744
JVM.totalCpuTimeMs,1734276860684000000,1734276920683000000,36710
JVM.totalDirectByteBuffersBytes,1734276860684000000,1734276920683000000,153937834
JVM.usedNativeBytes,1734276860684000000,1734276920683000000,399583176
JVM.totalTimeAtSafepointsMs,1734276860684000000,1734276920683000000,136
JVM.totalTimeToSafepointsMs,1734276860684000000,1734276920683000000,4
JVM.totalSafepointCount,1734276860684000000,1734276920683000000,55
JVM.GC.collections,1734276860684000000,1734276920683000000,7
JVM.maxHeapBytes,1734276860684000000,1734276920683000000,2147483648
JVM.maxThreadCount,1734276860684000000,1734276920683000000,109
OS.loadAverage,1734276860684000000,1734276920683000000,1.12548828125
JVM.GC.collectionTimesMs,1734276860684000000,1734276920683000000,130
JVM.totalBytesAllocated,1734276860684000000,1734276920683000000,1766674560
FileNameCache.totalMisses,1734276860684000000,1734276920683000000,3776
VFS.invertedFileNameIndex.requests,1734276860684000000,1734276920683000000,0
VFS.contentStorage.recordsStored,1734276860684000000,1734276920683000000,1
VFS.contentStorage.recordsRead,1734276860684000000,1734276920683000000,55
VFS.contentStorage.recordsDeduplicated,1734276860684000000,1734276920683000000,0
VFS.fileByIdCache.misses,1734276860684000000,1734276920683000000,260
VFS.fileChildByName,1734276860684000000,1734276920683000000,21485
VFS.fileByIdCache.hits,1734276860684000000,1734276920683000000,0
VFS.contentStorage.recordsStoredCompressed,1734276860684000000,1734276920683000000,0
VFS.contentStorage.recordsUncompressedSize,1734276860684000000,1734276920683000000,1334
VFS.contentStorage.recordsReadDecompressed,1734276860684000000,1734276920683000000,0
VFS.contentStorage.recordsDecompressionTimeUs,1734276860684000000,1734276920683000000,0
FileNameCache.queries,1734276860684000000,1734276920683000000,275776
VFS.contentStorage.recordsReadSize,1734276860684000000,1734276920683000000,74552
VFS.contentStorage.recordsStoredSize,1734276860684000000,1734276920683000000,1334
lexer.Python.size.bytes,1734276860684000000,1734276920683000000,108097
parser.Python.time.ns,1734276860684000000,1734276920683000000,217721177
writeAction.median.wait.ms,1734276860684000000,1734276920683000000,0
writeAction.count,1734276860684000000,1734276920683000000,24
parser.Python.size.bytes,1734276860684000000,1734276920683000000,108097
writeAction.max.wait.ms,1734276860684000000,1734276920683000000,13
lexer.Python.time.ns,1734276860684000000,1734276920683000000,41900341
writeAction.wait.ms,1734276860684000000,1734276920683000000,14
workspaceModel.mutableEntityStorage.collect.changes.ms,1734276860684000000,1734276920683000000,0
workspaceModel.mutableEntityStorage.apply.changes.from.ms,1734276860684000000,1734276920683000000,0
workspaceModel.mutableEntityStorage.modify.entity.ms,1734276860684000000,1734276920683000000,0
jps.global.handle.before.change.events.ms,1734276860684000000,1734276920683000000,0
workspaceModel.moduleManagerBridge.load.all.modules.ms,1734276860684000000,1734276920683000000,0
workspaceModel.mutableEntityStorage.changeLog.addReplaceEventForRemovedParent.ms,1734276860684000000,1734276920683000000,0
workspaceModel.moduleManagerBridge.newModule.ms,1734276860684000000,1734276920683000000,0
workspaceModel.mutableEntityStorage.mutable.ext.mapping.ms,1734276860684000000,1734276920683000000,0
jps.global.get.library.ms,1734276860684000000,1734276920683000000,0
workspaceModel.mutableEntityStorage.referrers.ms,1734276860684000000,1734276920683000000,0
workspaceModel.moduleBridge.facet.initialization.ms,1734276860684000000,1734276920683000000,0
jps.artifact.entities.serializer.load.entities.ms,1734276860684000000,1734276920683000000,0
workspaceModel.mutableEntityStorage.changeLog.addReplaceEventForRemovedChild.ms,1734276860684000000,1734276920683000000,0
workspaceModel.global.updates.count,1734276860684000000,1734276920683000000,0
jps.apply.loaded.storage.ms,1734276860684000000,1734276920683000000,0
workspaceModel.mutableEntityStorage.changeLog.addReplaceEventForNewParent.ms,1734276860684000000,1734276920683000000,0
jps.global.get.libraries.ms,1734276860684000000,1734276920683000000,0
jps.reload.project.entities.ms,1734276860684000000,1734276920683000000,0
workspaceModel.mutableEntityStorage.to.snapshot.ms,1734276860684000000,1734276920683000000,0
workspaceModel.global.updates.ms,1734276860684000000,1734276920683000000,0
workspaceModel.moduleManagerBridge.new.nonPersistent.module.ms,1734276860684000000,1734276920683000000,0
jps.project.serializers.load.ms,1734276860684000000,1734276920683000000,0
workspaceModel.moduleBridge.before.changed.ms,1734276860684000000,1734276920683000000,0
jps.global.get.library.by.name.ms,1734276860684000000,1734276920683000000,0
jps.save.changed.project.entities.ms,1734276860684000000,1734276920683000000,1
jps.global.initialize.library.bridges.after.loading.ms,1734276860684000000,1734276920683000000,0
jps.library.entities.serializer.load.entities.ms,1734276860684000000,1734276920683000000,0
workspaceModel.moduleManagerBridge.set.unloadedModules.ms,1734276860684000000,1734276920683000000,0
workspaceModel.moduleBridgeLoader.loading.modules.ms,1734276860684000000,1734276920683000000,0
jps.project.serializers.save.ms,1734276860684000000,1734276920683000000,1
workspaceModel.mutableEntityStorage.put.entity.ms,1734276860684000000,1734276920683000000,0
jps.load.initial.state.ms,1734276860684000000,1734276920683000000,0
jps.storage.jps.conf.reader.load.component.ms,1734276860684000000,1734276920683000000,0
jps.library.entities.serializer.save.entities.ms,1734276860684000000,1734276920683000000,0
workspaceModel.global.apply.state.to.project.ms,1734276860684000000,1734276920683000000,0
workspaceModel.moduleManagerBridge.load.module.ms,1734276860684000000,1734276920683000000,0
jps.global.initialize.library.bridges.ms,1734276860684000000,1734276920683000000,0
workspaceModel.mutableEntityStorage.remove.entity.ms,1734276860684000000,1734276920683000000,0
workspaceModel.mutableEntityStorage.has.same.entities.ms,1734276860684000000,1734276920683000000,0
workspaceModel.mutableEntityStorage.instances.count,1734276860684000000,1734276920683000000,0
workspaceModel.mutableEntityStorage.add.entity.ms,1734276860684000000,1734276920683000000,0
workspaceModel.delayed.project.synchronizer.sync.ms,1734276860684000000,1734276920683000000,0
workspaceModel.moduleManagerBridge.build.module.graph.ms,1734276860684000000,1734276920683000000,0
workspaceModel.load.cache.from.file.ms,1734276860684000000,1734276920683000000,0
workspaceModel.moduleBridge.update.option.ms,1734276860684000000,1734276920683000000,0
jps.load.project.to.empty.storage.ms,1734276860684000000,1734276920683000000,0
jps.app.storage.content.writer.save.component.ms,1734276860684000000,1734276920683000000,27
workspaceModel.sync.entities.ms,1734276860684000000,1734276920683000000,0
jps.app.storage.content.reader.load.component.ms,1734276860684000000,1734276920683000000,0
jps.module.dependency.index.workspace.model.listener.on.changed.ms,1734276860684000000,1734276920683000000,0
workspaceModel.mutableEntityStorage.mutable.vfurl.index.ms,1734276860684000000,1734276920683000000,0
jps.global.handle.changed.events.ms,1734276860684000000,1734276920683000000,0
jps.facet.change.listener.init.bridge.ms,1734276860684000000,1734276920683000000,0
workspaceModel.mutableEntityStorage.entities.ms,1734276860684000000,1734276920683000000,0
workspaceModel.do.save.caches.ms,1734276860684000000,1734276920683000000,0
jps.artifact.entities.serializer.save.entities.ms,1734276860684000000,1734276920683000000,0
workspaceModel.mutableEntityStorage.resolve.ms,1734276860684000000,1734276920683000000,0
workspaceModel.orphan.listener.update.ms,1734276860684000000,1734276920683000000,0
workspaceModel.moduleManagerBridge.create.module.instance.ms,1734276860684000000,1734276920683000000,0
workspaceModel.moduleManagerBridge.get.modules.ms,1734276860684000000,1734276920683000000,0
jps.facet.change.listener.process.change.events.ms,1734276860684000000,1734276920683000000,0
workspaceModel.mutableEntityStorage.replace.by.source.ms,1734276860684000000,1734276920683000000,0
workspaceModel.save.cache.to.file.ms,1734276860684000000,1734276920683000000,0
workspaceModel.global.apply.state.to.project.builder.ms,1734276860684000000,1734276920683000000,0
jps.facet.change.listener.before.change.events.ms,1734276860684000000,1734276920683000000,0
jps.module.iml.entities.serializer.load.entities.ms,1734276860684000000,1734276920683000000,0
jps.save.global.entities.ms,1734276860684000000,1734276920683000000,76
jps.module.iml.entities.serializer.save.entities.ms,1734276860684000000,1734276920683000000,0
workspaceModel.load.cache.metadata.from.file.ms,1734276860684000000,1734276920683000000,0
workspaceModel.mutableEntityStorage.changeLog.addReplaceEventForNewChild.ms,1734276860684000000,1734276920683000000,0
workspaceModel.mutableEntityStorage.entities.by.source.ms,1734276860684000000,1734276920683000000,0
FlushQueue.queueSize90P,1734276860684000000,1734276920683000000,0
FlushQueue.executionTime90PNs,1734276860684000000,1734276920683000000,0
AWTEventQueue.dispatchTimeMaxNs,1734276860684000000,1734276920683000000,0
NonBlockingReadAction.failedExecutionsCount,1734276860684000000,1734276920683000000,0
AWTEventQueue.eventsDispatched,1734276860684000000,1734276920683000000,0
ReadAction.executionsCount,1734276860684000000,1734276920683000000,240317
FlushQueue.queueSizeAvg,1734276860684000000,1734276920683000000,0.0
FlushQueue.waitingTimeMaxNs,1734276860684000000,1734276920683000000,0
FlushQueue.tasksExecuted,1734276860684000000,1734276920683000000,0
FlushQueue.queueSizeMax,1734276860684000000,1734276920683000000,0
FlushQueue.executionTimeMaxNs,1734276860684000000,1734276920683000000,0
NonBlockingReadAction.finalizedExecutionsCount,1734276860684000000,1734276920683000000,336
WriteAction.executionsCount,1734276860684000000,1734276920683000000,24
FlushQueue.executionTimeAvgNs,1734276860684000000,1734276920683000000,0.0
AWTEventQueue.dispatchTimeTotalNS,1734276860684000000,1734276920683000000,4571619828
NonBlockingReadAction.failedExecutionTimeUs,1734276860684000000,1734276920683000000,0
NonBlockingReadAction.finalizedExecutionTimeUs,1734276860684000000,1734276920683000000,123141
AWTEventQueue.dispatchTimeAvgNs,1734276860684000000,1734276920683000000,0.0
FlushQueue.waitingTime90PNs,1734276860684000000,1734276920683000000,0
AWTEventQueue.dispatchTime90PNs,1734276860684000000,1734276920683000000,0
FlushQueue.waitingTimeAvgNs,1734276860684000000,1734276920683000000,0.0
workspaceModel.collect.changes.ms,1734276860684000000,1734276920683000000,0
workspaceModel.cachedValue.total.get.count,1734276860684000000,1734276920683000000,11670
workspaceModel.full.replace.project.model.ms,1734276860684000000,1734276920683000000,0
workspaceModel.workspaceFileIndexData.getFileInfo.ms,1734276860684000000,1734276920683000000,69
workspaceModel.loading.total.ms,1734276860684000000,1734276920683000000,0
workspaceModel.updates.ms,1734276860684000000,1734276920683000000,0
workspaceModel.entityStorageSnapshotImpl.instances.count,1734276860684000000,1734276920683000000,0
workspaceModel.loading.from.cache.ms,1734276860684000000,1734276920683000000,0
workspaceModel.workspaceFileIndexData.updateDirtyEntities.ms,1734276860684000000,1734276920683000000,0
workspaceModel.updates.precise.ms,1734276860684000000,1734276920683000000,0
workspaceModel.updates.count,1734276860684000000,1734276920683000000,0
workspaceModel.cachedValue.from.cache.count,1734276860684000000,1734276920683000000,11668
workspaceModel.workspaceFileIndexData.init.ms,1734276860684000000,1734276920683000000,0
workspaceModel.cachedValue.calculated.count,1734276860684000000,1734276920683000000,2
workspaceModel.replace.project.model.ms,1734276860684000000,1734276920683000000,0
workspaceModel.on.before.changed.ms,1734276860684000000,1734276920683000000,0
workspaceModel.update.unloaded.entities.ms,1734276860684000000,1734276920683000000,0
workspaceModel.workspaceFileIndexContributor.registerFileSets.ms,1734276860684000000,1734276920683000000,0
workspaceModel.cachedValueWithParameters.total.get.count,1734276860684000000,1734276920683000000,0
workspaceModel.workspaceFileIndexData.getDirectoriesByPackageName.ms,1734276860684000000,1734276920683000000,0
workspaceModel.cachedValueWithParameters.from.cache.count,1734276860684000000,1734276920683000000,0
workspaceModel.workspaceFileIndexData.getPackageName.ms,1734276860684000000,1734276920683000000,0
workspaceModel.cachedValue.clear.count,1734276860684000000,1734276920683000000,0
workspaceModel.workspaceFileIndexData.onEntitiesChanged.ms,1734276860684000000,1734276920683000000,0
workspaceModel.workspaceFileIndexData.visitFileSets.ms,1734276860684000000,1734276920683000000,1
workspaceModel.cachedValueWithParameters.calculated.count,1734276860684000000,1734276920683000000,0
workspaceModel.workspaceFileIndexData.instances.count,1734276860684000000,1734276920683000000,0
workspaceModel.initializing.ms,1734276860684000000,1734276920683000000,0
workspaceModel.workspaceFileIndexData.processFileSets.ms,1734276860684000000,1734276920683000000,0
workspaceModel.init.bridges.ms,1734276860684000000,1734276920683000000,0
workspaceModel.pre.handlers.ms,1734276860684000000,1734276920683000000,0
workspaceModel.cachedValueWithParameters.clear.count,1734276860684000000,1734276920683000000,0
workspaceModel.on.changed.ms,1734276860684000000,1734276920683000000,0
workspaceModel.workspaceFileIndexData.markDirty.ms,1734276860684000000,1734276920683000000,0
workspaceModel.check.recursive.update.ms,1734276860684000000,1734276920683000000,0
workspaceModel.to.snapshot.ms,1734276860684000000,1734276920683000000,0
FilePageCacheLockFree.totalClosedStoragesReclaimed,1734276860684000000,1734276920683000000,0
DirectByteBufferAllocator.misses,1734276860684000000,1734276920683000000,2
DirectByteBufferAllocator.totalSizeOfBuffersAllocatedInBytes,1734276860684000000,1734276920683000000,151035904
StorageLockContext.competingThreads.90P,1734276860684000000,1734276920683000000,0
StreamlinedBlobStorage.totalLiveRecordsPayloadBytes,1734276860684000000,1734276920683000000,0
FilePageCacheLockFree.heapBytesInUse,1734276860684000000,1734276920683000000,0
StreamlinedBlobStorage.recordsRelocated,1734276860684000000,1734276920683000000,0
FilePageCacheLockFree.totalBytesRead,1734276860684000000,1734276920683000000,0
FilePageCache.capacityInBytes,1734276860684000000,1734276920683000000,503316478
FilePageCacheLockFree.totalNativeBytesAllocated,1734276860684000000,1734276920683000000,0
StreamlinedBlobStorage.recordsAllocated,1734276860684000000,1734276920683000000,0
DirectByteBufferAllocator.totalSizeOfBuffersCachedInBytes,1734276860684000000,1734276920683000000,0
MappedFileStorage.totalTimeSpentOnMappingUs,1734276860684000000,1734276920683000000,26897
FilePageCache.disposedBuffers,1734276860684000000,1734276920683000000,0
FilePageCache.maxCacheSizeInBytes,1734276860684000000,1734276920683000000,151035904
FilePageCache.pageFastCacheHits,1734276860684000000,1734276920683000000,373
FilePageCacheLockFree.totalHeapBytesAllocated,1734276860684000000,1734276920683000000,0
StreamlinedBlobStorage.totalLiveRecordsCapacityBytes,1734276860684000000,1734276920683000000,0
FilePageCacheLockFree.totalPagesHandedOver,1734276860684000000,1734276920683000000,0
FilePageCacheLockFree.totalPagesAllocated,1734276860684000000,1734276920683000000,0
FileChannelInterruptsRetryer.totalRetriedAttempts,1734276860684000000,1734276920683000000,0
FilePageCache.pageHits,1734276860684000000,1734276920683000000,4
StorageLockContext.competingThreads.max,1734276860684000000,1734276920683000000,0
FilePageCacheLockFree.totalPageAllocationsWaited,1734276860684000000,1734276920683000000,0
FilePageCacheLockFree.totalBytesWritten,1734276860684000000,1734276920683000000,0
FilePageCacheLockFree.totalBytesRequested,1734276860684000000,1734276920683000000,0
FilePageCacheLockFree.totalNativeBytesReclaimed,1734276860684000000,1734276920683000000,0
StreamlinedBlobStorage.recordsDeleted,1734276860684000000,1734276920683000000,0
FilePageCacheLockFree.housekeeperTimeSpentMs,1734276860684000000,1734276920683000000,0
FilePageCacheLockFree.totalPagesReclaimed,1734276860684000000,1734276920683000000,0
FilePageCache.totalPageLoadsUs,1734276860684000000,1734276920683000000,6927
FilePageCacheLockFree.totalPagesReadMs,1734276860684000000,1734276920683000000,0
StorageLockContext.competingThreads.avg,1734276860684000000,1734276920683000000,0.0
FilePageCache.pageLoadsAboveSizeThreshold,1734276860684000000,1734276920683000000,0
FilePageCacheLockFree.totalPagesRequested,1734276860684000000,1734276920683000000,0
FilePageCache.totalPageDisposalsUs,1734276860684000000,1734276920683000000,5
FilePageCache.pageLoads,1734276860684000000,1734276920683000000,2
FilePageCacheLockFree.housekeeperTurnsDone,1734276860684000000,1734276920683000000,0
FilePageCacheLockFree.totalPagesWriteMs,1734276860684000000,1734276920683000000,0
FilePageCache.maxRegisteredFiles,1734276860684000000,1734276920683000000,262
FilePageCache.uncachedFileAccess,1734276860684000000,1734276920683000000,13
MappedFileStorage.totalBytesMapped,1734276860684000000,1734276920683000000,202637312
DirectByteBufferAllocator.disposed,1734276860684000000,1734276920683000000,0
FilePageCacheLockFree.totalHeapBytesReclaimed,1734276860684000000,1734276920683000000,0
FilePageCacheLockFree.totalPagesRequestsMs,1734276860684000000,1734276920683000000,0
MappedFileStorage.storages,1734276860684000000,1734276920683000000,16
DirectByteBufferAllocator.reclaimed,1734276860684000000,1734276920683000000,0
MappedFileStorage.totalPagesMapped,1734276860684000000,1734276920683000000,16
FilePageCacheLockFree.nativeBytesInUse,1734276860684000000,1734276920683000000,0
FilePageCacheLockFree.totalPagesWritten,1734276860684000000,1734276920683000000,0
FilePageCacheLockFree.housekeeperTurnsSkipped,1734276860684000000,1734276920683000000,0
DirectByteBufferAllocator.hits,1734276860684000000,1734276920683000000,0
Indexes.stubs.lookupDuration90PMs,1734276860684000000,1734276920683000000,0.0
IndexesFlusher.totalFlushingTimeUs,1734276860684000000,1734276920683000000,85256
Indexes.allKeys.lookups,1734276860684000000,1734276920683000000,0
Indexes.stubs.lookupDurationMaxMs,1734276860684000000,1734276920683000000,0.0
Indexes.allKeys.lookupDurationAvgMs,1734276860684000000,1734276920683000000,0.0
Indexes.entries.lookupDuration90PMs,1734276860684000000,1734276920683000000,0.0
Indexes.entries.lookupDurationAvgMs,1734276860684000000,1734276920683000000,0.0
Indexes.stubs.lookups,1734276860684000000,1734276920683000000,14
Indexes.entries.lookups,1734276860684000000,1734276920683000000,68
Indexes.allKeys.lookupDuration90PMs,1734276860684000000,1734276920683000000,0.0
Indexes.allKeys.lookupDurationMaxMs,1734276860684000000,1734276920683000000,0.0
Indexes.stubs.lookupDurationAvgMs,1734276860684000000,1734276920683000000,0.0
Indexes.entries.lookupDurationMaxMs,1734276860684000000,1734276920683000000,0.0
IndexesFlusher.totalFlushes,1734276860684000000,1734276920683000000,60
IndexesFlusher.totalFlushesRetried,1734276860684000000,1734276920683000000,0
IndexesFlusher.totalContentionQuotaSpent,1734276860684000000,1734276920683000000,0
cacheStateStorage.set.counter,1734276860684000000,1734276920683000000,5
cacheStateStorage.set.duration,1734276860684000000,1734276920683000000,1
cacheStateStorage.get.duration,1734276860684000000,1734276920683000000,44
cacheStateStorage.get.counter,1734276860684000000,1734276920683000000,8
JVM.newThreadsCount,1734276920683000000,1734276980684000000,1
JVM.threadCount,1734276920683000000,1734276980684000000,63
JVM.usedHeapBytes,1734276920683000000,1734276980684000000,1031274496
JVM.totalCpuTimeMs,1734276920683000000,1734276980684000000,52300
JVM.totalDirectByteBuffersBytes,1734276920683000000,1734276980684000000,166248838
JVM.usedNativeBytes,1734276920683000000,1734276980684000000,419327352
JVM.totalTimeAtSafepointsMs,1734276920683000000,1734276980684000000,542
JVM.totalTimeToSafepointsMs,1734276920683000000,1734276980684000000,4
JVM.totalSafepointCount,1734276920683000000,1734276980684000000,78
JVM.GC.collections,1734276920683000000,1734276980684000000,15
JVM.maxHeapBytes,1734276920683000000,1734276980684000000,2147483648
JVM.maxThreadCount,1734276920683000000,1734276980684000000,109
OS.loadAverage,1734276920683000000,1734276980684000000,1.4091796875
JVM.GC.collectionTimesMs,1734276920683000000,1734276980684000000,531
JVM.totalBytesAllocated,1734276920683000000,1734276980684000000,2571190936
FileNameCache.totalMisses,1734276920683000000,1734276980684000000,0
VFS.invertedFileNameIndex.requests,1734276920683000000,1734276980684000000,0
VFS.contentStorage.recordsStored,1734276920683000000,1734276980684000000,2
VFS.contentStorage.recordsRead,1734276920683000000,1734276980684000000,150
VFS.contentStorage.recordsDeduplicated,1734276920683000000,1734276980684000000,0
VFS.fileByIdCache.misses,1734276920683000000,1734276980684000000,8540
VFS.fileChildByName,1734276920683000000,1734276980684000000,58257
VFS.fileByIdCache.hits,1734276920683000000,1734276980684000000,0
VFS.contentStorage.recordsStoredCompressed,1734276920683000000,1734276980684000000,0
VFS.contentStorage.recordsUncompressedSize,1734276920683000000,1734276980684000000,3388
VFS.contentStorage.recordsReadDecompressed,1734276920683000000,1734276980684000000,5
VFS.contentStorage.recordsDecompressionTimeUs,1734276920683000000,1734276980684000000,822
FileNameCache.queries,1734276920683000000,1734276980684000000,2965440
VFS.contentStorage.recordsReadSize,1734276920683000000,1734276980684000000,393997
VFS.contentStorage.recordsStoredSize,1734276920683000000,1734276980684000000,3388
lexer.Python.size.bytes,1734276920683000000,1734276980684000000,395711
lexer.PythonStub.time.ns,1734276920683000000,1734276980684000000,4806807
parser.Python.time.ns,1734276920683000000,1734276980684000000,417019119
writeAction.median.wait.ms,1734276920683000000,1734276980684000000,0
writeAction.count,1734276920683000000,1734276980684000000,74
parser.PythonStub.time.ns,1734276920683000000,1734276980684000000,27234355
parser.Python.size.bytes,1734276920683000000,1734276980684000000,395711
writeAction.max.wait.ms,1734276920683000000,1734276980684000000,13
parser.PythonStub.size.bytes,1734276920683000000,1734276980684000000,92391
lexer.PythonStub.size.bytes,1734276920683000000,1734276980684000000,92391
lexer.Python.time.ns,1734276920683000000,1734276980684000000,77910797
writeAction.wait.ms,1734276920683000000,1734276980684000000,11
workspaceModel.mutableEntityStorage.collect.changes.ms,1734276920683000000,1734276980684000000,0
workspaceModel.mutableEntityStorage.apply.changes.from.ms,1734276920683000000,1734276980684000000,0
workspaceModel.mutableEntityStorage.modify.entity.ms,1734276920683000000,1734276980684000000,0
jps.global.handle.before.change.events.ms,1734276920683000000,1734276980684000000,0
workspaceModel.moduleManagerBridge.load.all.modules.ms,1734276920683000000,1734276980684000000,0
workspaceModel.mutableEntityStorage.changeLog.addReplaceEventForRemovedParent.ms,1734276920683000000,1734276980684000000,0
workspaceModel.moduleManagerBridge.newModule.ms,1734276920683000000,1734276980684000000,0
workspaceModel.mutableEntityStorage.mutable.ext.mapping.ms,1734276920683000000,1734276980684000000,0
jps.global.get.library.ms,1734276920683000000,1734276980684000000,0
workspaceModel.mutableEntityStorage.referrers.ms,1734276920683000000,1734276980684000000,0
workspaceModel.moduleBridge.facet.initialization.ms,1734276920683000000,1734276980684000000,0
jps.artifact.entities.serializer.load.entities.ms,1734276920683000000,1734276980684000000,0
workspaceModel.mutableEntityStorage.changeLog.addReplaceEventForRemovedChild.ms,1734276920683000000,1734276980684000000,0
workspaceModel.global.updates.count,1734276920683000000,1734276980684000000,0
jps.apply.loaded.storage.ms,1734276920683000000,1734276980684000000,0
workspaceModel.mutableEntityStorage.changeLog.addReplaceEventForNewParent.ms,1734276920683000000,1734276980684000000,0
jps.global.get.libraries.ms,1734276920683000000,1734276980684000000,0
jps.reload.project.entities.ms,1734276920683000000,1734276980684000000,0
workspaceModel.mutableEntityStorage.to.snapshot.ms,1734276920683000000,1734276980684000000,0
workspaceModel.global.updates.ms,1734276920683000000,1734276980684000000,0
workspaceModel.moduleManagerBridge.new.nonPersistent.module.ms,1734276920683000000,1734276980684000000,0
jps.project.serializers.load.ms,1734276920683000000,1734276980684000000,0
workspaceModel.moduleBridge.before.changed.ms,1734276920683000000,1734276980684000000,0
jps.global.get.library.by.name.ms,1734276920683000000,1734276980684000000,0
jps.save.changed.project.entities.ms,1734276920683000000,1734276980684000000,0
jps.global.initialize.library.bridges.after.loading.ms,1734276920683000000,1734276980684000000,0
jps.library.entities.serializer.load.entities.ms,1734276920683000000,1734276980684000000,0
workspaceModel.moduleManagerBridge.set.unloadedModules.ms,1734276920683000000,1734276980684000000,0
workspaceModel.moduleBridgeLoader.loading.modules.ms,1734276920683000000,1734276980684000000,0
jps.project.serializers.save.ms,1734276920683000000,1734276980684000000,0
workspaceModel.mutableEntityStorage.put.entity.ms,1734276920683000000,1734276980684000000,0
jps.load.initial.state.ms,1734276920683000000,1734276980684000000,0
jps.storage.jps.conf.reader.load.component.ms,1734276920683000000,1734276980684000000,0
jps.library.entities.serializer.save.entities.ms,1734276920683000000,1734276980684000000,0
workspaceModel.global.apply.state.to.project.ms,1734276920683000000,1734276980684000000,0
workspaceModel.moduleManagerBridge.load.module.ms,1734276920683000000,1734276980684000000,0
jps.global.initialize.library.bridges.ms,1734276920683000000,1734276980684000000,0
workspaceModel.mutableEntityStorage.remove.entity.ms,1734276920683000000,1734276980684000000,0
workspaceModel.mutableEntityStorage.has.same.entities.ms,1734276920683000000,1734276980684000000,0
workspaceModel.mutableEntityStorage.instances.count,1734276920683000000,1734276980684000000,0
workspaceModel.mutableEntityStorage.add.entity.ms,1734276920683000000,1734276980684000000,0
workspaceModel.delayed.project.synchronizer.sync.ms,1734276920683000000,1734276980684000000,0
workspaceModel.moduleManagerBridge.build.module.graph.ms,1734276920683000000,1734276980684000000,0
workspaceModel.load.cache.from.file.ms,1734276920683000000,1734276980684000000,0
workspaceModel.moduleBridge.update.option.ms,1734276920683000000,1734276980684000000,0
jps.load.project.to.empty.storage.ms,1734276920683000000,1734276980684000000,0
jps.app.storage.content.writer.save.component.ms,1734276920683000000,1734276980684000000,0
workspaceModel.sync.entities.ms,1734276920683000000,1734276980684000000,0
jps.app.storage.content.reader.load.component.ms,1734276920683000000,1734276980684000000,0
jps.module.dependency.index.workspace.model.listener.on.changed.ms,1734276920683000000,1734276980684000000,0
workspaceModel.mutableEntityStorage.mutable.vfurl.index.ms,1734276920683000000,1734276980684000000,0
jps.global.handle.changed.events.ms,1734276920683000000,1734276980684000000,0
jps.facet.change.listener.init.bridge.ms,1734276920683000000,1734276980684000000,0
workspaceModel.mutableEntityStorage.entities.ms,1734276920683000000,1734276980684000000,0
workspaceModel.do.save.caches.ms,1734276920683000000,1734276980684000000,0
jps.artifact.entities.serializer.save.entities.ms,1734276920683000000,1734276980684000000,0
workspaceModel.mutableEntityStorage.resolve.ms,1734276920683000000,1734276980684000000,0
workspaceModel.orphan.listener.update.ms,1734276920683000000,1734276980684000000,0
workspaceModel.moduleManagerBridge.create.module.instance.ms,1734276920683000000,1734276980684000000,0
workspaceModel.moduleManagerBridge.get.modules.ms,1734276920683000000,1734276980684000000,0
jps.facet.change.listener.process.change.events.ms,1734276920683000000,1734276980684000000,0
workspaceModel.mutableEntityStorage.replace.by.source.ms,1734276920683000000,1734276980684000000,0
workspaceModel.save.cache.to.file.ms,1734276920683000000,1734276980684000000,0
workspaceModel.global.apply.state.to.project.builder.ms,1734276920683000000,1734276980684000000,0
jps.facet.change.listener.before.change.events.ms,1734276920683000000,1734276980684000000,0
jps.module.iml.entities.serializer.load.entities.ms,1734276920683000000,1734276980684000000,0
jps.save.global.entities.ms,1734276920683000000,1734276980684000000,0
jps.module.iml.entities.serializer.save.entities.ms,1734276920683000000,1734276980684000000,0
workspaceModel.load.cache.metadata.from.file.ms,1734276920683000000,1734276980684000000,0
workspaceModel.mutableEntityStorage.changeLog.addReplaceEventForNewChild.ms,1734276920683000000,1734276980684000000,0
workspaceModel.mutableEntityStorage.entities.by.source.ms,1734276920683000000,1734276980684000000,0
FlushQueue.queueSize90P,1734276920683000000,1734276980684000000,0
FlushQueue.executionTime90PNs,1734276920683000000,1734276980684000000,59391
AWTEventQueue.dispatchTimeMaxNs,1734276920683000000,1734276980684000000,643071
NonBlockingReadAction.failedExecutionsCount,1734276920683000000,1734276980684000000,0
AWTEventQueue.eventsDispatched,1734276920683000000,1734276980684000000,2
ReadAction.executionsCount,1734276920683000000,1734276980684000000,238947
FlushQueue.queueSizeAvg,1734276920683000000,1734276980684000000,0.0
FlushQueue.waitingTimeMaxNs,1734276920683000000,1734276980684000000,116735
FlushQueue.tasksExecuted,1734276920683000000,1734276980684000000,1
FlushQueue.queueSizeMax,1734276920683000000,1734276980684000000,0
FlushQueue.executionTimeMaxNs,1734276920683000000,1734276980684000000,59391
NonBlockingReadAction.finalizedExecutionsCount,1734276920683000000,1734276980684000000,1528
WriteAction.executionsCount,1734276920683000000,1734276980684000000,74
FlushQueue.executionTimeAvgNs,1734276920683000000,1734276980684000000,59264.0
AWTEventQueue.dispatchTimeTotalNS,1734276920683000000,1734276980684000000,7031651430
NonBlockingReadAction.failedExecutionTimeUs,1734276920683000000,1734276980684000000,0
NonBlockingReadAction.finalizedExecutionTimeUs,1734276920683000000,1734276980684000000,680810
AWTEventQueue.dispatchTimeAvgNs,1734276920683000000,1734276980684000000,372352.0
FlushQueue.waitingTime90PNs,1734276920683000000,1734276980684000000,116735
AWTEventQueue.dispatchTime90PNs,1734276920683000000,1734276980684000000,643071
FlushQueue.waitingTimeAvgNs,1734276920683000000,1734276980684000000,116480.0
workspaceModel.collect.changes.ms,1734276920683000000,1734276980684000000,0
workspaceModel.cachedValue.total.get.count,1734276920683000000,1734276980684000000,38106
workspaceModel.full.replace.project.model.ms,1734276920683000000,1734276980684000000,0
workspaceModel.workspaceFileIndexData.getFileInfo.ms,1734276920683000000,1734276980684000000,125
workspaceModel.loading.total.ms,1734276920683000000,1734276980684000000,0
workspaceModel.updates.ms,1734276920683000000,1734276980684000000,0
workspaceModel.entityStorageSnapshotImpl.instances.count,1734276920683000000,1734276980684000000,0
workspaceModel.loading.from.cache.ms,1734276920683000000,1734276980684000000,0
workspaceModel.workspaceFileIndexData.updateDirtyEntities.ms,1734276920683000000,1734276980684000000,0
workspaceModel.updates.precise.ms,1734276920683000000,1734276980684000000,0
workspaceModel.updates.count,1734276920683000000,1734276980684000000,0
workspaceModel.cachedValue.from.cache.count,1734276920683000000,1734276980684000000,38106
workspaceModel.workspaceFileIndexData.init.ms,1734276920683000000,1734276980684000000,0
workspaceModel.cachedValue.calculated.count,1734276920683000000,1734276980684000000,0
workspaceModel.replace.project.model.ms,1734276920683000000,1734276980684000000,0
workspaceModel.on.before.changed.ms,1734276920683000000,1734276980684000000,0
workspaceModel.update.unloaded.entities.ms,1734276920683000000,1734276980684000000,0
workspaceModel.workspaceFileIndexContributor.registerFileSets.ms,1734276920683000000,1734276980684000000,0
workspaceModel.cachedValueWithParameters.total.get.count,1734276920683000000,1734276980684000000,0
workspaceModel.workspaceFileIndexData.getDirectoriesByPackageName.ms,1734276920683000000,1734276980684000000,0
workspaceModel.cachedValueWithParameters.from.cache.count,1734276920683000000,1734276980684000000,0
workspaceModel.workspaceFileIndexData.getPackageName.ms,1734276920683000000,1734276980684000000,0
workspaceModel.cachedValue.clear.count,1734276920683000000,1734276980684000000,0
workspaceModel.workspaceFileIndexData.onEntitiesChanged.ms,1734276920683000000,1734276980684000000,0
workspaceModel.workspaceFileIndexData.visitFileSets.ms,1734276920683000000,1734276980684000000,0
workspaceModel.cachedValueWithParameters.calculated.count,1734276920683000000,1734276980684000000,0
workspaceModel.workspaceFileIndexData.instances.count,1734276920683000000,1734276980684000000,0
workspaceModel.initializing.ms,1734276920683000000,1734276980684000000,0
workspaceModel.workspaceFileIndexData.processFileSets.ms,1734276920683000000,1734276980684000000,0
workspaceModel.init.bridges.ms,1734276920683000000,1734276980684000000,0
workspaceModel.pre.handlers.ms,1734276920683000000,1734276980684000000,0
workspaceModel.cachedValueWithParameters.clear.count,1734276920683000000,1734276980684000000,0
workspaceModel.on.changed.ms,1734276920683000000,1734276980684000000,0
workspaceModel.workspaceFileIndexData.markDirty.ms,1734276920683000000,1734276980684000000,0
workspaceModel.check.recursive.update.ms,1734276920683000000,1734276980684000000,0
workspaceModel.to.snapshot.ms,1734276920683000000,1734276980684000000,0
FilePageCacheLockFree.totalClosedStoragesReclaimed,1734276920683000000,1734276980684000000,0
DirectByteBufferAllocator.misses,1734276920683000000,1734276980684000000,12
DirectByteBufferAllocator.totalSizeOfBuffersAllocatedInBytes,1734276920683000000,1734276980684000000,163618816
StorageLockContext.competingThreads.90P,1734276920683000000,1734276980684000000,0
StreamlinedBlobStorage.totalLiveRecordsPayloadBytes,1734276920683000000,1734276980684000000,0
FilePageCacheLockFree.heapBytesInUse,1734276920683000000,1734276980684000000,0
StreamlinedBlobStorage.recordsRelocated,1734276920683000000,1734276980684000000,0
FilePageCacheLockFree.totalBytesRead,1734276920683000000,1734276980684000000,0
FilePageCache.capacityInBytes,1734276920683000000,1734276980684000000,503316478
FilePageCacheLockFree.totalNativeBytesAllocated,1734276920683000000,1734276980684000000,0
StreamlinedBlobStorage.recordsAllocated,1734276920683000000,1734276980684000000,0
DirectByteBufferAllocator.totalSizeOfBuffersCachedInBytes,1734276920683000000,1734276980684000000,0
MappedFileStorage.totalTimeSpentOnMappingUs,1734276920683000000,1734276980684000000,26897
FilePageCache.disposedBuffers,1734276920683000000,1734276980684000000,0
FilePageCache.maxCacheSizeInBytes,1734276920683000000,1734276980684000000,163618816
FilePageCache.pageFastCacheHits,1734276920683000000,1734276980684000000,46149
FilePageCacheLockFree.totalHeapBytesAllocated,1734276920683000000,1734276980684000000,0
StreamlinedBlobStorage.totalLiveRecordsCapacityBytes,1734276920683000000,1734276980684000000,0
FilePageCacheLockFree.totalPagesHandedOver,1734276920683000000,1734276980684000000,0
FilePageCacheLockFree.totalPagesAllocated,1734276920683000000,1734276980684000000,0
FileChannelInterruptsRetryer.totalRetriedAttempts,1734276920683000000,1734276980684000000,0
FilePageCache.pageHits,1734276920683000000,1734276980684000000,10
StorageLockContext.competingThreads.max,1734276920683000000,1734276980684000000,0
FilePageCacheLockFree.totalPageAllocationsWaited,1734276920683000000,1734276980684000000,0
FilePageCacheLockFree.totalBytesWritten,1734276920683000000,1734276980684000000,0
FilePageCacheLockFree.totalBytesRequested,1734276920683000000,1734276980684000000,0
FilePageCacheLockFree.totalNativeBytesReclaimed,1734276920683000000,1734276980684000000,0
StreamlinedBlobStorage.recordsDeleted,1734276920683000000,1734276980684000000,0
FilePageCacheLockFree.housekeeperTimeSpentMs,1734276920683000000,1734276980684000000,0
FilePageCacheLockFree.totalPagesReclaimed,1734276920683000000,1734276980684000000,0
FilePageCache.totalPageLoadsUs,1734276920683000000,1734276980684000000,48555
FilePageCacheLockFree.totalPagesReadMs,1734276920683000000,1734276980684000000,0
StorageLockContext.competingThreads.avg,1734276920683000000,1734276980684000000,0.0
FilePageCache.pageLoadsAboveSizeThreshold,1734276920683000000,1734276980684000000,0
FilePageCacheLockFree.totalPagesRequested,1734276920683000000,1734276980684000000,0
FilePageCache.totalPageDisposalsUs,1734276920683000000,1734276980684000000,48
FilePageCache.pageLoads,1734276920683000000,1734276980684000000,12
FilePageCacheLockFree.housekeeperTurnsDone,1734276920683000000,1734276980684000000,0
FilePageCacheLockFree.totalPagesWriteMs,1734276920683000000,1734276980684000000,0
FilePageCache.maxRegisteredFiles,1734276920683000000,1734276980684000000,262
FilePageCache.uncachedFileAccess,1734276920683000000,1734276980684000000,28
MappedFileStorage.totalBytesMapped,1734276920683000000,1734276980684000000,202637312
DirectByteBufferAllocator.disposed,1734276920683000000,1734276980684000000,0
FilePageCacheLockFree.totalHeapBytesReclaimed,1734276920683000000,1734276980684000000,0
FilePageCacheLockFree.totalPagesRequestsMs,1734276920683000000,1734276980684000000,0
MappedFileStorage.storages,1734276920683000000,1734276980684000000,16
DirectByteBufferAllocator.reclaimed,1734276920683000000,1734276980684000000,0
MappedFileStorage.totalPagesMapped,1734276920683000000,1734276980684000000,16
FilePageCacheLockFree.nativeBytesInUse,1734276920683000000,1734276980684000000,0
FilePageCacheLockFree.totalPagesWritten,1734276920683000000,1734276980684000000,0
FilePageCacheLockFree.housekeeperTurnsSkipped,1734276920683000000,1734276980684000000,0
DirectByteBufferAllocator.hits,1734276920683000000,1734276980684000000,0
Indexes.stubs.lookupDuration90PMs,1734276920683000000,1734276980684000000,0.0
IndexesFlusher.totalFlushingTimeUs,1734276920683000000,1734276980684000000,95711
Indexes.allKeys.lookups,1734276920683000000,1734276980684000000,0
Indexes.stubs.lookupDurationMaxMs,1734276920683000000,1734276980684000000,0.0
Indexes.allKeys.lookupDurationAvgMs,1734276920683000000,1734276980684000000,0.0
Indexes.entries.lookupDuration90PMs,1734276920683000000,1734276980684000000,0.0
Indexes.entries.lookupDurationAvgMs,1734276920683000000,1734276980684000000,0.0
Indexes.stubs.lookups,1734276920683000000,1734276980684000000,6218
Indexes.entries.lookups,1734276920683000000,1734276980684000000,180
Indexes.allKeys.lookupDuration90PMs,1734276920683000000,1734276980684000000,0.0
Indexes.allKeys.lookupDurationMaxMs,1734276920683000000,1734276980684000000,0.0
Indexes.stubs.lookupDurationAvgMs,1734276920683000000,1734276980684000000,0.0
Indexes.entries.lookupDurationMaxMs,1734276920683000000,1734276980684000000,0.0
IndexesFlusher.totalFlushes,1734276920683000000,1734276980684000000,59
IndexesFlusher.totalFlushesRetried,1734276920683000000,1734276980684000000,0
IndexesFlusher.totalContentionQuotaSpent,1734276920683000000,1734276980684000000,0
cacheStateStorage.set.counter,1734276920683000000,1734276980684000000,0
cacheStateStorage.set.duration,1734276920683000000,1734276980684000000,0
cacheStateStorage.get.duration,1734276920683000000,1734276980684000000,27
cacheStateStorage.get.counter,1734276920683000000,1734276980684000000,7
sorting.time.6,1734276920683000000,1734276980684000000,46
sorting.items.6,1734276920683000000,1734276980684000000,446
model.time.2,1734276920683000000,1734276980684000000,2
sorting.time.5,1734276920683000000,1734276980684000000,89
model.items.5,1734276920683000000,1734276980684000000,768
model.time.0,1734276920683000000,1734276980684000000,8
model.items.6,1734276920683000000,1734276980684000000,446
model.time.3,1734276920683000000,1734276980684000000,13
sorting.time.11,1734276920683000000,1734276980684000000,2
sorting.time.8,1734276920683000000,1734276980684000000,3
model.items.1,1734276920683000000,1734276980684000000,10
model.time.6,1734276920683000000,1734276980684000000,25
reordered.by.ml,1734276920683000000,1734276980684000000,31
sorting.time.3,1734276920683000000,1734276980684000000,25
sorting.items.0,1734276920683000000,1734276980684000000,47
sorting.time.2,1734276920683000000,1734276980684000000,7
sorting.items.5,1734276920683000000,1734276980684000000,768
model.time.5,1734276920683000000,1734276980684000000,50
sorting.time.4,1734276920683000000,1734276980684000000,79
model.items.2,1734276920683000000,1734276980684000000,18
sorting.time.1,1734276920683000000,1734276980684000000,6
model.items.4,1734276920683000000,1734276980684000000,197
sorting.time.10,1734276920683000000,1734276980684000000,1
sorting.time.0,1734276920683000000,1734276980684000000,26
model.time.4,1734276920683000000,1734276980684000000,61
sorting.time.7,1734276920683000000,1734276980684000000,3
sorting.items.4,1734276920683000000,1734276980684000000,197
sorting.items.1,1734276920683000000,1734276980684000000,10
sorting.time.9,1734276920683000000,1734276980684000000,3
sorting.items.3,1734276920683000000,1734276980684000000,190
model.items.0,1734276920683000000,1734276980684000000,47
model.time.1,1734276920683000000,1734276980684000000,2
sorting.items.2,1734276920683000000,1734276980684000000,18
model.items.3,1734276920683000000,1734276980684000000,190
JVM.newThreadsCount,1734276980684000000,1734277040685000000,4
JVM.threadCount,1734276980684000000,1734277040685000000,66
JVM.usedHeapBytes,1734276980684000000,1734277040685000000,783286272
JVM.totalCpuTimeMs,1734276980684000000,1734277040685000000,25370
JVM.totalDirectByteBuffersBytes,1734276980684000000,1734277040685000000,166230629
JVM.usedNativeBytes,1734276980684000000,1734277040685000000,420171816
JVM.totalTimeAtSafepointsMs,1734276980684000000,1734277040685000000,375
JVM.totalTimeToSafepointsMs,1734276980684000000,1734277040685000000,2
JVM.totalSafepointCount,1734276980684000000,1734277040685000000,51
JVM.GC.collections,1734276980684000000,1734277040685000000,10
JVM.maxHeapBytes,1734276980684000000,1734277040685000000,2147483648
JVM.maxThreadCount,1734276980684000000,1734277040685000000,109
OS.loadAverage,1734276980684000000,1734277040685000000,1.13818359375
JVM.GC.collectionTimesMs,1734276980684000000,1734277040685000000,371
JVM.totalBytesAllocated,1734276980684000000,1734277040685000000,1166845576
FileNameCache.totalMisses,1734276980684000000,1734277040685000000,0
VFS.invertedFileNameIndex.requests,1734276980684000000,1734277040685000000,1
VFS.contentStorage.recordsStored,1734276980684000000,1734277040685000000,3
VFS.contentStorage.recordsRead,1734276980684000000,1734277040685000000,57
VFS.contentStorage.recordsDeduplicated,1734276980684000000,1734277040685000000,0
VFS.fileByIdCache.misses,1734276980684000000,1734277040685000000,288
VFS.fileChildByName,1734276980684000000,1734277040685000000,32280
VFS.fileByIdCache.hits,1734276980684000000,1734277040685000000,9
VFS.contentStorage.recordsStoredCompressed,1734276980684000000,1734277040685000000,0
VFS.contentStorage.recordsUncompressedSize,1734276980684000000,1734277040685000000,6025
VFS.contentStorage.recordsReadDecompressed,1734276980684000000,1734277040685000000,0
VFS.contentStorage.recordsDecompressionTimeUs,1734276980684000000,1734277040685000000,0
FileNameCache.queries,1734276980684000000,1734277040685000000,330816
VFS.contentStorage.recordsReadSize,1734276980684000000,1734277040685000000,106683
VFS.contentStorage.recordsStoredSize,1734276980684000000,1734277040685000000,6025
lexer.Python.size.bytes,1734276980684000000,1734277040685000000,63065
parser.Python.time.ns,1734276980684000000,1734277040685000000,65575001
writeAction.median.wait.ms,1734276980684000000,1734277040685000000,0
writeAction.count,1734276980684000000,1734277040685000000,57
parser.Python.size.bytes,1734276980684000000,1734277040685000000,63065
writeAction.max.wait.ms,1734276980684000000,1734277040685000000,15
lexer.Python.time.ns,1734276980684000000,1734277040685000000,17995997
writeAction.wait.ms,1734276980684000000,1734277040685000000,30
workspaceModel.mutableEntityStorage.collect.changes.ms,1734276980684000000,1734277040685000000,0
workspaceModel.mutableEntityStorage.apply.changes.from.ms,1734276980684000000,1734277040685000000,0
workspaceModel.mutableEntityStorage.modify.entity.ms,1734276980684000000,1734277040685000000,0
jps.global.handle.before.change.events.ms,1734276980684000000,1734277040685000000,0
workspaceModel.moduleManagerBridge.load.all.modules.ms,1734276980684000000,1734277040685000000,0
workspaceModel.mutableEntityStorage.changeLog.addReplaceEventForRemovedParent.ms,1734276980684000000,1734277040685000000,0
workspaceModel.moduleManagerBridge.newModule.ms,1734276980684000000,1734277040685000000,0
workspaceModel.mutableEntityStorage.mutable.ext.mapping.ms,1734276980684000000,1734277040685000000,0
jps.global.get.library.ms,1734276980684000000,1734277040685000000,0
workspaceModel.mutableEntityStorage.referrers.ms,1734276980684000000,1734277040685000000,0
workspaceModel.moduleBridge.facet.initialization.ms,1734276980684000000,1734277040685000000,0
jps.artifact.entities.serializer.load.entities.ms,1734276980684000000,1734277040685000000,0
workspaceModel.mutableEntityStorage.changeLog.addReplaceEventForRemovedChild.ms,1734276980684000000,1734277040685000000,0
workspaceModel.global.updates.count,1734276980684000000,1734277040685000000,0
jps.apply.loaded.storage.ms,1734276980684000000,1734277040685000000,0
workspaceModel.mutableEntityStorage.changeLog.addReplaceEventForNewParent.ms,1734276980684000000,1734277040685000000,0
jps.global.get.libraries.ms,1734276980684000000,1734277040685000000,0
jps.reload.project.entities.ms,1734276980684000000,1734277040685000000,0
workspaceModel.mutableEntityStorage.to.snapshot.ms,1734276980684000000,1734277040685000000,0
workspaceModel.global.updates.ms,1734276980684000000,1734277040685000000,0
workspaceModel.moduleManagerBridge.new.nonPersistent.module.ms,1734276980684000000,1734277040685000000,0
jps.project.serializers.load.ms,1734276980684000000,1734277040685000000,0
workspaceModel.moduleBridge.before.changed.ms,1734276980684000000,1734277040685000000,0
jps.global.get.library.by.name.ms,1734276980684000000,1734277040685000000,0
jps.save.changed.project.entities.ms,1734276980684000000,1734277040685000000,0
jps.global.initialize.library.bridges.after.loading.ms,1734276980684000000,1734277040685000000,0
jps.library.entities.serializer.load.entities.ms,1734276980684000000,1734277040685000000,0
workspaceModel.moduleManagerBridge.set.unloadedModules.ms,1734276980684000000,1734277040685000000,0
workspaceModel.moduleBridgeLoader.loading.modules.ms,1734276980684000000,1734277040685000000,0
jps.project.serializers.save.ms,1734276980684000000,1734277040685000000,0
workspaceModel.mutableEntityStorage.put.entity.ms,1734276980684000000,1734277040685000000,0
jps.load.initial.state.ms,1734276980684000000,1734277040685000000,0
jps.storage.jps.conf.reader.load.component.ms,1734276980684000000,1734277040685000000,0
jps.library.entities.serializer.save.entities.ms,1734276980684000000,1734277040685000000,0
workspaceModel.global.apply.state.to.project.ms,1734276980684000000,1734277040685000000,0
workspaceModel.moduleManagerBridge.load.module.ms,1734276980684000000,1734277040685000000,0
jps.global.initialize.library.bridges.ms,1734276980684000000,1734277040685000000,0
workspaceModel.mutableEntityStorage.remove.entity.ms,1734276980684000000,1734277040685000000,0
workspaceModel.mutableEntityStorage.has.same.entities.ms,1734276980684000000,1734277040685000000,0
workspaceModel.mutableEntityStorage.instances.count,1734276980684000000,1734277040685000000,0
workspaceModel.mutableEntityStorage.add.entity.ms,1734276980684000000,1734277040685000000,0
workspaceModel.delayed.project.synchronizer.sync.ms,1734276980684000000,1734277040685000000,0
workspaceModel.moduleManagerBridge.build.module.graph.ms,1734276980684000000,1734277040685000000,0
workspaceModel.load.cache.from.file.ms,1734276980684000000,1734277040685000000,0
workspaceModel.moduleBridge.update.option.ms,1734276980684000000,1734277040685000000,0
jps.load.project.to.empty.storage.ms,1734276980684000000,1734277040685000000,0
jps.app.storage.content.writer.save.component.ms,1734276980684000000,1734277040685000000,7
workspaceModel.sync.entities.ms,1734276980684000000,1734277040685000000,0
jps.app.storage.content.reader.load.component.ms,1734276980684000000,1734277040685000000,0
jps.module.dependency.index.workspace.model.listener.on.changed.ms,1734276980684000000,1734277040685000000,0
workspaceModel.mutableEntityStorage.mutable.vfurl.index.ms,1734276980684000000,1734277040685000000,0
jps.global.handle.changed.events.ms,1734276980684000000,1734277040685000000,0
jps.facet.change.listener.init.bridge.ms,1734276980684000000,1734277040685000000,0
workspaceModel.mutableEntityStorage.entities.ms,1734276980684000000,1734277040685000000,0
workspaceModel.do.save.caches.ms,1734276980684000000,1734277040685000000,0
jps.artifact.entities.serializer.save.entities.ms,1734276980684000000,1734277040685000000,0
workspaceModel.mutableEntityStorage.resolve.ms,1734276980684000000,1734277040685000000,0
workspaceModel.orphan.listener.update.ms,1734276980684000000,1734277040685000000,0
workspaceModel.moduleManagerBridge.create.module.instance.ms,1734276980684000000,1734277040685000000,0
workspaceModel.moduleManagerBridge.get.modules.ms,1734276980684000000,1734277040685000000,0
jps.facet.change.listener.process.change.events.ms,1734276980684000000,1734277040685000000,0
workspaceModel.mutableEntityStorage.replace.by.source.ms,1734276980684000000,1734277040685000000,0
workspaceModel.save.cache.to.file.ms,1734276980684000000,1734277040685000000,0
workspaceModel.global.apply.state.to.project.builder.ms,1734276980684000000,1734277040685000000,0
jps.facet.change.listener.before.change.events.ms,1734276980684000000,1734277040685000000,0
jps.module.iml.entities.serializer.load.entities.ms,1734276980684000000,1734277040685000000,0
jps.save.global.entities.ms,1734276980684000000,1734277040685000000,11
jps.module.iml.entities.serializer.save.entities.ms,1734276980684000000,1734277040685000000,0
workspaceModel.load.cache.metadata.from.file.ms,1734276980684000000,1734277040685000000,0
workspaceModel.mutableEntityStorage.changeLog.addReplaceEventForNewChild.ms,1734276980684000000,1734277040685000000,0
workspaceModel.mutableEntityStorage.entities.by.source.ms,1734276980684000000,1734277040685000000,0
FlushQueue.queueSize90P,1734276980684000000,1734277040685000000,0
FlushQueue.executionTime90PNs,1734276980684000000,1734277040685000000,0
AWTEventQueue.dispatchTimeMaxNs,1734276980684000000,1734277040685000000,0
NonBlockingReadAction.failedExecutionsCount,1734276980684000000,1734277040685000000,0
AWTEventQueue.eventsDispatched,1734276980684000000,1734277040685000000,0
ReadAction.executionsCount,1734276980684000000,1734277040685000000,170572
FlushQueue.queueSizeAvg,1734276980684000000,1734277040685000000,0.0
FlushQueue.waitingTimeMaxNs,1734276980684000000,1734277040685000000,0
FlushQueue.tasksExecuted,1734276980684000000,1734277040685000000,0
FlushQueue.queueSizeMax,1734276980684000000,1734277040685000000,0
FlushQueue.executionTimeMaxNs,1734276980684000000,1734277040685000000,0
NonBlockingReadAction.finalizedExecutionsCount,1734276980684000000,1734277040685000000,659
WriteAction.executionsCount,1734276980684000000,1734277040685000000,57
FlushQueue.executionTimeAvgNs,1734276980684000000,1734277040685000000,0.0
AWTEventQueue.dispatchTimeTotalNS,1734276980684000000,1734277040685000000,3989941669
NonBlockingReadAction.failedExecutionTimeUs,1734276980684000000,1734277040685000000,0
NonBlockingReadAction.finalizedExecutionTimeUs,1734276980684000000,1734277040685000000,173955
AWTEventQueue.dispatchTimeAvgNs,1734276980684000000,1734277040685000000,0.0
FlushQueue.waitingTime90PNs,1734276980684000000,1734277040685000000,0
AWTEventQueue.dispatchTime90PNs,1734276980684000000,1734277040685000000,0
FlushQueue.waitingTimeAvgNs,1734276980684000000,1734277040685000000,0.0
workspaceModel.collect.changes.ms,1734276980684000000,1734277040685000000,0
workspaceModel.cachedValue.total.get.count,1734276980684000000,1734277040685000000,9863
workspaceModel.full.replace.project.model.ms,1734276980684000000,1734277040685000000,0
workspaceModel.workspaceFileIndexData.getFileInfo.ms,1734276980684000000,1734277040685000000,36
workspaceModel.loading.total.ms,1734276980684000000,1734277040685000000,0
workspaceModel.updates.ms,1734276980684000000,1734277040685000000,0
workspaceModel.entityStorageSnapshotImpl.instances.count,1734276980684000000,1734277040685000000,0
workspaceModel.loading.from.cache.ms,1734276980684000000,1734277040685000000,0
workspaceModel.workspaceFileIndexData.updateDirtyEntities.ms,1734276980684000000,1734277040685000000,0
workspaceModel.updates.precise.ms,1734276980684000000,1734277040685000000,0
workspaceModel.updates.count,1734276980684000000,1734277040685000000,0
workspaceModel.cachedValue.from.cache.count,1734276980684000000,1734277040685000000,9863
workspaceModel.workspaceFileIndexData.init.ms,1734276980684000000,1734277040685000000,0
workspaceModel.cachedValue.calculated.count,1734276980684000000,1734277040685000000,0
workspaceModel.replace.project.model.ms,1734276980684000000,1734277040685000000,0
workspaceModel.on.before.changed.ms,1734276980684000000,1734277040685000000,0
workspaceModel.update.unloaded.entities.ms,1734276980684000000,1734277040685000000,0
workspaceModel.workspaceFileIndexContributor.registerFileSets.ms,1734276980684000000,1734277040685000000,0
workspaceModel.cachedValueWithParameters.total.get.count,1734276980684000000,1734277040685000000,0
workspaceModel.workspaceFileIndexData.getDirectoriesByPackageName.ms,1734276980684000000,1734277040685000000,0
workspaceModel.cachedValueWithParameters.from.cache.count,1734276980684000000,1734277040685000000,0
workspaceModel.workspaceFileIndexData.getPackageName.ms,1734276980684000000,1734277040685000000,0
workspaceModel.cachedValue.clear.count,1734276980684000000,1734277040685000000,0
workspaceModel.workspaceFileIndexData.onEntitiesChanged.ms,1734276980684000000,1734277040685000000,0
workspaceModel.workspaceFileIndexData.visitFileSets.ms,1734276980684000000,1734277040685000000,0
workspaceModel.cachedValueWithParameters.calculated.count,1734276980684000000,1734277040685000000,0
workspaceModel.workspaceFileIndexData.instances.count,1734276980684000000,1734277040685000000,0
workspaceModel.initializing.ms,1734276980684000000,1734277040685000000,0
workspaceModel.workspaceFileIndexData.processFileSets.ms,1734276980684000000,1734277040685000000,0
workspaceModel.init.bridges.ms,1734276980684000000,1734277040685000000,0
workspaceModel.pre.handlers.ms,1734276980684000000,1734277040685000000,0
workspaceModel.cachedValueWithParameters.clear.count,1734276980684000000,1734277040685000000,0
workspaceModel.on.changed.ms,1734276980684000000,1734277040685000000,0
workspaceModel.workspaceFileIndexData.markDirty.ms,1734276980684000000,1734277040685000000,0
workspaceModel.check.recursive.update.ms,1734276980684000000,1734277040685000000,0
workspaceModel.to.snapshot.ms,1734276980684000000,1734277040685000000,0
FilePageCacheLockFree.totalClosedStoragesReclaimed,1734276980684000000,1734277040685000000,0
DirectByteBufferAllocator.misses,1734276980684000000,1734277040685000000,0
DirectByteBufferAllocator.totalSizeOfBuffersAllocatedInBytes,1734276980684000000,1734277040685000000,163618816
StorageLockContext.competingThreads.90P,1734276980684000000,1734277040685000000,0
StreamlinedBlobStorage.totalLiveRecordsPayloadBytes,1734276980684000000,1734277040685000000,0
FilePageCacheLockFree.heapBytesInUse,1734276980684000000,1734277040685000000,0
StreamlinedBlobStorage.recordsRelocated,1734276980684000000,1734277040685000000,0
FilePageCacheLockFree.totalBytesRead,1734276980684000000,1734277040685000000,0
FilePageCache.capacityInBytes,1734276980684000000,1734277040685000000,503316478
FilePageCacheLockFree.totalNativeBytesAllocated,1734276980684000000,1734277040685000000,0
StreamlinedBlobStorage.recordsAllocated,1734276980684000000,1734277040685000000,0
DirectByteBufferAllocator.totalSizeOfBuffersCachedInBytes,1734276980684000000,1734277040685000000,0
MappedFileStorage.totalTimeSpentOnMappingUs,1734276980684000000,1734277040685000000,26897
FilePageCache.disposedBuffers,1734276980684000000,1734277040685000000,0
FilePageCache.maxCacheSizeInBytes,1734276980684000000,1734277040685000000,163618816
FilePageCache.pageFastCacheHits,1734276980684000000,1734277040685000000,468
FilePageCacheLockFree.totalHeapBytesAllocated,1734276980684000000,1734277040685000000,0
StreamlinedBlobStorage.totalLiveRecordsCapacityBytes,1734276980684000000,1734277040685000000,0
FilePageCacheLockFree.totalPagesHandedOver,1734276980684000000,1734277040685000000,0
FilePageCacheLockFree.totalPagesAllocated,1734276980684000000,1734277040685000000,0
FileChannelInterruptsRetryer.totalRetriedAttempts,1734276980684000000,1734277040685000000,0
FilePageCache.pageHits,1734276980684000000,1734277040685000000,17
StorageLockContext.competingThreads.max,1734276980684000000,1734277040685000000,0
FilePageCacheLockFree.totalPageAllocationsWaited,1734276980684000000,1734277040685000000,0
FilePageCacheLockFree.totalBytesWritten,1734276980684000000,1734277040685000000,0
FilePageCacheLockFree.totalBytesRequested,1734276980684000000,1734277040685000000,0
FilePageCacheLockFree.totalNativeBytesReclaimed,1734276980684000000,1734277040685000000,0
StreamlinedBlobStorage.recordsDeleted,1734276980684000000,1734277040685000000,0
FilePageCacheLockFree.housekeeperTimeSpentMs,1734276980684000000,1734277040685000000,0
FilePageCacheLockFree.totalPagesReclaimed,1734276980684000000,1734277040685000000,0
FilePageCache.totalPageLoadsUs,1734276980684000000,1734277040685000000,0
FilePageCacheLockFree.totalPagesReadMs,1734276980684000000,1734277040685000000,0
StorageLockContext.competingThreads.avg,1734276980684000000,1734277040685000000,0.0
FilePageCache.pageLoadsAboveSizeThreshold,1734276980684000000,1734277040685000000,0
FilePageCacheLockFree.totalPagesRequested,1734276980684000000,1734277040685000000,0
FilePageCache.totalPageDisposalsUs,1734276980684000000,1734277040685000000,0
FilePageCache.pageLoads,1734276980684000000,1734277040685000000,0
FilePageCacheLockFree.housekeeperTurnsDone,1734276980684000000,1734277040685000000,0
FilePageCacheLockFree.totalPagesWriteMs,1734276980684000000,1734277040685000000,0
FilePageCache.maxRegisteredFiles,1734276980684000000,1734277040685000000,262
FilePageCache.uncachedFileAccess,1734276980684000000,1734277040685000000,15
MappedFileStorage.totalBytesMapped,1734276980684000000,1734277040685000000,202637312
DirectByteBufferAllocator.disposed,1734276980684000000,1734277040685000000,0
FilePageCacheLockFree.totalHeapBytesReclaimed,1734276980684000000,1734277040685000000,0
FilePageCacheLockFree.totalPagesRequestsMs,1734276980684000000,1734277040685000000,0
MappedFileStorage.storages,1734276980684000000,1734277040685000000,16
DirectByteBufferAllocator.reclaimed,1734276980684000000,1734277040685000000,0
MappedFileStorage.totalPagesMapped,1734276980684000000,1734277040685000000,16
FilePageCacheLockFree.nativeBytesInUse,1734276980684000000,1734277040685000000,0
FilePageCacheLockFree.totalPagesWritten,1734276980684000000,1734277040685000000,0
FilePageCacheLockFree.housekeeperTurnsSkipped,1734276980684000000,1734277040685000000,0
DirectByteBufferAllocator.hits,1734276980684000000,1734277040685000000,0
Indexes.stubs.lookupDuration90PMs,1734276980684000000,1734277040685000000,0.0
IndexesFlusher.totalFlushingTimeUs,1734276980684000000,1734277040685000000,75745
Indexes.allKeys.lookups,1734276980684000000,1734277040685000000,0
Indexes.stubs.lookupDurationMaxMs,1734276980684000000,1734277040685000000,0.0
Indexes.allKeys.lookupDurationAvgMs,1734276980684000000,1734277040685000000,0.0
Indexes.entries.lookupDuration90PMs,1734276980684000000,1734277040685000000,0.0
Indexes.entries.lookupDurationAvgMs,1734276980684000000,1734277040685000000,0.0
Indexes.stubs.lookups,1734276980684000000,1734277040685000000,61
Indexes.entries.lookups,1734276980684000000,1734277040685000000,94
Indexes.allKeys.lookupDuration90PMs,1734276980684000000,1734277040685000000,0.0
Indexes.allKeys.lookupDurationMaxMs,1734276980684000000,1734277040685000000,0.0
Indexes.stubs.lookupDurationAvgMs,1734276980684000000,1734277040685000000,0.0
Indexes.entries.lookupDurationMaxMs,1734276980684000000,1734277040685000000,0.0
IndexesFlusher.totalFlushes,1734276980684000000,1734277040685000000,60
IndexesFlusher.totalFlushesRetried,1734276980684000000,1734277040685000000,0
IndexesFlusher.totalContentionQuotaSpent,1734276980684000000,1734277040685000000,0
cacheStateStorage.set.counter,1734276980684000000,1734277040685000000,0
cacheStateStorage.set.duration,1734276980684000000,1734277040685000000,0
cacheStateStorage.get.duration,1734276980684000000,1734277040685000000,42
cacheStateStorage.get.counter,1734276980684000000,1734277040685000000,13
JVM.newThreadsCount,1734277040685000000,1734277100688000000,5
JVM.threadCount,1734277040685000000,1734277100688000000,68
JVM.usedHeapBytes,1734277040685000000,1734277100688000000,654835712
JVM.totalCpuTimeMs,1734277040685000000,1734277100688000000,14720
JVM.totalDirectByteBuffersBytes,1734277040685000000,1734277100688000000,166515357
JVM.usedNativeBytes,1734277040685000000,1734277100688000000,426478520
JVM.totalTimeAtSafepointsMs,1734277040685000000,1734277100688000000,147
JVM.totalTimeToSafepointsMs,1734277040685000000,1734277100688000000,1
JVM.totalSafepointCount,1734277040685000000,1734277100688000000,31
JVM.GC.collections,1734277040685000000,1734277100688000000,5
JVM.maxHeapBytes,1734277040685000000,1734277100688000000,2147483648
JVM.maxThreadCount,1734277040685000000,1734277100688000000,109
OS.loadAverage,1734277040685000000,1734277100688000000,0.92919921875
JVM.GC.collectionTimesMs,1734277040685000000,1734277100688000000,144
JVM.totalBytesAllocated,1734277040685000000,1734277100688000000,564176800
FileNameCache.totalMisses,1734277040685000000,1734277100688000000,0
VFS.invertedFileNameIndex.requests,1734277040685000000,1734277100688000000,0
VFS.contentStorage.recordsStored,1734277040685000000,1734277100688000000,2
VFS.contentStorage.recordsRead,1734277040685000000,1734277100688000000,24
VFS.contentStorage.recordsDeduplicated,1734277040685000000,1734277100688000000,1
VFS.fileByIdCache.misses,1734277040685000000,1734277100688000000,92
VFS.fileChildByName,1734277040685000000,1734277100688000000,23210
VFS.fileByIdCache.hits,1734277040685000000,1734277100688000000,1
VFS.contentStorage.recordsStoredCompressed,1734277040685000000,1734277100688000000,0
VFS.contentStorage.recordsUncompressedSize,1734277040685000000,1734277100688000000,4002
VFS.contentStorage.recordsReadDecompressed,1734277040685000000,1734277100688000000,2
VFS.contentStorage.recordsDecompressionTimeUs,1734277040685000000,1734277100688000000,176
FileNameCache.queries,1734277040685000000,1734277100688000000,292800
VFS.contentStorage.recordsReadSize,1734277040685000000,1734277100688000000,121703
VFS.contentStorage.recordsStoredSize,1734277040685000000,1734277100688000000,4002
lexer.Python.size.bytes,1734277040685000000,1734277100688000000,16139
writeAction.count,1734277040685000000,1734277100688000000,24
lexer.JSON.size.bytes,1734277040685000000,1734277100688000000,0
parser.JSON.size.bytes,1734277040685000000,1734277100688000000,0
lexer.JSON.time.ns,1734277040685000000,1734277100688000000,75943
parser.JSON.time.ns,1734277040685000000,1734277100688000000,5818411
parser.Python.time.ns,1734277040685000000,1734277100688000000,31427809
writeAction.median.wait.ms,1734277040685000000,1734277100688000000,0
parser.Python.size.bytes,1734277040685000000,1734277100688000000,16139
writeAction.max.wait.ms,1734277040685000000,1734277100688000000,15
lexer.Python.time.ns,1734277040685000000,1734277100688000000,4611219
writeAction.wait.ms,1734277040685000000,1734277100688000000,1
workspaceModel.mutableEntityStorage.collect.changes.ms,1734277040685000000,1734277100688000000,0
workspaceModel.mutableEntityStorage.apply.changes.from.ms,1734277040685000000,1734277100688000000,0
workspaceModel.mutableEntityStorage.modify.entity.ms,1734277040685000000,1734277100688000000,0
jps.global.handle.before.change.events.ms,1734277040685000000,1734277100688000000,0
workspaceModel.moduleManagerBridge.load.all.modules.ms,1734277040685000000,1734277100688000000,0
workspaceModel.mutableEntityStorage.changeLog.addReplaceEventForRemovedParent.ms,1734277040685000000,1734277100688000000,0
workspaceModel.moduleManagerBridge.newModule.ms,1734277040685000000,1734277100688000000,0
workspaceModel.mutableEntityStorage.mutable.ext.mapping.ms,1734277040685000000,1734277100688000000,0
jps.global.get.library.ms,1734277040685000000,1734277100688000000,0
workspaceModel.mutableEntityStorage.referrers.ms,1734277040685000000,1734277100688000000,0
workspaceModel.moduleBridge.facet.initialization.ms,1734277040685000000,1734277100688000000,0
jps.artifact.entities.serializer.load.entities.ms,1734277040685000000,1734277100688000000,0
workspaceModel.mutableEntityStorage.changeLog.addReplaceEventForRemovedChild.ms,1734277040685000000,1734277100688000000,0
workspaceModel.global.updates.count,1734277040685000000,1734277100688000000,0
jps.apply.loaded.storage.ms,1734277040685000000,1734277100688000000,0
workspaceModel.mutableEntityStorage.changeLog.addReplaceEventForNewParent.ms,1734277040685000000,1734277100688000000,0
jps.global.get.libraries.ms,1734277040685000000,1734277100688000000,0
jps.reload.project.entities.ms,1734277040685000000,1734277100688000000,0
workspaceModel.mutableEntityStorage.to.snapshot.ms,1734277040685000000,1734277100688000000,0
workspaceModel.global.updates.ms,1734277040685000000,1734277100688000000,0
workspaceModel.moduleManagerBridge.new.nonPersistent.module.ms,1734277040685000000,1734277100688000000,0
jps.project.serializers.load.ms,1734277040685000000,1734277100688000000,0
workspaceModel.moduleBridge.before.changed.ms,1734277040685000000,1734277100688000000,0
jps.global.get.library.by.name.ms,1734277040685000000,1734277100688000000,0
jps.save.changed.project.entities.ms,1734277040685000000,1734277100688000000,0
jps.global.initialize.library.bridges.after.loading.ms,1734277040685000000,1734277100688000000,0
jps.library.entities.serializer.load.entities.ms,1734277040685000000,1734277100688000000,0
workspaceModel.moduleManagerBridge.set.unloadedModules.ms,1734277040685000000,1734277100688000000,0
workspaceModel.moduleBridgeLoader.loading.modules.ms,1734277040685000000,1734277100688000000,0
jps.project.serializers.save.ms,1734277040685000000,1734277100688000000,0
workspaceModel.mutableEntityStorage.put.entity.ms,1734277040685000000,1734277100688000000,0
jps.load.initial.state.ms,1734277040685000000,1734277100688000000,0
jps.storage.jps.conf.reader.load.component.ms,1734277040685000000,1734277100688000000,0
jps.library.entities.serializer.save.entities.ms,1734277040685000000,1734277100688000000,0
workspaceModel.global.apply.state.to.project.ms,1734277040685000000,1734277100688000000,0
workspaceModel.moduleManagerBridge.load.module.ms,1734277040685000000,1734277100688000000,0
jps.global.initialize.library.bridges.ms,1734277040685000000,1734277100688000000,0
workspaceModel.mutableEntityStorage.remove.entity.ms,1734277040685000000,1734277100688000000,0
workspaceModel.mutableEntityStorage.has.same.entities.ms,1734277040685000000,1734277100688000000,0
workspaceModel.mutableEntityStorage.instances.count,1734277040685000000,1734277100688000000,0
workspaceModel.mutableEntityStorage.add.entity.ms,1734277040685000000,1734277100688000000,0
workspaceModel.delayed.project.synchronizer.sync.ms,1734277040685000000,1734277100688000000,0
workspaceModel.moduleManagerBridge.build.module.graph.ms,1734277040685000000,1734277100688000000,0
workspaceModel.load.cache.from.file.ms,1734277040685000000,1734277100688000000,0
workspaceModel.moduleBridge.update.option.ms,1734277040685000000,1734277100688000000,0
jps.load.project.to.empty.storage.ms,1734277040685000000,1734277100688000000,0
jps.app.storage.content.writer.save.component.ms,1734277040685000000,1734277100688000000,0
workspaceModel.sync.entities.ms,1734277040685000000,1734277100688000000,0
jps.app.storage.content.reader.load.component.ms,1734277040685000000,1734277100688000000,0
jps.module.dependency.index.workspace.model.listener.on.changed.ms,1734277040685000000,1734277100688000000,0
workspaceModel.mutableEntityStorage.mutable.vfurl.index.ms,1734277040685000000,1734277100688000000,0
jps.global.handle.changed.events.ms,1734277040685000000,1734277100688000000,0
jps.facet.change.listener.init.bridge.ms,1734277040685000000,1734277100688000000,0
workspaceModel.mutableEntityStorage.entities.ms,1734277040685000000,1734277100688000000,0
workspaceModel.do.save.caches.ms,1734277040685000000,1734277100688000000,0
jps.artifact.entities.serializer.save.entities.ms,1734277040685000000,1734277100688000000,0
workspaceModel.mutableEntityStorage.resolve.ms,1734277040685000000,1734277100688000000,0
workspaceModel.orphan.listener.update.ms,1734277040685000000,1734277100688000000,0
workspaceModel.moduleManagerBridge.create.module.instance.ms,1734277040685000000,1734277100688000000,0
workspaceModel.moduleManagerBridge.get.modules.ms,1734277040685000000,1734277100688000000,0
jps.facet.change.listener.process.change.events.ms,1734277040685000000,1734277100688000000,0
workspaceModel.mutableEntityStorage.replace.by.source.ms,1734277040685000000,1734277100688000000,0
workspaceModel.save.cache.to.file.ms,1734277040685000000,1734277100688000000,0
workspaceModel.global.apply.state.to.project.builder.ms,1734277040685000000,1734277100688000000,0
jps.facet.change.listener.before.change.events.ms,1734277040685000000,1734277100688000000,0
jps.module.iml.entities.serializer.load.entities.ms,1734277040685000000,1734277100688000000,0
jps.save.global.entities.ms,1734277040685000000,1734277100688000000,0
jps.module.iml.entities.serializer.save.entities.ms,1734277040685000000,1734277100688000000,0
workspaceModel.load.cache.metadata.from.file.ms,1734277040685000000,1734277100688000000,0
workspaceModel.mutableEntityStorage.changeLog.addReplaceEventForNewChild.ms,1734277040685000000,1734277100688000000,0
workspaceModel.mutableEntityStorage.entities.by.source.ms,1734277040685000000,1734277100688000000,0
FlushQueue.queueSize90P,1734277040685000000,1734277100688000000,0
FlushQueue.executionTime90PNs,1734277040685000000,1734277100688000000,0
AWTEventQueue.dispatchTimeMaxNs,1734277040685000000,1734277100688000000,0
NonBlockingReadAction.failedExecutionsCount,1734277040685000000,1734277100688000000,1
AWTEventQueue.eventsDispatched,1734277040685000000,1734277100688000000,0
ReadAction.executionsCount,1734277040685000000,1734277100688000000,141336
FlushQueue.queueSizeAvg,1734277040685000000,1734277100688000000,0.0
FlushQueue.waitingTimeMaxNs,1734277040685000000,1734277100688000000,0
FlushQueue.tasksExecuted,1734277040685000000,1734277100688000000,0
FlushQueue.queueSizeMax,1734277040685000000,1734277100688000000,0
FlushQueue.executionTimeMaxNs,1734277040685000000,1734277100688000000,0
NonBlockingReadAction.finalizedExecutionsCount,1734277040685000000,1734277100688000000,437
WriteAction.executionsCount,1734277040685000000,1734277100688000000,24
FlushQueue.executionTimeAvgNs,1734277040685000000,1734277100688000000,0.0
AWTEventQueue.dispatchTimeTotalNS,1734277040685000000,1734277100688000000,2396976103
NonBlockingReadAction.failedExecutionTimeUs,1734277040685000000,1734277100688000000,10759
NonBlockingReadAction.finalizedExecutionTimeUs,1734277040685000000,1734277100688000000,230743
AWTEventQueue.dispatchTimeAvgNs,1734277040685000000,1734277100688000000,0.0
FlushQueue.waitingTime90PNs,1734277040685000000,1734277100688000000,0
AWTEventQueue.dispatchTime90PNs,1734277040685000000,1734277100688000000,0
FlushQueue.waitingTimeAvgNs,1734277040685000000,1734277100688000000,0.0
workspaceModel.collect.changes.ms,1734277040685000000,1734277100688000000,0
workspaceModel.cachedValue.total.get.count,1734277040685000000,1734277100688000000,4283
workspaceModel.full.replace.project.model.ms,1734277040685000000,1734277100688000000,0
workspaceModel.workspaceFileIndexData.getFileInfo.ms,1734277040685000000,1734277100688000000,20
workspaceModel.loading.total.ms,1734277040685000000,1734277100688000000,0
workspaceModel.updates.ms,1734277040685000000,1734277100688000000,0
workspaceModel.entityStorageSnapshotImpl.instances.count,1734277040685000000,1734277100688000000,0
workspaceModel.loading.from.cache.ms,1734277040685000000,1734277100688000000,0
workspaceModel.workspaceFileIndexData.updateDirtyEntities.ms,1734277040685000000,1734277100688000000,0
workspaceModel.updates.precise.ms,1734277040685000000,1734277100688000000,0
workspaceModel.updates.count,1734277040685000000,1734277100688000000,0
workspaceModel.cachedValue.from.cache.count,1734277040685000000,1734277100688000000,4283
workspaceModel.workspaceFileIndexData.init.ms,1734277040685000000,1734277100688000000,0
workspaceModel.cachedValue.calculated.count,1734277040685000000,1734277100688000000,0
workspaceModel.replace.project.model.ms,1734277040685000000,1734277100688000000,0
workspaceModel.on.before.changed.ms,1734277040685000000,1734277100688000000,0
workspaceModel.update.unloaded.entities.ms,1734277040685000000,1734277100688000000,0
workspaceModel.workspaceFileIndexContributor.registerFileSets.ms,1734277040685000000,1734277100688000000,0
workspaceModel.cachedValueWithParameters.total.get.count,1734277040685000000,1734277100688000000,0
workspaceModel.workspaceFileIndexData.getDirectoriesByPackageName.ms,1734277040685000000,1734277100688000000,0
workspaceModel.cachedValueWithParameters.from.cache.count,1734277040685000000,1734277100688000000,0
workspaceModel.workspaceFileIndexData.getPackageName.ms,1734277040685000000,1734277100688000000,0
workspaceModel.cachedValue.clear.count,1734277040685000000,1734277100688000000,0
workspaceModel.workspaceFileIndexData.onEntitiesChanged.ms,1734277040685000000,1734277100688000000,0
workspaceModel.workspaceFileIndexData.visitFileSets.ms,1734277040685000000,1734277100688000000,0
workspaceModel.cachedValueWithParameters.calculated.count,1734277040685000000,1734277100688000000,0
workspaceModel.workspaceFileIndexData.instances.count,1734277040685000000,1734277100688000000,0
workspaceModel.initializing.ms,1734277040685000000,1734277100688000000,0
workspaceModel.workspaceFileIndexData.processFileSets.ms,1734277040685000000,1734277100688000000,0
workspaceModel.init.bridges.ms,1734277040685000000,1734277100688000000,0
workspaceModel.pre.handlers.ms,1734277040685000000,1734277100688000000,0
workspaceModel.cachedValueWithParameters.clear.count,1734277040685000000,1734277100688000000,0
workspaceModel.on.changed.ms,1734277040685000000,1734277100688000000,0
workspaceModel.workspaceFileIndexData.markDirty.ms,1734277040685000000,1734277100688000000,0
workspaceModel.check.recursive.update.ms,1734277040685000000,1734277100688000000,0
workspaceModel.to.snapshot.ms,1734277040685000000,1734277100688000000,0
FilePageCacheLockFree.totalClosedStoragesReclaimed,1734277040685000000,1734277100688000000,0
DirectByteBufferAllocator.misses,1734277040685000000,1734277100688000000,1
DirectByteBufferAllocator.totalSizeOfBuffersAllocatedInBytes,1734277040685000000,1734277100688000000,163627008
StorageLockContext.competingThreads.90P,1734277040685000000,1734277100688000000,0
StreamlinedBlobStorage.totalLiveRecordsPayloadBytes,1734277040685000000,1734277100688000000,3
FilePageCacheLockFree.heapBytesInUse,1734277040685000000,1734277100688000000,0
StreamlinedBlobStorage.recordsRelocated,1734277040685000000,1734277100688000000,0
FilePageCacheLockFree.totalBytesRead,1734277040685000000,1734277100688000000,0
FilePageCache.capacityInBytes,1734277040685000000,1734277100688000000,503316478
FilePageCacheLockFree.totalNativeBytesAllocated,1734277040685000000,1734277100688000000,0
StreamlinedBlobStorage.recordsAllocated,1734277040685000000,1734277100688000000,0
DirectByteBufferAllocator.totalSizeOfBuffersCachedInBytes,1734277040685000000,1734277100688000000,0
MappedFileStorage.totalTimeSpentOnMappingUs,1734277040685000000,1734277100688000000,26897
FilePageCache.disposedBuffers,1734277040685000000,1734277100688000000,0
FilePageCache.maxCacheSizeInBytes,1734277040685000000,1734277100688000000,163627008
FilePageCache.pageFastCacheHits,1734277040685000000,1734277100688000000,388
FilePageCacheLockFree.totalHeapBytesAllocated,1734277040685000000,1734277100688000000,0
StreamlinedBlobStorage.totalLiveRecordsCapacityBytes,1734277040685000000,1734277100688000000,0
FilePageCacheLockFree.totalPagesHandedOver,1734277040685000000,1734277100688000000,0
FilePageCacheLockFree.totalPagesAllocated,1734277040685000000,1734277100688000000,0
FileChannelInterruptsRetryer.totalRetriedAttempts,1734277040685000000,1734277100688000000,0
FilePageCache.pageHits,1734277040685000000,1734277100688000000,14
StorageLockContext.competingThreads.max,1734277040685000000,1734277100688000000,0
FilePageCacheLockFree.totalPageAllocationsWaited,1734277040685000000,1734277100688000000,0
FilePageCacheLockFree.totalBytesWritten,1734277040685000000,1734277100688000000,0
FilePageCacheLockFree.totalBytesRequested,1734277040685000000,1734277100688000000,0
FilePageCacheLockFree.totalNativeBytesReclaimed,1734277040685000000,1734277100688000000,0
StreamlinedBlobStorage.recordsDeleted,1734277040685000000,1734277100688000000,0
FilePageCacheLockFree.housekeeperTimeSpentMs,1734277040685000000,1734277100688000000,0
FilePageCacheLockFree.totalPagesReclaimed,1734277040685000000,1734277100688000000,0
FilePageCache.totalPageLoadsUs,1734277040685000000,1734277100688000000,262
FilePageCacheLockFree.totalPagesReadMs,1734277040685000000,1734277100688000000,0
StorageLockContext.competingThreads.avg,1734277040685000000,1734277100688000000,0.0
FilePageCache.pageLoadsAboveSizeThreshold,1734277040685000000,1734277100688000000,0
FilePageCacheLockFree.totalPagesRequested,1734277040685000000,1734277100688000000,0
FilePageCache.totalPageDisposalsUs,1734277040685000000,1734277100688000000,3
FilePageCache.pageLoads,1734277040685000000,1734277100688000000,1
FilePageCacheLockFree.housekeeperTurnsDone,1734277040685000000,1734277100688000000,0
FilePageCacheLockFree.totalPagesWriteMs,1734277040685000000,1734277100688000000,0
FilePageCache.maxRegisteredFiles,1734277040685000000,1734277100688000000,262
FilePageCache.uncachedFileAccess,1734277040685000000,1734277100688000000,20
MappedFileStorage.totalBytesMapped,1734277040685000000,1734277100688000000,202637312
DirectByteBufferAllocator.disposed,1734277040685000000,1734277100688000000,0
FilePageCacheLockFree.totalHeapBytesReclaimed,1734277040685000000,1734277100688000000,0
FilePageCacheLockFree.totalPagesRequestsMs,1734277040685000000,1734277100688000000,0
MappedFileStorage.storages,1734277040685000000,1734277100688000000,16
DirectByteBufferAllocator.reclaimed,1734277040685000000,1734277100688000000,0
MappedFileStorage.totalPagesMapped,1734277040685000000,1734277100688000000,16
FilePageCacheLockFree.nativeBytesInUse,1734277040685000000,1734277100688000000,0
FilePageCacheLockFree.totalPagesWritten,1734277040685000000,1734277100688000000,0
FilePageCacheLockFree.housekeeperTurnsSkipped,1734277040685000000,1734277100688000000,0
DirectByteBufferAllocator.hits,1734277040685000000,1734277100688000000,0
Indexes.stubs.lookupDuration90PMs,1734277040685000000,1734277100688000000,0.0
IndexesFlusher.totalFlushingTimeUs,1734277040685000000,1734277100688000000,79676
Indexes.allKeys.lookups,1734277040685000000,1734277100688000000,0
Indexes.stubs.lookupDurationMaxMs,1734277040685000000,1734277100688000000,0.0
Indexes.allKeys.lookupDurationAvgMs,1734277040685000000,1734277100688000000,0.0
Indexes.entries.lookupDuration90PMs,1734277040685000000,1734277100688000000,0.0
Indexes.entries.lookupDurationAvgMs,1734277040685000000,1734277100688000000,0.0
Indexes.stubs.lookups,1734277040685000000,1734277100688000000,24
Indexes.entries.lookups,1734277040685000000,1734277100688000000,28
Indexes.allKeys.lookupDuration90PMs,1734277040685000000,1734277100688000000,0.0
Indexes.allKeys.lookupDurationMaxMs,1734277040685000000,1734277100688000000,0.0
Indexes.stubs.lookupDurationAvgMs,1734277040685000000,1734277100688000000,0.0
Indexes.entries.lookupDurationMaxMs,1734277040685000000,1734277100688000000,0.0
IndexesFlusher.totalFlushes,1734277040685000000,1734277100688000000,60
IndexesFlusher.totalFlushesRetried,1734277040685000000,1734277100688000000,0
IndexesFlusher.totalContentionQuotaSpent,1734277040685000000,1734277100688000000,0
cacheStateStorage.set.counter,1734277040685000000,1734277100688000000,0
cacheStateStorage.set.duration,1734277040685000000,1734277100688000000,0
cacheStateStorage.get.duration,1734277040685000000,1734277100688000000,22
cacheStateStorage.get.counter,1734277040685000000,1734277100688000000,10
JVM.newThreadsCount,1734277100688000000,1734277160680000000,1
JVM.threadCount,1734277100688000000,1734277160680000000,46
JVM.usedHeapBytes,1734277100688000000,1734277160680000000,670564352
JVM.totalCpuTimeMs,1734277100688000000,1734277160680000000,3150
JVM.totalDirectByteBuffersBytes,1734277100688000000,1734277160680000000,166130867
JVM.usedNativeBytes,1734277100688000000,1734277160680000000,426684032
JVM.totalTimeAtSafepointsMs,1734277100688000000,1734277160680000000,0
JVM.totalTimeToSafepointsMs,1734277100688000000,1734277160680000000,0
JVM.totalSafepointCount,1734277100688000000,1734277160680000000,3
JVM.GC.collections,1734277100688000000,1734277160680000000,0
JVM.maxHeapBytes,1734277100688000000,1734277160680000000,2147483648
JVM.maxThreadCount,1734277100688000000,1734277160680000000,109
OS.loadAverage,1734277100688000000,1734277160680000000,0.4541015625
JVM.GC.collectionTimesMs,1734277100688000000,1734277160680000000,0
JVM.totalBytesAllocated,1734277100688000000,1734277160680000000,13247624
FileNameCache.totalMisses,1734277100688000000,1734277160680000000,0
VFS.invertedFileNameIndex.requests,1734277100688000000,1734277160680000000,0
VFS.contentStorage.recordsStored,1734277100688000000,1734277160680000000,0
VFS.contentStorage.recordsRead,1734277100688000000,1734277160680000000,0
VFS.contentStorage.recordsDeduplicated,1734277100688000000,1734277160680000000,0
VFS.fileByIdCache.misses,1734277100688000000,1734277160680000000,0
VFS.fileChildByName,1734277100688000000,1734277160680000000,0
VFS.fileByIdCache.hits,1734277100688000000,1734277160680000000,0
VFS.contentStorage.recordsStoredCompressed,1734277100688000000,1734277160680000000,0
VFS.contentStorage.recordsUncompressedSize,1734277100688000000,1734277160680000000,0
VFS.contentStorage.recordsReadDecompressed,1734277100688000000,1734277160680000000,0
VFS.contentStorage.recordsDecompressionTimeUs,1734277100688000000,1734277160680000000,0
FileNameCache.queries,1734277100688000000,1734277160680000000,0
VFS.contentStorage.recordsReadSize,1734277100688000000,1734277160680000000,0
VFS.contentStorage.recordsStoredSize,1734277100688000000,1734277160680000000,0
writeAction.count,1734277100688000000,1734277160680000000,0
writeAction.median.wait.ms,1734277100688000000,1734277160680000000,0
writeAction.max.wait.ms,1734277100688000000,1734277160680000000,15
writeAction.wait.ms,1734277100688000000,1734277160680000000,0
workspaceModel.mutableEntityStorage.collect.changes.ms,1734277100688000000,1734277160680000000,0
workspaceModel.mutableEntityStorage.apply.changes.from.ms,1734277100688000000,1734277160680000000,0
workspaceModel.mutableEntityStorage.modify.entity.ms,1734277100688000000,1734277160680000000,0
jps.global.handle.before.change.events.ms,1734277100688000000,1734277160680000000,0
workspaceModel.moduleManagerBridge.load.all.modules.ms,1734277100688000000,1734277160680000000,0
workspaceModel.mutableEntityStorage.changeLog.addReplaceEventForRemovedParent.ms,1734277100688000000,1734277160680000000,0
workspaceModel.moduleManagerBridge.newModule.ms,1734277100688000000,1734277160680000000,0
workspaceModel.mutableEntityStorage.mutable.ext.mapping.ms,1734277100688000000,1734277160680000000,0
jps.global.get.library.ms,1734277100688000000,1734277160680000000,0
workspaceModel.mutableEntityStorage.referrers.ms,1734277100688000000,1734277160680000000,0
workspaceModel.moduleBridge.facet.initialization.ms,1734277100688000000,1734277160680000000,0
jps.artifact.entities.serializer.load.entities.ms,1734277100688000000,1734277160680000000,0
workspaceModel.mutableEntityStorage.changeLog.addReplaceEventForRemovedChild.ms,1734277100688000000,1734277160680000000,0
workspaceModel.global.updates.count,1734277100688000000,1734277160680000000,0
jps.apply.loaded.storage.ms,1734277100688000000,1734277160680000000,0
workspaceModel.mutableEntityStorage.changeLog.addReplaceEventForNewParent.ms,1734277100688000000,1734277160680000000,0
jps.global.get.libraries.ms,1734277100688000000,1734277160680000000,0
jps.reload.project.entities.ms,1734277100688000000,1734277160680000000,0
workspaceModel.mutableEntityStorage.to.snapshot.ms,1734277100688000000,1734277160680000000,0
workspaceModel.global.updates.ms,1734277100688000000,1734277160680000000,0
workspaceModel.moduleManagerBridge.new.nonPersistent.module.ms,1734277100688000000,1734277160680000000,0
jps.project.serializers.load.ms,1734277100688000000,1734277160680000000,0
workspaceModel.moduleBridge.before.changed.ms,1734277100688000000,1734277160680000000,0
jps.global.get.library.by.name.ms,1734277100688000000,1734277160680000000,0
jps.save.changed.project.entities.ms,1734277100688000000,1734277160680000000,0
jps.global.initialize.library.bridges.after.loading.ms,1734277100688000000,1734277160680000000,0
jps.library.entities.serializer.load.entities.ms,1734277100688000000,1734277160680000000,0
workspaceModel.moduleManagerBridge.set.unloadedModules.ms,1734277100688000000,1734277160680000000,0
workspaceModel.moduleBridgeLoader.loading.modules.ms,1734277100688000000,1734277160680000000,0
jps.project.serializers.save.ms,1734277100688000000,1734277160680000000,0
workspaceModel.mutableEntityStorage.put.entity.ms,1734277100688000000,1734277160680000000,0
jps.load.initial.state.ms,1734277100688000000,1734277160680000000,0
jps.storage.jps.conf.reader.load.component.ms,1734277100688000000,1734277160680000000,0
jps.library.entities.serializer.save.entities.ms,1734277100688000000,1734277160680000000,0
workspaceModel.global.apply.state.to.project.ms,1734277100688000000,1734277160680000000,0
workspaceModel.moduleManagerBridge.load.module.ms,1734277100688000000,1734277160680000000,0
jps.global.initialize.library.bridges.ms,1734277100688000000,1734277160680000000,0
workspaceModel.mutableEntityStorage.remove.entity.ms,1734277100688000000,1734277160680000000,0
workspaceModel.mutableEntityStorage.has.same.entities.ms,1734277100688000000,1734277160680000000,0
workspaceModel.mutableEntityStorage.instances.count,1734277100688000000,1734277160680000000,0
workspaceModel.mutableEntityStorage.add.entity.ms,1734277100688000000,1734277160680000000,0
workspaceModel.delayed.project.synchronizer.sync.ms,1734277100688000000,1734277160680000000,0
workspaceModel.moduleManagerBridge.build.module.graph.ms,1734277100688000000,1734277160680000000,0
workspaceModel.load.cache.from.file.ms,1734277100688000000,1734277160680000000,0
workspaceModel.moduleBridge.update.option.ms,1734277100688000000,1734277160680000000,0
jps.load.project.to.empty.storage.ms,1734277100688000000,1734277160680000000,0
jps.app.storage.content.writer.save.component.ms,1734277100688000000,1734277160680000000,0
workspaceModel.sync.entities.ms,1734277100688000000,1734277160680000000,0
jps.app.storage.content.reader.load.component.ms,1734277100688000000,1734277160680000000,0
jps.module.dependency.index.workspace.model.listener.on.changed.ms,1734277100688000000,1734277160680000000,0
workspaceModel.mutableEntityStorage.mutable.vfurl.index.ms,1734277100688000000,1734277160680000000,0
jps.global.handle.changed.events.ms,1734277100688000000,1734277160680000000,0
jps.facet.change.listener.init.bridge.ms,1734277100688000000,1734277160680000000,0
workspaceModel.mutableEntityStorage.entities.ms,1734277100688000000,1734277160680000000,0
workspaceModel.do.save.caches.ms,1734277100688000000,1734277160680000000,0
jps.artifact.entities.serializer.save.entities.ms,1734277100688000000,1734277160680000000,0
workspaceModel.mutableEntityStorage.resolve.ms,1734277100688000000,1734277160680000000,0
workspaceModel.orphan.listener.update.ms,1734277100688000000,1734277160680000000,0
workspaceModel.moduleManagerBridge.create.module.instance.ms,1734277100688000000,1734277160680000000,0
workspaceModel.moduleManagerBridge.get.modules.ms,1734277100688000000,1734277160680000000,0
jps.facet.change.listener.process.change.events.ms,1734277100688000000,1734277160680000000,0
workspaceModel.mutableEntityStorage.replace.by.source.ms,1734277100688000000,1734277160680000000,0
workspaceModel.save.cache.to.file.ms,1734277100688000000,1734277160680000000,0
workspaceModel.global.apply.state.to.project.builder.ms,1734277100688000000,1734277160680000000,0
jps.facet.change.listener.before.change.events.ms,1734277100688000000,1734277160680000000,0
jps.module.iml.entities.serializer.load.entities.ms,1734277100688000000,1734277160680000000,0
jps.save.global.entities.ms,1734277100688000000,1734277160680000000,0
jps.module.iml.entities.serializer.save.entities.ms,1734277100688000000,1734277160680000000,0
workspaceModel.load.cache.metadata.from.file.ms,1734277100688000000,1734277160680000000,0
workspaceModel.mutableEntityStorage.changeLog.addReplaceEventForNewChild.ms,1734277100688000000,1734277160680000000,0
workspaceModel.mutableEntityStorage.entities.by.source.ms,1734277100688000000,1734277160680000000,0
FlushQueue.queueSize90P,1734277100688000000,1734277160680000000,0
FlushQueue.executionTime90PNs,1734277100688000000,1734277160680000000,0
AWTEventQueue.dispatchTimeMaxNs,1734277100688000000,1734277160680000000,0
NonBlockingReadAction.failedExecutionsCount,1734277100688000000,1734277160680000000,0
AWTEventQueue.eventsDispatched,1734277100688000000,1734277160680000000,0
ReadAction.executionsCount,1734277100688000000,1734277160680000000,9720
FlushQueue.queueSizeAvg,1734277100688000000,1734277160680000000,0.0
FlushQueue.waitingTimeMaxNs,1734277100688000000,1734277160680000000,0
FlushQueue.tasksExecuted,1734277100688000000,1734277160680000000,0
FlushQueue.queueSizeMax,1734277100688000000,1734277160680000000,0
FlushQueue.executionTimeMaxNs,1734277100688000000,1734277160680000000,0
NonBlockingReadAction.finalizedExecutionsCount,1734277100688000000,1734277160680000000,0
WriteAction.executionsCount,1734277100688000000,1734277160680000000,0
FlushQueue.executionTimeAvgNs,1734277100688000000,1734277160680000000,0.0
AWTEventQueue.dispatchTimeTotalNS,1734277100688000000,1734277160680000000,124747652
NonBlockingReadAction.failedExecutionTimeUs,1734277100688000000,1734277160680000000,0
NonBlockingReadAction.finalizedExecutionTimeUs,1734277100688000000,1734277160680000000,0
AWTEventQueue.dispatchTimeAvgNs,1734277100688000000,1734277160680000000,0.0
FlushQueue.waitingTime90PNs,1734277100688000000,1734277160680000000,0
AWTEventQueue.dispatchTime90PNs,1734277100688000000,1734277160680000000,0
FlushQueue.waitingTimeAvgNs,1734277100688000000,1734277160680000000,0.0
workspaceModel.collect.changes.ms,1734277100688000000,1734277160680000000,0
workspaceModel.cachedValue.total.get.count,1734277100688000000,1734277160680000000,0
workspaceModel.full.replace.project.model.ms,1734277100688000000,1734277160680000000,0
workspaceModel.workspaceFileIndexData.getFileInfo.ms,1734277100688000000,1734277160680000000,0
workspaceModel.loading.total.ms,1734277100688000000,1734277160680000000,0
workspaceModel.updates.ms,1734277100688000000,1734277160680000000,0
workspaceModel.entityStorageSnapshotImpl.instances.count,1734277100688000000,1734277160680000000,0
workspaceModel.loading.from.cache.ms,1734277100688000000,1734277160680000000,0
workspaceModel.workspaceFileIndexData.updateDirtyEntities.ms,1734277100688000000,1734277160680000000,0
workspaceModel.updates.precise.ms,1734277100688000000,1734277160680000000,0
workspaceModel.updates.count,1734277100688000000,1734277160680000000,0
workspaceModel.cachedValue.from.cache.count,1734277100688000000,1734277160680000000,0
workspaceModel.workspaceFileIndexData.init.ms,1734277100688000000,1734277160680000000,0
workspaceModel.cachedValue.calculated.count,1734277100688000000,1734277160680000000,0
workspaceModel.replace.project.model.ms,1734277100688000000,1734277160680000000,0
workspaceModel.on.before.changed.ms,1734277100688000000,1734277160680000000,0
workspaceModel.update.unloaded.entities.ms,1734277100688000000,1734277160680000000,0
workspaceModel.workspaceFileIndexContributor.registerFileSets.ms,1734277100688000000,1734277160680000000,0
workspaceModel.cachedValueWithParameters.total.get.count,1734277100688000000,1734277160680000000,0
workspaceModel.workspaceFileIndexData.getDirectoriesByPackageName.ms,1734277100688000000,1734277160680000000,0
workspaceModel.cachedValueWithParameters.from.cache.count,1734277100688000000,1734277160680000000,0
workspaceModel.workspaceFileIndexData.getPackageName.ms,1734277100688000000,1734277160680000000,0
workspaceModel.cachedValue.clear.count,1734277100688000000,1734277160680000000,0
workspaceModel.workspaceFileIndexData.onEntitiesChanged.ms,1734277100688000000,1734277160680000000,0
workspaceModel.workspaceFileIndexData.visitFileSets.ms,1734277100688000000,1734277160680000000,0
workspaceModel.cachedValueWithParameters.calculated.count,1734277100688000000,1734277160680000000,0
workspaceModel.workspaceFileIndexData.instances.count,1734277100688000000,1734277160680000000,0
workspaceModel.initializing.ms,1734277100688000000,1734277160680000000,0
workspaceModel.workspaceFileIndexData.processFileSets.ms,1734277100688000000,1734277160680000000,0
workspaceModel.init.bridges.ms,1734277100688000000,1734277160680000000,0
workspaceModel.pre.handlers.ms,1734277100688000000,1734277160680000000,0
workspaceModel.cachedValueWithParameters.clear.count,1734277100688000000,1734277160680000000,0
workspaceModel.on.changed.ms,1734277100688000000,1734277160680000000,0
workspaceModel.workspaceFileIndexData.markDirty.ms,1734277100688000000,1734277160680000000,0
workspaceModel.check.recursive.update.ms,1734277100688000000,1734277160680000000,0
workspaceModel.to.snapshot.ms,1734277100688000000,1734277160680000000,0
FilePageCacheLockFree.totalClosedStoragesReclaimed,1734277100688000000,1734277160680000000,0
DirectByteBufferAllocator.misses,1734277100688000000,1734277160680000000,0
DirectByteBufferAllocator.totalSizeOfBuffersAllocatedInBytes,1734277100688000000,1734277160680000000,163627008
StorageLockContext.competingThreads.90P,1734277100688000000,1734277160680000000,0
StreamlinedBlobStorage.totalLiveRecordsPayloadBytes,1734277100688000000,1734277160680000000,0
FilePageCacheLockFree.heapBytesInUse,1734277100688000000,1734277160680000000,0
StreamlinedBlobStorage.recordsRelocated,1734277100688000000,1734277160680000000,0
FilePageCacheLockFree.totalBytesRead,1734277100688000000,1734277160680000000,0
FilePageCache.capacityInBytes,1734277100688000000,1734277160680000000,503316478
FilePageCacheLockFree.totalNativeBytesAllocated,1734277100688000000,1734277160680000000,0
StreamlinedBlobStorage.recordsAllocated,1734277100688000000,1734277160680000000,0
DirectByteBufferAllocator.totalSizeOfBuffersCachedInBytes,1734277100688000000,1734277160680000000,0
MappedFileStorage.totalTimeSpentOnMappingUs,1734277100688000000,1734277160680000000,26897
FilePageCache.disposedBuffers,1734277100688000000,1734277160680000000,0
FilePageCache.maxCacheSizeInBytes,1734277100688000000,1734277160680000000,163627008
FilePageCache.pageFastCacheHits,1734277100688000000,1734277160680000000,0
FilePageCacheLockFree.totalHeapBytesAllocated,1734277100688000000,1734277160680000000,0
StreamlinedBlobStorage.totalLiveRecordsCapacityBytes,1734277100688000000,1734277160680000000,0
FilePageCacheLockFree.totalPagesHandedOver,1734277100688000000,1734277160680000000,0
FilePageCacheLockFree.totalPagesAllocated,1734277100688000000,1734277160680000000,0
FileChannelInterruptsRetryer.totalRetriedAttempts,1734277100688000000,1734277160680000000,0
FilePageCache.pageHits,1734277100688000000,1734277160680000000,0
StorageLockContext.competingThreads.max,1734277100688000000,1734277160680000000,0
FilePageCacheLockFree.totalPageAllocationsWaited,1734277100688000000,1734277160680000000,0
FilePageCacheLockFree.totalBytesWritten,1734277100688000000,1734277160680000000,0
FilePageCacheLockFree.totalBytesRequested,1734277100688000000,1734277160680000000,0
FilePageCacheLockFree.totalNativeBytesReclaimed,1734277100688000000,1734277160680000000,0
StreamlinedBlobStorage.recordsDeleted,1734277100688000000,1734277160680000000,0
FilePageCacheLockFree.housekeeperTimeSpentMs,1734277100688000000,1734277160680000000,0
FilePageCacheLockFree.totalPagesReclaimed,1734277100688000000,1734277160680000000,0
FilePageCache.totalPageLoadsUs,1734277100688000000,1734277160680000000,0
FilePageCacheLockFree.totalPagesReadMs,1734277100688000000,1734277160680000000,0
StorageLockContext.competingThreads.avg,1734277100688000000,1734277160680000000,0.0
FilePageCache.pageLoadsAboveSizeThreshold,1734277100688000000,1734277160680000000,0
FilePageCacheLockFree.totalPagesRequested,1734277100688000000,1734277160680000000,0
FilePageCache.totalPageDisposalsUs,1734277100688000000,1734277160680000000,0
FilePageCache.pageLoads,1734277100688000000,1734277160680000000,0
FilePageCacheLockFree.housekeeperTurnsDone,1734277100688000000,1734277160680000000,0
FilePageCacheLockFree.totalPagesWriteMs,1734277100688000000,1734277160680000000,0
FilePageCache.maxRegisteredFiles,1734277100688000000,1734277160680000000,262
FilePageCache.uncachedFileAccess,1734277100688000000,1734277160680000000,0
MappedFileStorage.totalBytesMapped,1734277100688000000,1734277160680000000,202637312
DirectByteBufferAllocator.disposed,1734277100688000000,1734277160680000000,0
FilePageCacheLockFree.totalHeapBytesReclaimed,1734277100688000000,1734277160680000000,0
FilePageCacheLockFree.totalPagesRequestsMs,1734277100688000000,1734277160680000000,0
MappedFileStorage.storages,1734277100688000000,1734277160680000000,16
DirectByteBufferAllocator.reclaimed,1734277100688000000,1734277160680000000,0
MappedFileStorage.totalPagesMapped,1734277100688000000,1734277160680000000,16
FilePageCacheLockFree.nativeBytesInUse,1734277100688000000,1734277160680000000,0
FilePageCacheLockFree.totalPagesWritten,1734277100688000000,1734277160680000000,0
FilePageCacheLockFree.housekeeperTurnsSkipped,1734277100688000000,1734277160680000000,0
DirectByteBufferAllocator.hits,1734277100688000000,1734277160680000000,0
Indexes.stubs.lookupDuration90PMs,1734277100688000000,1734277160680000000,0.0
IndexesFlusher.totalFlushingTimeUs,1734277100688000000,1734277160680000000,70064
Indexes.allKeys.lookups,1734277100688000000,1734277160680000000,0
Indexes.stubs.lookupDurationMaxMs,1734277100688000000,1734277160680000000,0.0
Indexes.allKeys.lookupDurationAvgMs,1734277100688000000,1734277160680000000,0.0
Indexes.entries.lookupDuration90PMs,1734277100688000000,1734277160680000000,0.0
Indexes.entries.lookupDurationAvgMs,1734277100688000000,1734277160680000000,0.0
Indexes.stubs.lookups,1734277100688000000,1734277160680000000,0
Indexes.entries.lookups,1734277100688000000,1734277160680000000,0
Indexes.allKeys.lookupDuration90PMs,1734277100688000000,1734277160680000000,0.0
Indexes.allKeys.lookupDurationMaxMs,1734277100688000000,1734277160680000000,0.0
Indexes.stubs.lookupDurationAvgMs,1734277100688000000,1734277160680000000,0.0
Indexes.entries.lookupDurationMaxMs,1734277100688000000,1734277160680000000,0.0
IndexesFlusher.totalFlushes,1734277100688000000,1734277160680000000,60
IndexesFlusher.totalFlushesRetried,1734277100688000000,1734277160680000000,0
IndexesFlusher.totalContentionQuotaSpent,1734277100688000000,1734277160680000000,0
cacheStateStorage.set.counter,1734277100688000000,1734277160680000000,0
cacheStateStorage.set.duration,1734277100688000000,1734277160680000000,0
cacheStateStorage.get.duration,1734277100688000000,1734277160680000000,0
cacheStateStorage.get.counter,1734277100688000000,1734277160680000000,0
JVM.newThreadsCount,1734277160680000000,1734277220682000000,18
JVM.threadCount,1734277160680000000,1734277220682000000,61
JVM.usedHeapBytes,1734277160680000000,1734277220682000000,1023410176
JVM.totalCpuTimeMs,1734277160680000000,1734277220682000000,23400
JVM.totalDirectByteBuffersBytes,1734277160680000000,1734277220682000000,174555330
JVM.usedNativeBytes,1734277160680000000,1734277220682000000,432578152
JVM.totalTimeAtSafepointsMs,1734277160680000000,1734277220682000000,139
JVM.totalTimeToSafepointsMs,1734277160680000000,1734277220682000000,1
JVM.totalSafepointCount,1734277160680000000,1734277220682000000,42
JVM.GC.collections,1734277160680000000,1734277220682000000,5
JVM.maxHeapBytes,1734277160680000000,1734277220682000000,2147483648
JVM.maxThreadCount,1734277160680000000,1734277220682000000,109
OS.loadAverage,1734277160680000000,1734277220682000000,0.4208984375
JVM.GC.collectionTimesMs,1734277160680000000,1734277220682000000,136
JVM.totalBytesAllocated,1734277160680000000,1734277220682000000,1100957368
FileNameCache.totalMisses,1734277160680000000,1734277220682000000,0
VFS.invertedFileNameIndex.requests,1734277160680000000,1734277220682000000,0
VFS.contentStorage.recordsStored,1734277160680000000,1734277220682000000,2
VFS.contentStorage.recordsRead,1734277160680000000,1734277220682000000,60
VFS.contentStorage.recordsDeduplicated,1734277160680000000,1734277220682000000,0
VFS.fileByIdCache.misses,1734277160680000000,1734277220682000000,383
VFS.fileChildByName,1734277160680000000,1734277220682000000,23689
VFS.fileByIdCache.hits,1734277160680000000,1734277220682000000,0
VFS.contentStorage.recordsStoredCompressed,1734277160680000000,1734277220682000000,0
VFS.contentStorage.recordsUncompressedSize,1734277160680000000,1734277220682000000,4028
VFS.contentStorage.recordsReadDecompressed,1734277160680000000,1734277220682000000,14
VFS.contentStorage.recordsDecompressionTimeUs,1734277160680000000,1734277220682000000,799
FileNameCache.queries,1734277160680000000,1734277220682000000,394752
VFS.contentStorage.recordsReadSize,1734277160680000000,1734277220682000000,538280
VFS.contentStorage.recordsStoredSize,1734277160680000000,1734277220682000000,4028
lexer.Python.size.bytes,1734277160680000000,1734277220682000000,375654
parser.PyTypeHint.size.bytes,1734277160680000000,1734277220682000000,56
lexer.PythonStub.time.ns,1734277160680000000,1734277220682000000,7097881
writeAction.count,1734277160680000000,1734277220682000000,39
parser.PythonStub.time.ns,1734277160680000000,1734277220682000000,29781660
lexer.PyTypeHint.time.ns,1734277160680000000,1734277220682000000,142551
lexer.PythonStub.size.bytes,1734277160680000000,1734277220682000000,124576
lexer.PyTypeHint.size.bytes,1734277160680000000,1734277220682000000,56
parser.PyTypeHint.time.ns,1734277160680000000,1734277220682000000,103330900
parser.Python.time.ns,1734277160680000000,1734277220682000000,110860677
writeAction.median.wait.ms,1734277160680000000,1734277220682000000,0
parser.Python.size.bytes,1734277160680000000,1734277220682000000,375654
writeAction.max.wait.ms,1734277160680000000,1734277220682000000,26
parser.PythonStub.size.bytes,1734277160680000000,1734277220682000000,124576
lexer.Python.time.ns,1734277160680000000,1734277220682000000,24730746
writeAction.wait.ms,1734277160680000000,1734277220682000000,31
workspaceModel.mutableEntityStorage.collect.changes.ms,1734277160680000000,1734277220682000000,0
workspaceModel.mutableEntityStorage.apply.changes.from.ms,1734277160680000000,1734277220682000000,0
workspaceModel.mutableEntityStorage.modify.entity.ms,1734277160680000000,1734277220682000000,0
jps.global.handle.before.change.events.ms,1734277160680000000,1734277220682000000,0
workspaceModel.moduleManagerBridge.load.all.modules.ms,1734277160680000000,1734277220682000000,0
workspaceModel.mutableEntityStorage.changeLog.addReplaceEventForRemovedParent.ms,1734277160680000000,1734277220682000000,0
workspaceModel.moduleManagerBridge.newModule.ms,1734277160680000000,1734277220682000000,0
workspaceModel.mutableEntityStorage.mutable.ext.mapping.ms,1734277160680000000,1734277220682000000,0
jps.global.get.library.ms,1734277160680000000,1734277220682000000,0
workspaceModel.mutableEntityStorage.referrers.ms,1734277160680000000,1734277220682000000,0
workspaceModel.moduleBridge.facet.initialization.ms,1734277160680000000,1734277220682000000,0
jps.artifact.entities.serializer.load.entities.ms,1734277160680000000,1734277220682000000,0
workspaceModel.mutableEntityStorage.changeLog.addReplaceEventForRemovedChild.ms,1734277160680000000,1734277220682000000,0
workspaceModel.global.updates.count,1734277160680000000,1734277220682000000,0
jps.apply.loaded.storage.ms,1734277160680000000,1734277220682000000,0
workspaceModel.mutableEntityStorage.changeLog.addReplaceEventForNewParent.ms,1734277160680000000,1734277220682000000,0
jps.global.get.libraries.ms,1734277160680000000,1734277220682000000,0
jps.reload.project.entities.ms,1734277160680000000,1734277220682000000,0
workspaceModel.mutableEntityStorage.to.snapshot.ms,1734277160680000000,1734277220682000000,0
workspaceModel.global.updates.ms,1734277160680000000,1734277220682000000,0
workspaceModel.moduleManagerBridge.new.nonPersistent.module.ms,1734277160680000000,1734277220682000000,0
jps.project.serializers.load.ms,1734277160680000000,1734277220682000000,0
workspaceModel.moduleBridge.before.changed.ms,1734277160680000000,1734277220682000000,0
jps.global.get.library.by.name.ms,1734277160680000000,1734277220682000000,0
jps.save.changed.project.entities.ms,1734277160680000000,1734277220682000000,0
jps.global.initialize.library.bridges.after.loading.ms,1734277160680000000,1734277220682000000,0
jps.library.entities.serializer.load.entities.ms,1734277160680000000,1734277220682000000,0
workspaceModel.moduleManagerBridge.set.unloadedModules.ms,1734277160680000000,1734277220682000000,0
workspaceModel.moduleBridgeLoader.loading.modules.ms,1734277160680000000,1734277220682000000,0
jps.project.serializers.save.ms,1734277160680000000,1734277220682000000,0
workspaceModel.mutableEntityStorage.put.entity.ms,1734277160680000000,1734277220682000000,0
jps.load.initial.state.ms,1734277160680000000,1734277220682000000,0
jps.storage.jps.conf.reader.load.component.ms,1734277160680000000,1734277220682000000,0
jps.library.entities.serializer.save.entities.ms,1734277160680000000,1734277220682000000,0
workspaceModel.global.apply.state.to.project.ms,1734277160680000000,1734277220682000000,0
workspaceModel.moduleManagerBridge.load.module.ms,1734277160680000000,1734277220682000000,0
jps.global.initialize.library.bridges.ms,1734277160680000000,1734277220682000000,0
workspaceModel.mutableEntityStorage.remove.entity.ms,1734277160680000000,1734277220682000000,0
workspaceModel.mutableEntityStorage.has.same.entities.ms,1734277160680000000,1734277220682000000,0
workspaceModel.mutableEntityStorage.instances.count,1734277160680000000,1734277220682000000,0
workspaceModel.mutableEntityStorage.add.entity.ms,1734277160680000000,1734277220682000000,0
workspaceModel.delayed.project.synchronizer.sync.ms,1734277160680000000,1734277220682000000,0
workspaceModel.moduleManagerBridge.build.module.graph.ms,1734277160680000000,1734277220682000000,0
workspaceModel.load.cache.from.file.ms,1734277160680000000,1734277220682000000,0
workspaceModel.moduleBridge.update.option.ms,1734277160680000000,1734277220682000000,0
jps.load.project.to.empty.storage.ms,1734277160680000000,1734277220682000000,0
jps.app.storage.content.writer.save.component.ms,1734277160680000000,1734277220682000000,0
workspaceModel.sync.entities.ms,1734277160680000000,1734277220682000000,0
jps.app.storage.content.reader.load.component.ms,1734277160680000000,1734277220682000000,0
jps.module.dependency.index.workspace.model.listener.on.changed.ms,1734277160680000000,1734277220682000000,0
workspaceModel.mutableEntityStorage.mutable.vfurl.index.ms,1734277160680000000,1734277220682000000,0
jps.global.handle.changed.events.ms,1734277160680000000,1734277220682000000,0
jps.facet.change.listener.init.bridge.ms,1734277160680000000,1734277220682000000,0
workspaceModel.mutableEntityStorage.entities.ms,1734277160680000000,1734277220682000000,0
workspaceModel.do.save.caches.ms,1734277160680000000,1734277220682000000,0
jps.artifact.entities.serializer.save.entities.ms,1734277160680000000,1734277220682000000,0
workspaceModel.mutableEntityStorage.resolve.ms,1734277160680000000,1734277220682000000,0
workspaceModel.orphan.listener.update.ms,1734277160680000000,1734277220682000000,0
workspaceModel.moduleManagerBridge.create.module.instance.ms,1734277160680000000,1734277220682000000,0
workspaceModel.moduleManagerBridge.get.modules.ms,1734277160680000000,1734277220682000000,0
jps.facet.change.listener.process.change.events.ms,1734277160680000000,1734277220682000000,0
workspaceModel.mutableEntityStorage.replace.by.source.ms,1734277160680000000,1734277220682000000,0
workspaceModel.save.cache.to.file.ms,1734277160680000000,1734277220682000000,0
workspaceModel.global.apply.state.to.project.builder.ms,1734277160680000000,1734277220682000000,0
jps.facet.change.listener.before.change.events.ms,1734277160680000000,1734277220682000000,0
jps.module.iml.entities.serializer.load.entities.ms,1734277160680000000,1734277220682000000,0
jps.save.global.entities.ms,1734277160680000000,1734277220682000000,0
jps.module.iml.entities.serializer.save.entities.ms,1734277160680000000,1734277220682000000,0
workspaceModel.load.cache.metadata.from.file.ms,1734277160680000000,1734277220682000000,0
workspaceModel.mutableEntityStorage.changeLog.addReplaceEventForNewChild.ms,1734277160680000000,1734277220682000000,0
workspaceModel.mutableEntityStorage.entities.by.source.ms,1734277160680000000,1734277220682000000,0
FlushQueue.queueSize90P,1734277160680000000,1734277220682000000,0
FlushQueue.executionTime90PNs,1734277160680000000,1734277220682000000,0
AWTEventQueue.dispatchTimeMaxNs,1734277160680000000,1734277220682000000,0
NonBlockingReadAction.failedExecutionsCount,1734277160680000000,1734277220682000000,0
AWTEventQueue.eventsDispatched,1734277160680000000,1734277220682000000,0
ReadAction.executionsCount,1734277160680000000,1734277220682000000,383596
FlushQueue.queueSizeAvg,1734277160680000000,1734277220682000000,0.0
FlushQueue.waitingTimeMaxNs,1734277160680000000,1734277220682000000,0
FlushQueue.tasksExecuted,1734277160680000000,1734277220682000000,0
FlushQueue.queueSizeMax,1734277160680000000,1734277220682000000,0
FlushQueue.executionTimeMaxNs,1734277160680000000,1734277220682000000,0
NonBlockingReadAction.finalizedExecutionsCount,1734277160680000000,1734277220682000000,500
WriteAction.executionsCount,1734277160680000000,1734277220682000000,39
FlushQueue.executionTimeAvgNs,1734277160680000000,1734277220682000000,0.0
AWTEventQueue.dispatchTimeTotalNS,1734277160680000000,1734277220682000000,4426395606
NonBlockingReadAction.failedExecutionTimeUs,1734277160680000000,1734277220682000000,0
NonBlockingReadAction.finalizedExecutionTimeUs,1734277160680000000,1734277220682000000,490449
AWTEventQueue.dispatchTimeAvgNs,1734277160680000000,1734277220682000000,0.0
FlushQueue.waitingTime90PNs,1734277160680000000,1734277220682000000,0
AWTEventQueue.dispatchTime90PNs,1734277160680000000,1734277220682000000,0
FlushQueue.waitingTimeAvgNs,1734277160680000000,1734277220682000000,0.0
workspaceModel.collect.changes.ms,1734277160680000000,1734277220682000000,0
workspaceModel.cachedValue.total.get.count,1734277160680000000,1734277220682000000,6495
workspaceModel.full.replace.project.model.ms,1734277160680000000,1734277220682000000,0
workspaceModel.workspaceFileIndexData.getFileInfo.ms,1734277160680000000,1734277220682000000,28
workspaceModel.loading.total.ms,1734277160680000000,1734277220682000000,0
workspaceModel.updates.ms,1734277160680000000,1734277220682000000,0
workspaceModel.entityStorageSnapshotImpl.instances.count,1734277160680000000,1734277220682000000,0
workspaceModel.loading.from.cache.ms,1734277160680000000,1734277220682000000,0
workspaceModel.workspaceFileIndexData.updateDirtyEntities.ms,1734277160680000000,1734277220682000000,0
workspaceModel.updates.precise.ms,1734277160680000000,1734277220682000000,0
workspaceModel.updates.count,1734277160680000000,1734277220682000000,0
workspaceModel.cachedValue.from.cache.count,1734277160680000000,1734277220682000000,6495
workspaceModel.workspaceFileIndexData.init.ms,1734277160680000000,1734277220682000000,0
workspaceModel.cachedValue.calculated.count,1734277160680000000,1734277220682000000,0
workspaceModel.replace.project.model.ms,1734277160680000000,1734277220682000000,0
workspaceModel.on.before.changed.ms,1734277160680000000,1734277220682000000,0
workspaceModel.update.unloaded.entities.ms,1734277160680000000,1734277220682000000,0
workspaceModel.workspaceFileIndexContributor.registerFileSets.ms,1734277160680000000,1734277220682000000,0
workspaceModel.cachedValueWithParameters.total.get.count,1734277160680000000,1734277220682000000,0
workspaceModel.workspaceFileIndexData.getDirectoriesByPackageName.ms,1734277160680000000,1734277220682000000,0
workspaceModel.cachedValueWithParameters.from.cache.count,1734277160680000000,1734277220682000000,0
workspaceModel.workspaceFileIndexData.getPackageName.ms,1734277160680000000,1734277220682000000,0
workspaceModel.cachedValue.clear.count,1734277160680000000,1734277220682000000,0
workspaceModel.workspaceFileIndexData.onEntitiesChanged.ms,1734277160680000000,1734277220682000000,0
workspaceModel.workspaceFileIndexData.visitFileSets.ms,1734277160680000000,1734277220682000000,0
workspaceModel.cachedValueWithParameters.calculated.count,1734277160680000000,1734277220682000000,0
workspaceModel.workspaceFileIndexData.instances.count,1734277160680000000,1734277220682000000,0
workspaceModel.initializing.ms,1734277160680000000,1734277220682000000,0
workspaceModel.workspaceFileIndexData.processFileSets.ms,1734277160680000000,1734277220682000000,0
workspaceModel.init.bridges.ms,1734277160680000000,1734277220682000000,0
workspaceModel.pre.handlers.ms,1734277160680000000,1734277220682000000,0
workspaceModel.cachedValueWithParameters.clear.count,1734277160680000000,1734277220682000000,0
workspaceModel.on.changed.ms,1734277160680000000,1734277220682000000,0
workspaceModel.workspaceFileIndexData.markDirty.ms,1734277160680000000,1734277220682000000,0
workspaceModel.check.recursive.update.ms,1734277160680000000,1734277220682000000,0
workspaceModel.to.snapshot.ms,1734277160680000000,1734277220682000000,0
FilePageCacheLockFree.totalClosedStoragesReclaimed,1734277160680000000,1734277220682000000,0
DirectByteBufferAllocator.misses,1734277160680000000,1734277220682000000,8
DirectByteBufferAllocator.totalSizeOfBuffersAllocatedInBytes,1734277160680000000,1734277220682000000,172015616
StorageLockContext.competingThreads.90P,1734277160680000000,1734277220682000000,0
StreamlinedBlobStorage.totalLiveRecordsPayloadBytes,1734277160680000000,1734277220682000000,0
FilePageCacheLockFree.heapBytesInUse,1734277160680000000,1734277220682000000,0
StreamlinedBlobStorage.recordsRelocated,1734277160680000000,1734277220682000000,0
FilePageCacheLockFree.totalBytesRead,1734277160680000000,1734277220682000000,0
FilePageCache.capacityInBytes,1734277160680000000,1734277220682000000,503316478
FilePageCacheLockFree.totalNativeBytesAllocated,1734277160680000000,1734277220682000000,0
StreamlinedBlobStorage.recordsAllocated,1734277160680000000,1734277220682000000,0
DirectByteBufferAllocator.totalSizeOfBuffersCachedInBytes,1734277160680000000,1734277220682000000,0
MappedFileStorage.totalTimeSpentOnMappingUs,1734277160680000000,1734277220682000000,26897
FilePageCache.disposedBuffers,1734277160680000000,1734277220682000000,0
FilePageCache.maxCacheSizeInBytes,1734277160680000000,1734277220682000000,172015616
FilePageCache.pageFastCacheHits,1734277160680000000,1734277220682000000,1474
FilePageCacheLockFree.totalHeapBytesAllocated,1734277160680000000,1734277220682000000,0
StreamlinedBlobStorage.totalLiveRecordsCapacityBytes,1734277160680000000,1734277220682000000,0
FilePageCacheLockFree.totalPagesHandedOver,1734277160680000000,1734277220682000000,0
FilePageCacheLockFree.totalPagesAllocated,1734277160680000000,1734277220682000000,0
FileChannelInterruptsRetryer.totalRetriedAttempts,1734277160680000000,1734277220682000000,0
FilePageCache.pageHits,1734277160680000000,1734277220682000000,11
StorageLockContext.competingThreads.max,1734277160680000000,1734277220682000000,0
FilePageCacheLockFree.totalPageAllocationsWaited,1734277160680000000,1734277220682000000,0
FilePageCacheLockFree.totalBytesWritten,1734277160680000000,1734277220682000000,0
FilePageCacheLockFree.totalBytesRequested,1734277160680000000,1734277220682000000,0
FilePageCacheLockFree.totalNativeBytesReclaimed,1734277160680000000,1734277220682000000,0
StreamlinedBlobStorage.recordsDeleted,1734277160680000000,1734277220682000000,0
FilePageCacheLockFree.housekeeperTimeSpentMs,1734277160680000000,1734277220682000000,0
FilePageCacheLockFree.totalPagesReclaimed,1734277160680000000,1734277220682000000,0
FilePageCache.totalPageLoadsUs,1734277160680000000,1734277220682000000,34352
FilePageCacheLockFree.totalPagesReadMs,1734277160680000000,1734277220682000000,0
StorageLockContext.competingThreads.avg,1734277160680000000,1734277220682000000,0.0
FilePageCache.pageLoadsAboveSizeThreshold,1734277160680000000,1734277220682000000,0
FilePageCacheLockFree.totalPagesRequested,1734277160680000000,1734277220682000000,0
FilePageCache.totalPageDisposalsUs,1734277160680000000,1734277220682000000,49
FilePageCache.pageLoads,1734277160680000000,1734277220682000000,8
FilePageCacheLockFree.housekeeperTurnsDone,1734277160680000000,1734277220682000000,0
FilePageCacheLockFree.totalPagesWriteMs,1734277160680000000,1734277220682000000,0
FilePageCache.maxRegisteredFiles,1734277160680000000,1734277220682000000,262
FilePageCache.uncachedFileAccess,1734277160680000000,1734277220682000000,20
MappedFileStorage.totalBytesMapped,1734277160680000000,1734277220682000000,202637312
DirectByteBufferAllocator.disposed,1734277160680000000,1734277220682000000,0
FilePageCacheLockFree.totalHeapBytesReclaimed,1734277160680000000,1734277220682000000,0
FilePageCacheLockFree.totalPagesRequestsMs,1734277160680000000,1734277220682000000,0
MappedFileStorage.storages,1734277160680000000,1734277220682000000,16
DirectByteBufferAllocator.reclaimed,1734277160680000000,1734277220682000000,0
MappedFileStorage.totalPagesMapped,1734277160680000000,1734277220682000000,16
FilePageCacheLockFree.nativeBytesInUse,1734277160680000000,1734277220682000000,0
FilePageCacheLockFree.totalPagesWritten,1734277160680000000,1734277220682000000,0
FilePageCacheLockFree.housekeeperTurnsSkipped,1734277160680000000,1734277220682000000,0
DirectByteBufferAllocator.hits,1734277160680000000,1734277220682000000,0
Indexes.stubs.lookupDuration90PMs,1734277160680000000,1734277220682000000,0.0
IndexesFlusher.totalFlushingTimeUs,1734277160680000000,1734277220682000000,91005
Indexes.allKeys.lookups,1734277160680000000,1734277220682000000,0
Indexes.stubs.lookupDurationMaxMs,1734277160680000000,1734277220682000000,0.0
Indexes.allKeys.lookupDurationAvgMs,1734277160680000000,1734277220682000000,0.0
Indexes.entries.lookupDuration90PMs,1734277160680000000,1734277220682000000,0.0
Indexes.entries.lookupDurationAvgMs,1734277160680000000,1734277220682000000,0.0
Indexes.stubs.lookups,1734277160680000000,1734277220682000000,51
Indexes.entries.lookups,1734277160680000000,1734277220682000000,70
Indexes.allKeys.lookupDuration90PMs,1734277160680000000,1734277220682000000,0.0
Indexes.allKeys.lookupDurationMaxMs,1734277160680000000,1734277220682000000,0.0
Indexes.stubs.lookupDurationAvgMs,1734277160680000000,1734277220682000000,0.0
Indexes.entries.lookupDurationMaxMs,1734277160680000000,1734277220682000000,0.0
IndexesFlusher.totalFlushes,1734277160680000000,1734277220682000000,59
IndexesFlusher.totalFlushesRetried,1734277160680000000,1734277220682000000,0
IndexesFlusher.totalContentionQuotaSpent,1734277160680000000,1734277220682000000,0
cacheStateStorage.set.counter,1734277160680000000,1734277220682000000,1
cacheStateStorage.set.duration,1734277160680000000,1734277220682000000,0
cacheStateStorage.get.duration,1734277160680000000,1734277220682000000,39
cacheStateStorage.get.counter,1734277160680000000,1734277220682000000,7
JVM.newThreadsCount,1734277220682000000,1734277280682000000,0
JVM.threadCount,1734277220682000000,1734277280682000000,61
JVM.usedHeapBytes,1734277220682000000,1734277280682000000,612368384
JVM.totalCpuTimeMs,1734277220682000000,1734277280682000000,46150
JVM.totalDirectByteBuffersBytes,1734277220682000000,1734277280682000000,174701316
JVM.usedNativeBytes,1734277220682000000,1734277280682000000,440380680
JVM.totalTimeAtSafepointsMs,1734277220682000000,1734277280682000000,620
JVM.totalTimeToSafepointsMs,1734277220682000000,1734277280682000000,4
JVM.totalSafepointCount,1734277220682000000,1734277280682000000,69
JVM.GC.collections,1734277220682000000,1734277280682000000,19
JVM.maxHeapBytes,1734277220682000000,1734277280682000000,2147483648
JVM.maxThreadCount,1734277220682000000,1734277280682000000,109
OS.loadAverage,1734277220682000000,1734277280682000000,0.46826171875
JVM.GC.collectionTimesMs,1734277220682000000,1734277280682000000,614
JVM.totalBytesAllocated,1734277220682000000,1734277280682000000,2830239704
FileNameCache.totalMisses,1734277220682000000,1734277280682000000,0
VFS.invertedFileNameIndex.requests,1734277220682000000,1734277280682000000,0
VFS.contentStorage.recordsStored,1734277220682000000,1734277280682000000,3
VFS.contentStorage.recordsRead,1734277220682000000,1734277280682000000,164
VFS.contentStorage.recordsDeduplicated,1734277220682000000,1734277280682000000,1
VFS.fileByIdCache.misses,1734277220682000000,1734277280682000000,6025
VFS.fileChildByName,1734277220682000000,1734277280682000000,87250
VFS.fileByIdCache.hits,1734277220682000000,1734277280682000000,0
VFS.contentStorage.recordsStoredCompressed,1734277220682000000,1734277280682000000,0
VFS.contentStorage.recordsUncompressedSize,1734277220682000000,1734277280682000000,5393
VFS.contentStorage.recordsReadDecompressed,1734277220682000000,1734277280682000000,14
VFS.contentStorage.recordsDecompressionTimeUs,1734277220682000000,1734277280682000000,687
FileNameCache.queries,1734277220682000000,1734277280682000000,2859392
VFS.contentStorage.recordsReadSize,1734277220682000000,1734277280682000000,684220
VFS.contentStorage.recordsStoredSize,1734277220682000000,1734277280682000000,5393
lexer.Python.size.bytes,1734277220682000000,1734277280682000000,513246
lexer.PythonStub.time.ns,1734277220682000000,1734277280682000000,7419343
writeAction.count,1734277220682000000,1734277280682000000,78
parser.PythonStub.time.ns,1734277220682000000,1734277280682000000,27946773
lexer.PythonStub.size.bytes,1734277220682000000,1734277280682000000,124576
parser.Python.time.ns,1734277220682000000,1734277280682000000,232221099
writeAction.median.wait.ms,1734277220682000000,1734277280682000000,0
parser.Python.size.bytes,1734277220682000000,1734277280682000000,513246
writeAction.max.wait.ms,1734277220682000000,1734277280682000000,26
parser.PythonStub.size.bytes,1734277220682000000,1734277280682000000,124576
lexer.Python.time.ns,1734277220682000000,1734277280682000000,59324646
writeAction.wait.ms,1734277220682000000,1734277280682000000,31
workspaceModel.mutableEntityStorage.collect.changes.ms,1734277220682000000,1734277280682000000,0
workspaceModel.mutableEntityStorage.apply.changes.from.ms,1734277220682000000,1734277280682000000,0
workspaceModel.mutableEntityStorage.modify.entity.ms,1734277220682000000,1734277280682000000,0
jps.global.handle.before.change.events.ms,1734277220682000000,1734277280682000000,0
workspaceModel.moduleManagerBridge.load.all.modules.ms,1734277220682000000,1734277280682000000,0
workspaceModel.mutableEntityStorage.changeLog.addReplaceEventForRemovedParent.ms,1734277220682000000,1734277280682000000,0
workspaceModel.moduleManagerBridge.newModule.ms,1734277220682000000,1734277280682000000,0
workspaceModel.mutableEntityStorage.mutable.ext.mapping.ms,1734277220682000000,1734277280682000000,0
jps.global.get.library.ms,1734277220682000000,1734277280682000000,0
workspaceModel.mutableEntityStorage.referrers.ms,1734277220682000000,1734277280682000000,0
workspaceModel.moduleBridge.facet.initialization.ms,1734277220682000000,1734277280682000000,0
jps.artifact.entities.serializer.load.entities.ms,1734277220682000000,1734277280682000000,0
workspaceModel.mutableEntityStorage.changeLog.addReplaceEventForRemovedChild.ms,1734277220682000000,1734277280682000000,0
workspaceModel.global.updates.count,1734277220682000000,1734277280682000000,0
jps.apply.loaded.storage.ms,1734277220682000000,1734277280682000000,0
workspaceModel.mutableEntityStorage.changeLog.addReplaceEventForNewParent.ms,1734277220682000000,1734277280682000000,0
jps.global.get.libraries.ms,1734277220682000000,1734277280682000000,0
jps.reload.project.entities.ms,1734277220682000000,1734277280682000000,0
workspaceModel.mutableEntityStorage.to.snapshot.ms,1734277220682000000,1734277280682000000,0
workspaceModel.global.updates.ms,1734277220682000000,1734277280682000000,0
workspaceModel.moduleManagerBridge.new.nonPersistent.module.ms,1734277220682000000,1734277280682000000,0
jps.project.serializers.load.ms,1734277220682000000,1734277280682000000,0
workspaceModel.moduleBridge.before.changed.ms,1734277220682000000,1734277280682000000,0
jps.global.get.library.by.name.ms,1734277220682000000,1734277280682000000,0
jps.save.changed.project.entities.ms,1734277220682000000,1734277280682000000,0
jps.global.initialize.library.bridges.after.loading.ms,1734277220682000000,1734277280682000000,0
jps.library.entities.serializer.load.entities.ms,1734277220682000000,1734277280682000000,0
workspaceModel.moduleManagerBridge.set.unloadedModules.ms,1734277220682000000,1734277280682000000,0
workspaceModel.moduleBridgeLoader.loading.modules.ms,1734277220682000000,1734277280682000000,0
jps.project.serializers.save.ms,1734277220682000000,1734277280682000000,0
workspaceModel.mutableEntityStorage.put.entity.ms,1734277220682000000,1734277280682000000,0
jps.load.initial.state.ms,1734277220682000000,1734277280682000000,0
jps.storage.jps.conf.reader.load.component.ms,1734277220682000000,1734277280682000000,0
jps.library.entities.serializer.save.entities.ms,1734277220682000000,1734277280682000000,0
workspaceModel.global.apply.state.to.project.ms,1734277220682000000,1734277280682000000,0
workspaceModel.moduleManagerBridge.load.module.ms,1734277220682000000,1734277280682000000,0
jps.global.initialize.library.bridges.ms,1734277220682000000,1734277280682000000,0
workspaceModel.mutableEntityStorage.remove.entity.ms,1734277220682000000,1734277280682000000,0
workspaceModel.mutableEntityStorage.has.same.entities.ms,1734277220682000000,1734277280682000000,0
workspaceModel.mutableEntityStorage.instances.count,1734277220682000000,1734277280682000000,0
workspaceModel.mutableEntityStorage.add.entity.ms,1734277220682000000,1734277280682000000,0
workspaceModel.delayed.project.synchronizer.sync.ms,1734277220682000000,1734277280682000000,0
workspaceModel.moduleManagerBridge.build.module.graph.ms,1734277220682000000,1734277280682000000,0
workspaceModel.load.cache.from.file.ms,1734277220682000000,1734277280682000000,0
workspaceModel.moduleBridge.update.option.ms,1734277220682000000,1734277280682000000,0
jps.load.project.to.empty.storage.ms,1734277220682000000,1734277280682000000,0
jps.app.storage.content.writer.save.component.ms,1734277220682000000,1734277280682000000,0
workspaceModel.sync.entities.ms,1734277220682000000,1734277280682000000,0
jps.app.storage.content.reader.load.component.ms,1734277220682000000,1734277280682000000,0
jps.module.dependency.index.workspace.model.listener.on.changed.ms,1734277220682000000,1734277280682000000,0
workspaceModel.mutableEntityStorage.mutable.vfurl.index.ms,1734277220682000000,1734277280682000000,0
jps.global.handle.changed.events.ms,1734277220682000000,1734277280682000000,0
jps.facet.change.listener.init.bridge.ms,1734277220682000000,1734277280682000000,0
workspaceModel.mutableEntityStorage.entities.ms,1734277220682000000,1734277280682000000,0
workspaceModel.do.save.caches.ms,1734277220682000000,1734277280682000000,0
jps.artifact.entities.serializer.save.entities.ms,1734277220682000000,1734277280682000000,0
workspaceModel.mutableEntityStorage.resolve.ms,1734277220682000000,1734277280682000000,0
workspaceModel.orphan.listener.update.ms,1734277220682000000,1734277280682000000,0
workspaceModel.moduleManagerBridge.create.module.instance.ms,1734277220682000000,1734277280682000000,0
workspaceModel.moduleManagerBridge.get.modules.ms,1734277220682000000,1734277280682000000,0
jps.facet.change.listener.process.change.events.ms,1734277220682000000,1734277280682000000,0
workspaceModel.mutableEntityStorage.replace.by.source.ms,1734277220682000000,1734277280682000000,0
workspaceModel.save.cache.to.file.ms,1734277220682000000,1734277280682000000,0
workspaceModel.global.apply.state.to.project.builder.ms,1734277220682000000,1734277280682000000,0
jps.facet.change.listener.before.change.events.ms,1734277220682000000,1734277280682000000,0
jps.module.iml.entities.serializer.load.entities.ms,1734277220682000000,1734277280682000000,0
jps.save.global.entities.ms,1734277220682000000,1734277280682000000,0
jps.module.iml.entities.serializer.save.entities.ms,1734277220682000000,1734277280682000000,0
workspaceModel.load.cache.metadata.from.file.ms,1734277220682000000,1734277280682000000,0
workspaceModel.mutableEntityStorage.changeLog.addReplaceEventForNewChild.ms,1734277220682000000,1734277280682000000,0
workspaceModel.mutableEntityStorage.entities.by.source.ms,1734277220682000000,1734277280682000000,0
FlushQueue.queueSize90P,1734277220682000000,1734277280682000000,0
FlushQueue.executionTime90PNs,1734277220682000000,1734277280682000000,0
AWTEventQueue.dispatchTimeMaxNs,1734277220682000000,1734277280682000000,3276799
NonBlockingReadAction.failedExecutionsCount,1734277220682000000,1734277280682000000,2
AWTEventQueue.eventsDispatched,1734277220682000000,1734277280682000000,6
ReadAction.executionsCount,1734277220682000000,1734277280682000000,645254
FlushQueue.queueSizeAvg,1734277220682000000,1734277280682000000,0.0
FlushQueue.waitingTimeMaxNs,1734277220682000000,1734277280682000000,0
FlushQueue.tasksExecuted,1734277220682000000,1734277280682000000,0
FlushQueue.queueSizeMax,1734277220682000000,1734277280682000000,0
FlushQueue.executionTimeMaxNs,1734277220682000000,1734277280682000000,0
NonBlockingReadAction.finalizedExecutionsCount,1734277220682000000,1734277280682000000,1202
WriteAction.executionsCount,1734277220682000000,1734277280682000000,78
FlushQueue.executionTimeAvgNs,1734277220682000000,1734277280682000000,0.0
AWTEventQueue.dispatchTimeTotalNS,1734277220682000000,1734277280682000000,6981392914
NonBlockingReadAction.failedExecutionTimeUs,1734277220682000000,1734277280682000000,1508
NonBlockingReadAction.finalizedExecutionTimeUs,1734277220682000000,1734277280682000000,692518
AWTEventQueue.dispatchTimeAvgNs,1734277220682000000,1734277280682000000,837610.6666666666
FlushQueue.waitingTime90PNs,1734277220682000000,1734277280682000000,0
AWTEventQueue.dispatchTime90PNs,1734277220682000000,1734277280682000000,3276799
FlushQueue.waitingTimeAvgNs,1734277220682000000,1734277280682000000,0.0
workspaceModel.collect.changes.ms,1734277220682000000,1734277280682000000,0
workspaceModel.cachedValue.total.get.count,1734277220682000000,1734277280682000000,28606
workspaceModel.full.replace.project.model.ms,1734277220682000000,1734277280682000000,0
workspaceModel.workspaceFileIndexData.getFileInfo.ms,1734277220682000000,1734277280682000000,81
workspaceModel.loading.total.ms,1734277220682000000,1734277280682000000,0
workspaceModel.updates.ms,1734277220682000000,1734277280682000000,0
workspaceModel.entityStorageSnapshotImpl.instances.count,1734277220682000000,1734277280682000000,0
workspaceModel.loading.from.cache.ms,1734277220682000000,1734277280682000000,0
workspaceModel.workspaceFileIndexData.updateDirtyEntities.ms,1734277220682000000,1734277280682000000,0
workspaceModel.updates.precise.ms,1734277220682000000,1734277280682000000,0
workspaceModel.updates.count,1734277220682000000,1734277280682000000,0
workspaceModel.cachedValue.from.cache.count,1734277220682000000,1734277280682000000,28606
workspaceModel.workspaceFileIndexData.init.ms,1734277220682000000,1734277280682000000,0
workspaceModel.cachedValue.calculated.count,1734277220682000000,1734277280682000000,0
workspaceModel.replace.project.model.ms,1734277220682000000,1734277280682000000,0
workspaceModel.on.before.changed.ms,1734277220682000000,1734277280682000000,0
workspaceModel.update.unloaded.entities.ms,1734277220682000000,1734277280682000000,0
workspaceModel.workspaceFileIndexContributor.registerFileSets.ms,1734277220682000000,1734277280682000000,0
workspaceModel.cachedValueWithParameters.total.get.count,1734277220682000000,1734277280682000000,0
workspaceModel.workspaceFileIndexData.getDirectoriesByPackageName.ms,1734277220682000000,1734277280682000000,0
workspaceModel.cachedValueWithParameters.from.cache.count,1734277220682000000,1734277280682000000,0
workspaceModel.workspaceFileIndexData.getPackageName.ms,1734277220682000000,1734277280682000000,0
workspaceModel.cachedValue.clear.count,1734277220682000000,1734277280682000000,0
workspaceModel.workspaceFileIndexData.onEntitiesChanged.ms,1734277220682000000,1734277280682000000,0
workspaceModel.workspaceFileIndexData.visitFileSets.ms,1734277220682000000,1734277280682000000,0
workspaceModel.cachedValueWithParameters.calculated.count,1734277220682000000,1734277280682000000,0
workspaceModel.workspaceFileIndexData.instances.count,1734277220682000000,1734277280682000000,0
workspaceModel.initializing.ms,1734277220682000000,1734277280682000000,0
workspaceModel.workspaceFileIndexData.processFileSets.ms,1734277220682000000,1734277280682000000,0
workspaceModel.init.bridges.ms,1734277220682000000,1734277280682000000,0
workspaceModel.pre.handlers.ms,1734277220682000000,1734277280682000000,0
workspaceModel.cachedValueWithParameters.clear.count,1734277220682000000,1734277280682000000,0
workspaceModel.on.changed.ms,1734277220682000000,1734277280682000000,0
workspaceModel.workspaceFileIndexData.markDirty.ms,1734277220682000000,1734277280682000000,0
workspaceModel.check.recursive.update.ms,1734277220682000000,1734277280682000000,0
workspaceModel.to.snapshot.ms,1734277220682000000,1734277280682000000,0
FilePageCacheLockFree.totalClosedStoragesReclaimed,1734277220682000000,1734277280682000000,0
DirectByteBufferAllocator.misses,1734277220682000000,1734277280682000000,0
DirectByteBufferAllocator.totalSizeOfBuffersAllocatedInBytes,1734277220682000000,1734277280682000000,172015616
StorageLockContext.competingThreads.90P,1734277220682000000,1734277280682000000,0
StreamlinedBlobStorage.totalLiveRecordsPayloadBytes,1734277220682000000,1734277280682000000,0
FilePageCacheLockFree.heapBytesInUse,1734277220682000000,1734277280682000000,0
StreamlinedBlobStorage.recordsRelocated,1734277220682000000,1734277280682000000,0
FilePageCacheLockFree.totalBytesRead,1734277220682000000,1734277280682000000,0
FilePageCache.capacityInBytes,1734277220682000000,1734277280682000000,503316478
FilePageCacheLockFree.totalNativeBytesAllocated,1734277220682000000,1734277280682000000,0
StreamlinedBlobStorage.recordsAllocated,1734277220682000000,1734277280682000000,0
DirectByteBufferAllocator.totalSizeOfBuffersCachedInBytes,1734277220682000000,1734277280682000000,0
MappedFileStorage.totalTimeSpentOnMappingUs,1734277220682000000,1734277280682000000,26897
FilePageCache.disposedBuffers,1734277220682000000,1734277280682000000,0
FilePageCache.maxCacheSizeInBytes,1734277220682000000,1734277280682000000,172015616
FilePageCache.pageFastCacheHits,1734277220682000000,1734277280682000000,33776
FilePageCacheLockFree.totalHeapBytesAllocated,1734277220682000000,1734277280682000000,0
StreamlinedBlobStorage.totalLiveRecordsCapacityBytes,1734277220682000000,1734277280682000000,0
FilePageCacheLockFree.totalPagesHandedOver,1734277220682000000,1734277280682000000,0
FilePageCacheLockFree.totalPagesAllocated,1734277220682000000,1734277280682000000,0
FileChannelInterruptsRetryer.totalRetriedAttempts,1734277220682000000,1734277280682000000,0
FilePageCache.pageHits,1734277220682000000,1734277280682000000,13
StorageLockContext.competingThreads.max,1734277220682000000,1734277280682000000,0
FilePageCacheLockFree.totalPageAllocationsWaited,1734277220682000000,1734277280682000000,0
FilePageCacheLockFree.totalBytesWritten,1734277220682000000,1734277280682000000,0
FilePageCacheLockFree.totalBytesRequested,1734277220682000000,1734277280682000000,0
FilePageCacheLockFree.totalNativeBytesReclaimed,1734277220682000000,1734277280682000000,0
StreamlinedBlobStorage.recordsDeleted,1734277220682000000,1734277280682000000,0
FilePageCacheLockFree.housekeeperTimeSpentMs,1734277220682000000,1734277280682000000,0
FilePageCacheLockFree.totalPagesReclaimed,1734277220682000000,1734277280682000000,0
FilePageCache.totalPageLoadsUs,1734277220682000000,1734277280682000000,0
FilePageCacheLockFree.totalPagesReadMs,1734277220682000000,1734277280682000000,0
StorageLockContext.competingThreads.avg,1734277220682000000,1734277280682000000,0.0
FilePageCache.pageLoadsAboveSizeThreshold,1734277220682000000,1734277280682000000,0
FilePageCacheLockFree.totalPagesRequested,1734277220682000000,1734277280682000000,0
FilePageCache.totalPageDisposalsUs,1734277220682000000,1734277280682000000,0
FilePageCache.pageLoads,1734277220682000000,1734277280682000000,0
FilePageCacheLockFree.housekeeperTurnsDone,1734277220682000000,1734277280682000000,0
FilePageCacheLockFree.totalPagesWriteMs,1734277220682000000,1734277280682000000,0
FilePageCache.maxRegisteredFiles,1734277220682000000,1734277280682000000,262
FilePageCache.uncachedFileAccess,1734277220682000000,1734277280682000000,30
MappedFileStorage.totalBytesMapped,1734277220682000000,1734277280682000000,202637312
DirectByteBufferAllocator.disposed,1734277220682000000,1734277280682000000,0
FilePageCacheLockFree.totalHeapBytesReclaimed,1734277220682000000,1734277280682000000,0
FilePageCacheLockFree.totalPagesRequestsMs,1734277220682000000,1734277280682000000,0
MappedFileStorage.storages,1734277220682000000,1734277280682000000,16
DirectByteBufferAllocator.reclaimed,1734277220682000000,1734277280682000000,0
MappedFileStorage.totalPagesMapped,1734277220682000000,1734277280682000000,16
FilePageCacheLockFree.nativeBytesInUse,1734277220682000000,1734277280682000000,0
FilePageCacheLockFree.totalPagesWritten,1734277220682000000,1734277280682000000,0
FilePageCacheLockFree.housekeeperTurnsSkipped,1734277220682000000,1734277280682000000,0
DirectByteBufferAllocator.hits,1734277220682000000,1734277280682000000,0
Indexes.stubs.lookupDuration90PMs,1734277220682000000,1734277280682000000,0.0
IndexesFlusher.totalFlushingTimeUs,1734277220682000000,1734277280682000000,79850
Indexes.allKeys.lookups,1734277220682000000,1734277280682000000,0
Indexes.stubs.lookupDurationMaxMs,1734277220682000000,1734277280682000000,0.0
Indexes.allKeys.lookupDurationAvgMs,1734277220682000000,1734277280682000000,0.0
Indexes.entries.lookupDuration90PMs,1734277220682000000,1734277280682000000,0.0
Indexes.entries.lookupDurationAvgMs,1734277220682000000,1734277280682000000,0.0
Indexes.stubs.lookups,1734277220682000000,1734277280682000000,4728
Indexes.entries.lookups,1734277220682000000,1734277280682000000,184
Indexes.allKeys.lookupDuration90PMs,1734277220682000000,1734277280682000000,0.0
Indexes.allKeys.lookupDurationMaxMs,1734277220682000000,1734277280682000000,0.0
Indexes.stubs.lookupDurationAvgMs,1734277220682000000,1734277280682000000,0.0
Indexes.entries.lookupDurationMaxMs,1734277220682000000,1734277280682000000,0.0
IndexesFlusher.totalFlushes,1734277220682000000,1734277280682000000,60
IndexesFlusher.totalFlushesRetried,1734277220682000000,1734277280682000000,0
IndexesFlusher.totalContentionQuotaSpent,1734277220682000000,1734277280682000000,0
cacheStateStorage.set.counter,1734277220682000000,1734277280682000000,0
cacheStateStorage.set.duration,1734277220682000000,1734277280682000000,0
cacheStateStorage.get.duration,1734277220682000000,1734277280682000000,323
cacheStateStorage.get.counter,1734277220682000000,1734277280682000000,14
model.time.2,1734277220682000000,1734277280682000000,8
sorting.time.5,1734277220682000000,1734277280682000000,1
model.time.0,1734277220682000000,1734277280682000000,88
model.time.3,1734277220682000000,1734277280682000000,20
model.items.1,1734277220682000000,1734277280682000000,117
reordered.by.ml,1734277220682000000,1734277280682000000,9
sorting.time.3,1734277220682000000,1734277280682000000,32
sorting.items.0,1734277220682000000,1734277280682000000,471
sorting.time.2,1734277220682000000,1734277280682000000,17
sorting.time.4,1734277220682000000,1734277280682000000,2
model.items.2,1734277220682000000,1734277280682000000,121
sorting.time.1,1734277220682000000,1734277280682000000,15
sorting.time.0,1734277220682000000,1734277280682000000,118
sorting.items.1,1734277220682000000,1734277280682000000,117
sorting.items.3,1734277220682000000,1734277280682000000,385
model.items.0,1734277220682000000,1734277280682000000,471
model.time.1,1734277220682000000,1734277280682000000,7
sorting.items.2,1734277220682000000,1734277280682000000,121
model.items.3,1734277220682000000,1734277280682000000,385
JVM.newThreadsCount,1734277280682000000,1734277340683000000,3
JVM.threadCount,1734277280682000000,1734277340683000000,63
JVM.usedHeapBytes,1734277280682000000,1734277340683000000,1120927744
JVM.totalCpuTimeMs,1734277280682000000,1734277340683000000,14380
JVM.totalDirectByteBuffersBytes,1734277280682000000,1734277340683000000,174747133
JVM.usedNativeBytes,1734277280682000000,1734277340683000000,448185672
JVM.totalTimeAtSafepointsMs,1734277280682000000,1734277340683000000,40
JVM.totalTimeToSafepointsMs,1734277280682000000,1734277340683000000,1
JVM.totalSafepointCount,1734277280682000000,1734277340683000000,37
JVM.GC.collections,1734277280682000000,1734277340683000000,1
JVM.maxHeapBytes,1734277280682000000,1734277340683000000,2147483648
JVM.maxThreadCount,1734277280682000000,1734277340683000000,109
OS.loadAverage,1734277280682000000,1734277340683000000,0.93505859375
JVM.GC.collectionTimesMs,1734277280682000000,1734277340683000000,39
JVM.totalBytesAllocated,1734277280682000000,1734277340683000000,794308432
FileNameCache.totalMisses,1734277280682000000,1734277340683000000,0
VFS.invertedFileNameIndex.requests,1734277280682000000,1734277340683000000,0
VFS.contentStorage.recordsStored,1734277280682000000,1734277340683000000,3
VFS.contentStorage.recordsRead,1734277280682000000,1734277340683000000,30
VFS.contentStorage.recordsDeduplicated,1734277280682000000,1734277340683000000,1
VFS.fileByIdCache.misses,1734277280682000000,1734277340683000000,115
VFS.fileChildByName,1734277280682000000,1734277340683000000,27220
VFS.fileByIdCache.hits,1734277280682000000,1734277340683000000,0
VFS.contentStorage.recordsStoredCompressed,1734277280682000000,1734277340683000000,0
VFS.contentStorage.recordsUncompressedSize,1734277280682000000,1734277340683000000,6099
VFS.contentStorage.recordsReadDecompressed,1734277280682000000,1734277340683000000,0
VFS.contentStorage.recordsDecompressionTimeUs,1734277280682000000,1734277340683000000,0
FileNameCache.queries,1734277280682000000,1734277340683000000,256256
VFS.contentStorage.recordsReadSize,1734277280682000000,1734277340683000000,60864
VFS.contentStorage.recordsStoredSize,1734277280682000000,1734277340683000000,6099
lexer.Python.size.bytes,1734277280682000000,1734277340683000000,27092
writeAction.count,1734277280682000000,1734277340683000000,24
parser.Python.time.ns,1734277280682000000,1734277340683000000,17997821
writeAction.median.wait.ms,1734277280682000000,1734277340683000000,0
parser.Python.size.bytes,1734277280682000000,1734277340683000000,27092
writeAction.max.wait.ms,1734277280682000000,1734277340683000000,26
lexer.Python.time.ns,1734277280682000000,1734277340683000000,5119817
writeAction.wait.ms,1734277280682000000,1734277340683000000,0
workspaceModel.mutableEntityStorage.collect.changes.ms,1734277280682000000,1734277340683000000,0
workspaceModel.mutableEntityStorage.apply.changes.from.ms,1734277280682000000,1734277340683000000,0
workspaceModel.mutableEntityStorage.modify.entity.ms,1734277280682000000,1734277340683000000,0
jps.global.handle.before.change.events.ms,1734277280682000000,1734277340683000000,0
workspaceModel.moduleManagerBridge.load.all.modules.ms,1734277280682000000,1734277340683000000,0
workspaceModel.mutableEntityStorage.changeLog.addReplaceEventForRemovedParent.ms,1734277280682000000,1734277340683000000,0
workspaceModel.moduleManagerBridge.newModule.ms,1734277280682000000,1734277340683000000,0
workspaceModel.mutableEntityStorage.mutable.ext.mapping.ms,1734277280682000000,1734277340683000000,0
jps.global.get.library.ms,1734277280682000000,1734277340683000000,0
workspaceModel.mutableEntityStorage.referrers.ms,1734277280682000000,1734277340683000000,0
workspaceModel.moduleBridge.facet.initialization.ms,1734277280682000000,1734277340683000000,0
jps.artifact.entities.serializer.load.entities.ms,1734277280682000000,1734277340683000000,0
workspaceModel.mutableEntityStorage.changeLog.addReplaceEventForRemovedChild.ms,1734277280682000000,1734277340683000000,0
workspaceModel.global.updates.count,1734277280682000000,1734277340683000000,0
jps.apply.loaded.storage.ms,1734277280682000000,1734277340683000000,0
workspaceModel.mutableEntityStorage.changeLog.addReplaceEventForNewParent.ms,1734277280682000000,1734277340683000000,0
jps.global.get.libraries.ms,1734277280682000000,1734277340683000000,0
jps.reload.project.entities.ms,1734277280682000000,1734277340683000000,0
workspaceModel.mutableEntityStorage.to.snapshot.ms,1734277280682000000,1734277340683000000,0
workspaceModel.global.updates.ms,1734277280682000000,1734277340683000000,0
workspaceModel.moduleManagerBridge.new.nonPersistent.module.ms,1734277280682000000,1734277340683000000,0
jps.project.serializers.load.ms,1734277280682000000,1734277340683000000,0
workspaceModel.moduleBridge.before.changed.ms,1734277280682000000,1734277340683000000,0
jps.global.get.library.by.name.ms,1734277280682000000,1734277340683000000,0
jps.save.changed.project.entities.ms,1734277280682000000,1734277340683000000,0
jps.global.initialize.library.bridges.after.loading.ms,1734277280682000000,1734277340683000000,0
jps.library.entities.serializer.load.entities.ms,1734277280682000000,1734277340683000000,0
workspaceModel.moduleManagerBridge.set.unloadedModules.ms,1734277280682000000,1734277340683000000,0
workspaceModel.moduleBridgeLoader.loading.modules.ms,1734277280682000000,1734277340683000000,0
jps.project.serializers.save.ms,1734277280682000000,1734277340683000000,0
workspaceModel.mutableEntityStorage.put.entity.ms,1734277280682000000,1734277340683000000,0
jps.load.initial.state.ms,1734277280682000000,1734277340683000000,0
jps.storage.jps.conf.reader.load.component.ms,1734277280682000000,1734277340683000000,0
jps.library.entities.serializer.save.entities.ms,1734277280682000000,1734277340683000000,0
workspaceModel.global.apply.state.to.project.ms,1734277280682000000,1734277340683000000,0
workspaceModel.moduleManagerBridge.load.module.ms,1734277280682000000,1734277340683000000,0
jps.global.initialize.library.bridges.ms,1734277280682000000,1734277340683000000,0
workspaceModel.mutableEntityStorage.remove.entity.ms,1734277280682000000,1734277340683000000,0
workspaceModel.mutableEntityStorage.has.same.entities.ms,1734277280682000000,1734277340683000000,0
workspaceModel.mutableEntityStorage.instances.count,1734277280682000000,1734277340683000000,0
workspaceModel.mutableEntityStorage.add.entity.ms,1734277280682000000,1734277340683000000,0
workspaceModel.delayed.project.synchronizer.sync.ms,1734277280682000000,1734277340683000000,0
workspaceModel.moduleManagerBridge.build.module.graph.ms,1734277280682000000,1734277340683000000,0
workspaceModel.load.cache.from.file.ms,1734277280682000000,1734277340683000000,0
workspaceModel.moduleBridge.update.option.ms,1734277280682000000,1734277340683000000,0
jps.load.project.to.empty.storage.ms,1734277280682000000,1734277340683000000,0
jps.app.storage.content.writer.save.component.ms,1734277280682000000,1734277340683000000,3
workspaceModel.sync.entities.ms,1734277280682000000,1734277340683000000,0
jps.app.storage.content.reader.load.component.ms,1734277280682000000,1734277340683000000,0
jps.module.dependency.index.workspace.model.listener.on.changed.ms,1734277280682000000,1734277340683000000,0
workspaceModel.mutableEntityStorage.mutable.vfurl.index.ms,1734277280682000000,1734277340683000000,0
jps.global.handle.changed.events.ms,1734277280682000000,1734277340683000000,0
jps.facet.change.listener.init.bridge.ms,1734277280682000000,1734277340683000000,0
workspaceModel.mutableEntityStorage.entities.ms,1734277280682000000,1734277340683000000,0
workspaceModel.do.save.caches.ms,1734277280682000000,1734277340683000000,0
jps.artifact.entities.serializer.save.entities.ms,1734277280682000000,1734277340683000000,0
workspaceModel.mutableEntityStorage.resolve.ms,1734277280682000000,1734277340683000000,0
workspaceModel.orphan.listener.update.ms,1734277280682000000,1734277340683000000,0
workspaceModel.moduleManagerBridge.create.module.instance.ms,1734277280682000000,1734277340683000000,0
workspaceModel.moduleManagerBridge.get.modules.ms,1734277280682000000,1734277340683000000,0
jps.facet.change.listener.process.change.events.ms,1734277280682000000,1734277340683000000,0
workspaceModel.mutableEntityStorage.replace.by.source.ms,1734277280682000000,1734277340683000000,0
workspaceModel.save.cache.to.file.ms,1734277280682000000,1734277340683000000,0
workspaceModel.global.apply.state.to.project.builder.ms,1734277280682000000,1734277340683000000,0
jps.facet.change.listener.before.change.events.ms,1734277280682000000,1734277340683000000,0
jps.module.iml.entities.serializer.load.entities.ms,1734277280682000000,1734277340683000000,0
jps.save.global.entities.ms,1734277280682000000,1734277340683000000,7
jps.module.iml.entities.serializer.save.entities.ms,1734277280682000000,1734277340683000000,0
workspaceModel.load.cache.metadata.from.file.ms,1734277280682000000,1734277340683000000,0
workspaceModel.mutableEntityStorage.changeLog.addReplaceEventForNewChild.ms,1734277280682000000,1734277340683000000,0
workspaceModel.mutableEntityStorage.entities.by.source.ms,1734277280682000000,1734277340683000000,0
FlushQueue.queueSize90P,1734277280682000000,1734277340683000000,3
FlushQueue.executionTime90PNs,1734277280682000000,1734277340683000000,30335
AWTEventQueue.dispatchTimeMaxNs,1734277280682000000,1734277340683000000,2015231
NonBlockingReadAction.failedExecutionsCount,1734277280682000000,1734277340683000000,0
AWTEventQueue.eventsDispatched,1734277280682000000,1734277340683000000,1
ReadAction.executionsCount,1734277280682000000,1734277340683000000,228874
FlushQueue.queueSizeAvg,1734277280682000000,1734277340683000000,1.5
FlushQueue.waitingTimeMaxNs,1734277280682000000,1734277340683000000,2015231
FlushQueue.tasksExecuted,1734277280682000000,1734277340683000000,4
FlushQueue.queueSizeMax,1734277280682000000,1734277340683000000,3
FlushQueue.executionTimeMaxNs,1734277280682000000,1734277340683000000,30335
NonBlockingReadAction.finalizedExecutionsCount,1734277280682000000,1734277340683000000,592
WriteAction.executionsCount,1734277280682000000,1734277340683000000,24
FlushQueue.executionTimeAvgNs,1734277280682000000,1734277340683000000,15592.0
AWTEventQueue.dispatchTimeTotalNS,1734277280682000000,1734277340683000000,3144857090
NonBlockingReadAction.failedExecutionTimeUs,1734277280682000000,1734277340683000000,0
NonBlockingReadAction.finalizedExecutionTimeUs,1734277280682000000,1734277340683000000,129927
AWTEventQueue.dispatchTimeAvgNs,1734277280682000000,1734277340683000000,2011136.0
FlushQueue.waitingTime90PNs,1734277280682000000,1734277340683000000,2015231
AWTEventQueue.dispatchTime90PNs,1734277280682000000,1734277340683000000,2015231
FlushQueue.waitingTimeAvgNs,1734277280682000000,1734277340683000000,2007040.0
workspaceModel.collect.changes.ms,1734277280682000000,1734277340683000000,0
workspaceModel.cachedValue.total.get.count,1734277280682000000,1734277340683000000,5289
workspaceModel.full.replace.project.model.ms,1734277280682000000,1734277340683000000,0
workspaceModel.workspaceFileIndexData.getFileInfo.ms,1734277280682000000,1734277340683000000,18
workspaceModel.loading.total.ms,1734277280682000000,1734277340683000000,0
workspaceModel.updates.ms,1734277280682000000,1734277340683000000,0
workspaceModel.entityStorageSnapshotImpl.instances.count,1734277280682000000,1734277340683000000,0
workspaceModel.loading.from.cache.ms,1734277280682000000,1734277340683000000,0
workspaceModel.workspaceFileIndexData.updateDirtyEntities.ms,1734277280682000000,1734277340683000000,0
workspaceModel.updates.precise.ms,1734277280682000000,1734277340683000000,0
workspaceModel.updates.count,1734277280682000000,1734277340683000000,0
workspaceModel.cachedValue.from.cache.count,1734277280682000000,1734277340683000000,5289
workspaceModel.workspaceFileIndexData.init.ms,1734277280682000000,1734277340683000000,0
workspaceModel.cachedValue.calculated.count,1734277280682000000,1734277340683000000,0
workspaceModel.replace.project.model.ms,1734277280682000000,1734277340683000000,0
workspaceModel.on.before.changed.ms,1734277280682000000,1734277340683000000,0
workspaceModel.update.unloaded.entities.ms,1734277280682000000,1734277340683000000,0
workspaceModel.workspaceFileIndexContributor.registerFileSets.ms,1734277280682000000,1734277340683000000,0
workspaceModel.cachedValueWithParameters.total.get.count,1734277280682000000,1734277340683000000,0
workspaceModel.workspaceFileIndexData.getDirectoriesByPackageName.ms,1734277280682000000,1734277340683000000,0
workspaceModel.cachedValueWithParameters.from.cache.count,1734277280682000000,1734277340683000000,0
workspaceModel.workspaceFileIndexData.getPackageName.ms,1734277280682000000,1734277340683000000,0
workspaceModel.cachedValue.clear.count,1734277280682000000,1734277340683000000,0
workspaceModel.workspaceFileIndexData.onEntitiesChanged.ms,1734277280682000000,1734277340683000000,0
workspaceModel.workspaceFileIndexData.visitFileSets.ms,1734277280682000000,1734277340683000000,0
workspaceModel.cachedValueWithParameters.calculated.count,1734277280682000000,1734277340683000000,0
workspaceModel.workspaceFileIndexData.instances.count,1734277280682000000,1734277340683000000,0
workspaceModel.initializing.ms,1734277280682000000,1734277340683000000,0
workspaceModel.workspaceFileIndexData.processFileSets.ms,1734277280682000000,1734277340683000000,0
workspaceModel.init.bridges.ms,1734277280682000000,1734277340683000000,0
workspaceModel.pre.handlers.ms,1734277280682000000,1734277340683000000,0
workspaceModel.cachedValueWithParameters.clear.count,1734277280682000000,1734277340683000000,0
workspaceModel.on.changed.ms,1734277280682000000,1734277340683000000,0
workspaceModel.workspaceFileIndexData.markDirty.ms,1734277280682000000,1734277340683000000,0
workspaceModel.check.recursive.update.ms,1734277280682000000,1734277340683000000,0
workspaceModel.to.snapshot.ms,1734277280682000000,1734277340683000000,0
FilePageCacheLockFree.totalClosedStoragesReclaimed,1734277280682000000,1734277340683000000,0
DirectByteBufferAllocator.misses,1734277280682000000,1734277340683000000,0
DirectByteBufferAllocator.totalSizeOfBuffersAllocatedInBytes,1734277280682000000,1734277340683000000,172015616
StorageLockContext.competingThreads.90P,1734277280682000000,1734277340683000000,0
StreamlinedBlobStorage.totalLiveRecordsPayloadBytes,1734277280682000000,1734277340683000000,0
FilePageCacheLockFree.heapBytesInUse,1734277280682000000,1734277340683000000,0
StreamlinedBlobStorage.recordsRelocated,1734277280682000000,1734277340683000000,0
FilePageCacheLockFree.totalBytesRead,1734277280682000000,1734277340683000000,0
FilePageCache.capacityInBytes,1734277280682000000,1734277340683000000,503316478
FilePageCacheLockFree.totalNativeBytesAllocated,1734277280682000000,1734277340683000000,0
StreamlinedBlobStorage.recordsAllocated,1734277280682000000,1734277340683000000,0
DirectByteBufferAllocator.totalSizeOfBuffersCachedInBytes,1734277280682000000,1734277340683000000,0
MappedFileStorage.totalTimeSpentOnMappingUs,1734277280682000000,1734277340683000000,26897
FilePageCache.disposedBuffers,1734277280682000000,1734277340683000000,0
FilePageCache.maxCacheSizeInBytes,1734277280682000000,1734277340683000000,172015616
FilePageCache.pageFastCacheHits,1734277280682000000,1734277340683000000,724
FilePageCacheLockFree.totalHeapBytesAllocated,1734277280682000000,1734277340683000000,0
StreamlinedBlobStorage.totalLiveRecordsCapacityBytes,1734277280682000000,1734277340683000000,0
FilePageCacheLockFree.totalPagesHandedOver,1734277280682000000,1734277340683000000,0
FilePageCacheLockFree.totalPagesAllocated,1734277280682000000,1734277340683000000,0
FileChannelInterruptsRetryer.totalRetriedAttempts,1734277280682000000,1734277340683000000,0
FilePageCache.pageHits,1734277280682000000,1734277340683000000,14
StorageLockContext.competingThreads.max,1734277280682000000,1734277340683000000,0
FilePageCacheLockFree.totalPageAllocationsWaited,1734277280682000000,1734277340683000000,0
FilePageCacheLockFree.totalBytesWritten,1734277280682000000,1734277340683000000,0
FilePageCacheLockFree.totalBytesRequested,1734277280682000000,1734277340683000000,0
FilePageCacheLockFree.totalNativeBytesReclaimed,1734277280682000000,1734277340683000000,0
StreamlinedBlobStorage.recordsDeleted,1734277280682000000,1734277340683000000,0
FilePageCacheLockFree.housekeeperTimeSpentMs,1734277280682000000,1734277340683000000,0
FilePageCacheLockFree.totalPagesReclaimed,1734277280682000000,1734277340683000000,0
FilePageCache.totalPageLoadsUs,1734277280682000000,1734277340683000000,0
FilePageCacheLockFree.totalPagesReadMs,1734277280682000000,1734277340683000000,0
StorageLockContext.competingThreads.avg,1734277280682000000,1734277340683000000,0.0
FilePageCache.pageLoadsAboveSizeThreshold,1734277280682000000,1734277340683000000,0
FilePageCacheLockFree.totalPagesRequested,1734277280682000000,1734277340683000000,0
FilePageCache.totalPageDisposalsUs,1734277280682000000,1734277340683000000,0
FilePageCache.pageLoads,1734277280682000000,1734277340683000000,0
FilePageCacheLockFree.housekeeperTurnsDone,1734277280682000000,1734277340683000000,0
FilePageCacheLockFree.totalPagesWriteMs,1734277280682000000,1734277340683000000,0
FilePageCache.maxRegisteredFiles,1734277280682000000,1734277340683000000,262
FilePageCache.uncachedFileAccess,1734277280682000000,1734277340683000000,26
MappedFileStorage.totalBytesMapped,1734277280682000000,1734277340683000000,202637312
DirectByteBufferAllocator.disposed,1734277280682000000,1734277340683000000,0
FilePageCacheLockFree.totalHeapBytesReclaimed,1734277280682000000,1734277340683000000,0
FilePageCacheLockFree.totalPagesRequestsMs,1734277280682000000,1734277340683000000,0
MappedFileStorage.storages,1734277280682000000,1734277340683000000,16
DirectByteBufferAllocator.reclaimed,1734277280682000000,1734277340683000000,0
MappedFileStorage.totalPagesMapped,1734277280682000000,1734277340683000000,16
FilePageCacheLockFree.nativeBytesInUse,1734277280682000000,1734277340683000000,0
FilePageCacheLockFree.totalPagesWritten,1734277280682000000,1734277340683000000,0
FilePageCacheLockFree.housekeeperTurnsSkipped,1734277280682000000,1734277340683000000,0
DirectByteBufferAllocator.hits,1734277280682000000,1734277340683000000,0
Indexes.stubs.lookupDuration90PMs,1734277280682000000,1734277340683000000,0.0
IndexesFlusher.totalFlushingTimeUs,1734277280682000000,1734277340683000000,81978
Indexes.allKeys.lookups,1734277280682000000,1734277340683000000,0
Indexes.stubs.lookupDurationMaxMs,1734277280682000000,1734277340683000000,0.0
Indexes.allKeys.lookupDurationAvgMs,1734277280682000000,1734277340683000000,0.0
Indexes.entries.lookupDuration90PMs,1734277280682000000,1734277340683000000,0.0
Indexes.entries.lookupDurationAvgMs,1734277280682000000,1734277340683000000,0.0
Indexes.stubs.lookups,1734277280682000000,1734277340683000000,32
Indexes.entries.lookups,1734277280682000000,1734277340683000000,35
Indexes.allKeys.lookupDuration90PMs,1734277280682000000,1734277340683000000,0.0
Indexes.allKeys.lookupDurationMaxMs,1734277280682000000,1734277340683000000,0.0
Indexes.stubs.lookupDurationAvgMs,1734277280682000000,1734277340683000000,0.0
Indexes.entries.lookupDurationMaxMs,1734277280682000000,1734277340683000000,0.0
IndexesFlusher.totalFlushes,1734277280682000000,1734277340683000000,60
IndexesFlusher.totalFlushesRetried,1734277280682000000,1734277340683000000,0
IndexesFlusher.totalContentionQuotaSpent,1734277280682000000,1734277340683000000,0
cacheStateStorage.set.counter,1734277280682000000,1734277340683000000,5
cacheStateStorage.set.duration,1734277280682000000,1734277340683000000,1
cacheStateStorage.get.duration,1734277280682000000,1734277340683000000,44
cacheStateStorage.get.counter,1734277280682000000,1734277340683000000,15
JVM.newThreadsCount,1734277340683000000,1734277400681000000,1
JVM.threadCount,1734277340683000000,1734277400681000000,64
JVM.usedHeapBytes,1734277340683000000,1734277400681000000,702021632
JVM.totalCpuTimeMs,1734277340683000000,1734277400681000000,22390
JVM.totalDirectByteBuffersBytes,1734277340683000000,1734277400681000000,174760060
JVM.usedNativeBytes,1734277340683000000,1734277400681000000,451339936
JVM.totalTimeAtSafepointsMs,1734277340683000000,1734277400681000000,348
JVM.totalTimeToSafepointsMs,1734277340683000000,1734277400681000000,1
JVM.totalSafepointCount,1734277340683000000,1734277400681000000,44
JVM.GC.collections,1734277340683000000,1734277400681000000,9
JVM.maxHeapBytes,1734277340683000000,1734277400681000000,2147483648
JVM.maxThreadCount,1734277340683000000,1734277400681000000,109
OS.loadAverage,1734277340683000000,1734277400681000000,0.7734375
JVM.GC.collectionTimesMs,1734277340683000000,1734277400681000000,346
JVM.totalBytesAllocated,1734277340683000000,1734277400681000000,1108453936
FileNameCache.totalMisses,1734277340683000000,1734277400681000000,0
VFS.invertedFileNameIndex.requests,1734277340683000000,1734277400681000000,0
VFS.contentStorage.recordsStored,1734277340683000000,1734277400681000000,1
VFS.contentStorage.recordsRead,1734277340683000000,1734277400681000000,63
VFS.contentStorage.recordsDeduplicated,1734277340683000000,1734277400681000000,0
VFS.fileByIdCache.misses,1734277340683000000,1734277400681000000,414
VFS.fileChildByName,1734277340683000000,1734277400681000000,24466
VFS.fileByIdCache.hits,1734277340683000000,1734277400681000000,0
VFS.contentStorage.recordsStoredCompressed,1734277340683000000,1734277400681000000,0
VFS.contentStorage.recordsUncompressedSize,1734277340683000000,1734277400681000000,2467
VFS.contentStorage.recordsReadDecompressed,1734277340683000000,1734277400681000000,14
VFS.contentStorage.recordsDecompressionTimeUs,1734277340683000000,1734277400681000000,675
FileNameCache.queries,1734277340683000000,1734277400681000000,292096
VFS.contentStorage.recordsReadSize,1734277340683000000,1734277400681000000,553538
VFS.contentStorage.recordsStoredSize,1734277340683000000,1734277400681000000,2467
lexer.Python.size.bytes,1734277340683000000,1734277400681000000,385309
parser.PyTypeHint.size.bytes,1734277340683000000,1734277400681000000,16
lexer.PythonStub.time.ns,1734277340683000000,1734277400681000000,7204507
writeAction.count,1734277340683000000,1734277400681000000,57
parser.PythonStub.time.ns,1734277340683000000,1734277400681000000,28067900
lexer.PyTypeHint.time.ns,1734277340683000000,1734277400681000000,53541
lexer.PythonStub.size.bytes,1734277340683000000,1734277400681000000,124576
lexer.PyTypeHint.size.bytes,1734277340683000000,1734277400681000000,16
parser.PyTypeHint.time.ns,1734277340683000000,1734277400681000000,303511
parser.Python.time.ns,1734277340683000000,1734277400681000000,157435165
writeAction.median.wait.ms,1734277340683000000,1734277400681000000,0
parser.Python.size.bytes,1734277340683000000,1734277400681000000,385309
writeAction.max.wait.ms,1734277340683000000,1734277400681000000,26
parser.PythonStub.size.bytes,1734277340683000000,1734277400681000000,124576
lexer.Python.time.ns,1734277340683000000,1734277400681000000,24324498
writeAction.wait.ms,1734277340683000000,1734277400681000000,45
workspaceModel.mutableEntityStorage.collect.changes.ms,1734277340683000000,1734277400681000000,0
workspaceModel.mutableEntityStorage.apply.changes.from.ms,1734277340683000000,1734277400681000000,0
workspaceModel.mutableEntityStorage.modify.entity.ms,1734277340683000000,1734277400681000000,0
jps.global.handle.before.change.events.ms,1734277340683000000,1734277400681000000,0
workspaceModel.moduleManagerBridge.load.all.modules.ms,1734277340683000000,1734277400681000000,0
workspaceModel.mutableEntityStorage.changeLog.addReplaceEventForRemovedParent.ms,1734277340683000000,1734277400681000000,0
workspaceModel.moduleManagerBridge.newModule.ms,1734277340683000000,1734277400681000000,0
workspaceModel.mutableEntityStorage.mutable.ext.mapping.ms,1734277340683000000,1734277400681000000,0
jps.global.get.library.ms,1734277340683000000,1734277400681000000,0
workspaceModel.mutableEntityStorage.referrers.ms,1734277340683000000,1734277400681000000,0
workspaceModel.moduleBridge.facet.initialization.ms,1734277340683000000,1734277400681000000,0
jps.artifact.entities.serializer.load.entities.ms,1734277340683000000,1734277400681000000,0
workspaceModel.mutableEntityStorage.changeLog.addReplaceEventForRemovedChild.ms,1734277340683000000,1734277400681000000,0
workspaceModel.global.updates.count,1734277340683000000,1734277400681000000,0
jps.apply.loaded.storage.ms,1734277340683000000,1734277400681000000,0
workspaceModel.mutableEntityStorage.changeLog.addReplaceEventForNewParent.ms,1734277340683000000,1734277400681000000,0
jps.global.get.libraries.ms,1734277340683000000,1734277400681000000,0
jps.reload.project.entities.ms,1734277340683000000,1734277400681000000,0
workspaceModel.mutableEntityStorage.to.snapshot.ms,1734277340683000000,1734277400681000000,0
workspaceModel.global.updates.ms,1734277340683000000,1734277400681000000,0
workspaceModel.moduleManagerBridge.new.nonPersistent.module.ms,1734277340683000000,1734277400681000000,0
jps.project.serializers.load.ms,1734277340683000000,1734277400681000000,0
workspaceModel.moduleBridge.before.changed.ms,1734277340683000000,1734277400681000000,0
jps.global.get.library.by.name.ms,1734277340683000000,1734277400681000000,0
jps.save.changed.project.entities.ms,1734277340683000000,1734277400681000000,0
jps.global.initialize.library.bridges.after.loading.ms,1734277340683000000,1734277400681000000,0
jps.library.entities.serializer.load.entities.ms,1734277340683000000,1734277400681000000,0
workspaceModel.moduleManagerBridge.set.unloadedModules.ms,1734277340683000000,1734277400681000000,0
workspaceModel.moduleBridgeLoader.loading.modules.ms,1734277340683000000,1734277400681000000,0
jps.project.serializers.save.ms,1734277340683000000,1734277400681000000,0
workspaceModel.mutableEntityStorage.put.entity.ms,1734277340683000000,1734277400681000000,0
jps.load.initial.state.ms,1734277340683000000,1734277400681000000,0
jps.storage.jps.conf.reader.load.component.ms,1734277340683000000,1734277400681000000,0
jps.library.entities.serializer.save.entities.ms,1734277340683000000,1734277400681000000,0
workspaceModel.global.apply.state.to.project.ms,1734277340683000000,1734277400681000000,0
workspaceModel.moduleManagerBridge.load.module.ms,1734277340683000000,1734277400681000000,0
jps.global.initialize.library.bridges.ms,1734277340683000000,1734277400681000000,0
workspaceModel.mutableEntityStorage.remove.entity.ms,1734277340683000000,1734277400681000000,0
workspaceModel.mutableEntityStorage.has.same.entities.ms,1734277340683000000,1734277400681000000,0
workspaceModel.mutableEntityStorage.instances.count,1734277340683000000,1734277400681000000,0
workspaceModel.mutableEntityStorage.add.entity.ms,1734277340683000000,1734277400681000000,0
workspaceModel.delayed.project.synchronizer.sync.ms,1734277340683000000,1734277400681000000,0
workspaceModel.moduleManagerBridge.build.module.graph.ms,1734277340683000000,1734277400681000000,0
workspaceModel.load.cache.from.file.ms,1734277340683000000,1734277400681000000,0
workspaceModel.moduleBridge.update.option.ms,1734277340683000000,1734277400681000000,0
jps.load.project.to.empty.storage.ms,1734277340683000000,1734277400681000000,0
jps.app.storage.content.writer.save.component.ms,1734277340683000000,1734277400681000000,0
workspaceModel.sync.entities.ms,1734277340683000000,1734277400681000000,0
jps.app.storage.content.reader.load.component.ms,1734277340683000000,1734277400681000000,0
jps.module.dependency.index.workspace.model.listener.on.changed.ms,1734277340683000000,1734277400681000000,0
workspaceModel.mutableEntityStorage.mutable.vfurl.index.ms,1734277340683000000,1734277400681000000,0
jps.global.handle.changed.events.ms,1734277340683000000,1734277400681000000,0
jps.facet.change.listener.init.bridge.ms,1734277340683000000,1734277400681000000,0
workspaceModel.mutableEntityStorage.entities.ms,1734277340683000000,1734277400681000000,0
workspaceModel.do.save.caches.ms,1734277340683000000,1734277400681000000,0
jps.artifact.entities.serializer.save.entities.ms,1734277340683000000,1734277400681000000,0
workspaceModel.mutableEntityStorage.resolve.ms,1734277340683000000,1734277400681000000,0
workspaceModel.orphan.listener.update.ms,1734277340683000000,1734277400681000000,0
workspaceModel.moduleManagerBridge.create.module.instance.ms,1734277340683000000,1734277400681000000,0
workspaceModel.moduleManagerBridge.get.modules.ms,1734277340683000000,1734277400681000000,0
jps.facet.change.listener.process.change.events.ms,1734277340683000000,1734277400681000000,0
workspaceModel.mutableEntityStorage.replace.by.source.ms,1734277340683000000,1734277400681000000,0
workspaceModel.save.cache.to.file.ms,1734277340683000000,1734277400681000000,0
workspaceModel.global.apply.state.to.project.builder.ms,1734277340683000000,1734277400681000000,0
jps.facet.change.listener.before.change.events.ms,1734277340683000000,1734277400681000000,0
jps.module.iml.entities.serializer.load.entities.ms,1734277340683000000,1734277400681000000,0
jps.save.global.entities.ms,1734277340683000000,1734277400681000000,0
jps.module.iml.entities.serializer.save.entities.ms,1734277340683000000,1734277400681000000,0
workspaceModel.load.cache.metadata.from.file.ms,1734277340683000000,1734277400681000000,0
workspaceModel.mutableEntityStorage.changeLog.addReplaceEventForNewChild.ms,1734277340683000000,1734277400681000000,0
workspaceModel.mutableEntityStorage.entities.by.source.ms,1734277340683000000,1734277400681000000,0
FlushQueue.queueSize90P,1734277340683000000,1734277400681000000,0
FlushQueue.executionTime90PNs,1734277340683000000,1734277400681000000,0
AWTEventQueue.dispatchTimeMaxNs,1734277340683000000,1734277400681000000,0
NonBlockingReadAction.failedExecutionsCount,1734277340683000000,1734277400681000000,1
AWTEventQueue.eventsDispatched,1734277340683000000,1734277400681000000,0
ReadAction.executionsCount,1734277340683000000,1734277400681000000,278981
FlushQueue.queueSizeAvg,1734277340683000000,1734277400681000000,0.0
FlushQueue.waitingTimeMaxNs,1734277340683000000,1734277400681000000,0
FlushQueue.tasksExecuted,1734277340683000000,1734277400681000000,0
FlushQueue.queueSizeMax,1734277340683000000,1734277400681000000,0
FlushQueue.executionTimeMaxNs,1734277340683000000,1734277400681000000,0
NonBlockingReadAction.finalizedExecutionsCount,1734277340683000000,1734277400681000000,608
WriteAction.executionsCount,1734277340683000000,1734277400681000000,57
FlushQueue.executionTimeAvgNs,1734277340683000000,1734277400681000000,0.0
AWTEventQueue.dispatchTimeTotalNS,1734277340683000000,1734277400681000000,3507589274
NonBlockingReadAction.failedExecutionTimeUs,1734277340683000000,1734277400681000000,1271
NonBlockingReadAction.finalizedExecutionTimeUs,1734277340683000000,1734277400681000000,423033
AWTEventQueue.dispatchTimeAvgNs,1734277340683000000,1734277400681000000,0.0
FlushQueue.waitingTime90PNs,1734277340683000000,1734277400681000000,0
AWTEventQueue.dispatchTime90PNs,1734277340683000000,1734277400681000000,0
FlushQueue.waitingTimeAvgNs,1734277340683000000,1734277400681000000,0.0
workspaceModel.collect.changes.ms,1734277340683000000,1734277400681000000,0
workspaceModel.cachedValue.total.get.count,1734277340683000000,1734277400681000000,7225
workspaceModel.full.replace.project.model.ms,1734277340683000000,1734277400681000000,0
workspaceModel.workspaceFileIndexData.getFileInfo.ms,1734277340683000000,1734277400681000000,25
workspaceModel.loading.total.ms,1734277340683000000,1734277400681000000,0
workspaceModel.updates.ms,1734277340683000000,1734277400681000000,0
workspaceModel.entityStorageSnapshotImpl.instances.count,1734277340683000000,1734277400681000000,0
workspaceModel.loading.from.cache.ms,1734277340683000000,1734277400681000000,0
workspaceModel.workspaceFileIndexData.updateDirtyEntities.ms,1734277340683000000,1734277400681000000,0
workspaceModel.updates.precise.ms,1734277340683000000,1734277400681000000,0
workspaceModel.updates.count,1734277340683000000,1734277400681000000,0
workspaceModel.cachedValue.from.cache.count,1734277340683000000,1734277400681000000,7225
workspaceModel.workspaceFileIndexData.init.ms,1734277340683000000,1734277400681000000,0
workspaceModel.cachedValue.calculated.count,1734277340683000000,1734277400681000000,0
workspaceModel.replace.project.model.ms,1734277340683000000,1734277400681000000,0
workspaceModel.on.before.changed.ms,1734277340683000000,1734277400681000000,0
workspaceModel.update.unloaded.entities.ms,1734277340683000000,1734277400681000000,0
workspaceModel.workspaceFileIndexContributor.registerFileSets.ms,1734277340683000000,1734277400681000000,0
workspaceModel.cachedValueWithParameters.total.get.count,1734277340683000000,1734277400681000000,0
workspaceModel.workspaceFileIndexData.getDirectoriesByPackageName.ms,1734277340683000000,1734277400681000000,0
workspaceModel.cachedValueWithParameters.from.cache.count,1734277340683000000,1734277400681000000,0
workspaceModel.workspaceFileIndexData.getPackageName.ms,1734277340683000000,1734277400681000000,0
workspaceModel.cachedValue.clear.count,1734277340683000000,1734277400681000000,0
workspaceModel.workspaceFileIndexData.onEntitiesChanged.ms,1734277340683000000,1734277400681000000,0
workspaceModel.workspaceFileIndexData.visitFileSets.ms,1734277340683000000,1734277400681000000,0
workspaceModel.cachedValueWithParameters.calculated.count,1734277340683000000,1734277400681000000,0
workspaceModel.workspaceFileIndexData.instances.count,1734277340683000000,1734277400681000000,0
workspaceModel.initializing.ms,1734277340683000000,1734277400681000000,0
workspaceModel.workspaceFileIndexData.processFileSets.ms,1734277340683000000,1734277400681000000,0
workspaceModel.init.bridges.ms,1734277340683000000,1734277400681000000,0
workspaceModel.pre.handlers.ms,1734277340683000000,1734277400681000000,0
workspaceModel.cachedValueWithParameters.clear.count,1734277340683000000,1734277400681000000,0
workspaceModel.on.changed.ms,1734277340683000000,1734277400681000000,0
workspaceModel.workspaceFileIndexData.markDirty.ms,1734277340683000000,1734277400681000000,0
workspaceModel.check.recursive.update.ms,1734277340683000000,1734277400681000000,0
workspaceModel.to.snapshot.ms,1734277340683000000,1734277400681000000,0
FilePageCacheLockFree.totalClosedStoragesReclaimed,1734277340683000000,1734277400681000000,0
DirectByteBufferAllocator.misses,1734277340683000000,1734277400681000000,1
DirectByteBufferAllocator.totalSizeOfBuffersAllocatedInBytes,1734277340683000000,1734277400681000000,172023808
StorageLockContext.competingThreads.90P,1734277340683000000,1734277400681000000,0
StreamlinedBlobStorage.totalLiveRecordsPayloadBytes,1734277340683000000,1734277400681000000,0
FilePageCacheLockFree.heapBytesInUse,1734277340683000000,1734277400681000000,0
StreamlinedBlobStorage.recordsRelocated,1734277340683000000,1734277400681000000,0
FilePageCacheLockFree.totalBytesRead,1734277340683000000,1734277400681000000,0
FilePageCache.capacityInBytes,1734277340683000000,1734277400681000000,503316478
FilePageCacheLockFree.totalNativeBytesAllocated,1734277340683000000,1734277400681000000,0
StreamlinedBlobStorage.recordsAllocated,1734277340683000000,1734277400681000000,0
DirectByteBufferAllocator.totalSizeOfBuffersCachedInBytes,1734277340683000000,1734277400681000000,0
MappedFileStorage.totalTimeSpentOnMappingUs,1734277340683000000,1734277400681000000,26897
FilePageCache.disposedBuffers,1734277340683000000,1734277400681000000,0
FilePageCache.maxCacheSizeInBytes,1734277340683000000,1734277400681000000,172023808
FilePageCache.pageFastCacheHits,1734277340683000000,1734277400681000000,512
FilePageCacheLockFree.totalHeapBytesAllocated,1734277340683000000,1734277400681000000,0
StreamlinedBlobStorage.totalLiveRecordsCapacityBytes,1734277340683000000,1734277400681000000,0
FilePageCacheLockFree.totalPagesHandedOver,1734277340683000000,1734277400681000000,0
FilePageCacheLockFree.totalPagesAllocated,1734277340683000000,1734277400681000000,0
FileChannelInterruptsRetryer.totalRetriedAttempts,1734277340683000000,1734277400681000000,0
FilePageCache.pageHits,1734277340683000000,1734277400681000000,11
StorageLockContext.competingThreads.max,1734277340683000000,1734277400681000000,0
FilePageCacheLockFree.totalPageAllocationsWaited,1734277340683000000,1734277400681000000,0
FilePageCacheLockFree.totalBytesWritten,1734277340683000000,1734277400681000000,0
FilePageCacheLockFree.totalBytesRequested,1734277340683000000,1734277400681000000,0
FilePageCacheLockFree.totalNativeBytesReclaimed,1734277340683000000,1734277400681000000,0
StreamlinedBlobStorage.recordsDeleted,1734277340683000000,1734277400681000000,0
FilePageCacheLockFree.housekeeperTimeSpentMs,1734277340683000000,1734277400681000000,0
FilePageCacheLockFree.totalPagesReclaimed,1734277340683000000,1734277400681000000,0
FilePageCache.totalPageLoadsUs,1734277340683000000,1734277400681000000,284
FilePageCacheLockFree.totalPagesReadMs,1734277340683000000,1734277400681000000,0
StorageLockContext.competingThreads.avg,1734277340683000000,1734277400681000000,0.0
FilePageCache.pageLoadsAboveSizeThreshold,1734277340683000000,1734277400681000000,0
FilePageCacheLockFree.totalPagesRequested,1734277340683000000,1734277400681000000,0
FilePageCache.totalPageDisposalsUs,1734277340683000000,1734277400681000000,3
FilePageCache.pageLoads,1734277340683000000,1734277400681000000,1
FilePageCacheLockFree.housekeeperTurnsDone,1734277340683000000,1734277400681000000,0
FilePageCacheLockFree.totalPagesWriteMs,1734277340683000000,1734277400681000000,0
FilePageCache.maxRegisteredFiles,1734277340683000000,1734277400681000000,262
FilePageCache.uncachedFileAccess,1734277340683000000,1734277400681000000,13
MappedFileStorage.totalBytesMapped,1734277340683000000,1734277400681000000,202637312
DirectByteBufferAllocator.disposed,1734277340683000000,1734277400681000000,0
FilePageCacheLockFree.totalHeapBytesReclaimed,1734277340683000000,1734277400681000000,0
FilePageCacheLockFree.totalPagesRequestsMs,1734277340683000000,1734277400681000000,0
MappedFileStorage.storages,1734277340683000000,1734277400681000000,16
DirectByteBufferAllocator.reclaimed,1734277340683000000,1734277400681000000,0
MappedFileStorage.totalPagesMapped,1734277340683000000,1734277400681000000,16
FilePageCacheLockFree.nativeBytesInUse,1734277340683000000,1734277400681000000,0
FilePageCacheLockFree.totalPagesWritten,1734277340683000000,1734277400681000000,0
FilePageCacheLockFree.housekeeperTurnsSkipped,1734277340683000000,1734277400681000000,0
DirectByteBufferAllocator.hits,1734277340683000000,1734277400681000000,0
Indexes.stubs.lookupDuration90PMs,1734277340683000000,1734277400681000000,0.0
IndexesFlusher.totalFlushingTimeUs,1734277340683000000,1734277400681000000,74532
Indexes.allKeys.lookups,1734277340683000000,1734277400681000000,0
Indexes.stubs.lookupDurationMaxMs,1734277340683000000,1734277400681000000,0.0
Indexes.allKeys.lookupDurationAvgMs,1734277340683000000,1734277400681000000,0.0
Indexes.entries.lookupDuration90PMs,1734277340683000000,1734277400681000000,0.0
Indexes.entries.lookupDurationAvgMs,1734277340683000000,1734277400681000000,0.0
Indexes.stubs.lookups,1734277340683000000,1734277400681000000,55
Indexes.entries.lookups,1734277340683000000,1734277400681000000,89
Indexes.allKeys.lookupDuration90PMs,1734277340683000000,1734277400681000000,0.0
Indexes.allKeys.lookupDurationMaxMs,1734277340683000000,1734277400681000000,0.0
Indexes.stubs.lookupDurationAvgMs,1734277340683000000,1734277400681000000,0.0
Indexes.entries.lookupDurationMaxMs,1734277340683000000,1734277400681000000,0.0
IndexesFlusher.totalFlushes,1734277340683000000,1734277400681000000,60
IndexesFlusher.totalFlushesRetried,1734277340683000000,1734277400681000000,0
IndexesFlusher.totalContentionQuotaSpent,1734277340683000000,1734277400681000000,0
cacheStateStorage.set.counter,1734277340683000000,1734277400681000000,0
cacheStateStorage.set.duration,1734277340683000000,1734277400681000000,0
cacheStateStorage.get.duration,1734277340683000000,1734277400681000000,8
cacheStateStorage.get.counter,1734277340683000000,1734277400681000000,3
JVM.newThreadsCount,1734277400681000000,1734277460682000000,0
JVM.threadCount,1734277400681000000,1734277460682000000,63
JVM.usedHeapBytes,1734277400681000000,1734277460682000000,1060634624
JVM.totalCpuTimeMs,1734277400681000000,1734277460682000000,23260
JVM.totalDirectByteBuffersBytes,1734277400681000000,1734277460682000000,174745723
JVM.usedNativeBytes,1734277400681000000,1734277460682000000,463813760
JVM.totalTimeAtSafepointsMs,1734277400681000000,1734277460682000000,222
JVM.totalTimeToSafepointsMs,1734277400681000000,1734277460682000000,1
JVM.totalSafepointCount,1734277400681000000,1734277460682000000,44
JVM.GC.collections,1734277400681000000,1734277460682000000,6
JVM.maxHeapBytes,1734277400681000000,1734277460682000000,2147483648
JVM.maxThreadCount,1734277400681000000,1734277460682000000,109
OS.loadAverage,1734277400681000000,1734277460682000000,0.876953125
JVM.GC.collectionTimesMs,1734277400681000000,1734277460682000000,217
JVM.totalBytesAllocated,1734277400681000000,1734277460682000000,1492185304
FileNameCache.totalMisses,1734277400681000000,1734277460682000000,0
VFS.invertedFileNameIndex.requests,1734277400681000000,1734277460682000000,0
VFS.contentStorage.recordsStored,1734277400681000000,1734277460682000000,3
VFS.contentStorage.recordsRead,1734277400681000000,1734277460682000000,59
VFS.contentStorage.recordsDeduplicated,1734277400681000000,1734277460682000000,0
VFS.fileByIdCache.misses,1734277400681000000,1734277460682000000,140
VFS.fileChildByName,1734277400681000000,1734277460682000000,28553
VFS.fileByIdCache.hits,1734277400681000000,1734277460682000000,0
VFS.contentStorage.recordsStoredCompressed,1734277400681000000,1734277460682000000,0
VFS.contentStorage.recordsUncompressedSize,1734277400681000000,1734277460682000000,6347
VFS.contentStorage.recordsReadDecompressed,1734277400681000000,1734277460682000000,0
VFS.contentStorage.recordsDecompressionTimeUs,1734277400681000000,1734277460682000000,0
FileNameCache.queries,1734277400681000000,1734277460682000000,276096
VFS.contentStorage.recordsReadSize,1734277400681000000,1734277460682000000,103466
VFS.contentStorage.recordsStoredSize,1734277400681000000,1734277460682000000,6347
lexer.Python.size.bytes,1734277400681000000,1734277460682000000,97817
writeAction.count,1734277400681000000,1734277460682000000,28
parser.Python.time.ns,1734277400681000000,1734277460682000000,93868275
writeAction.median.wait.ms,1734277400681000000,1734277460682000000,0
parser.Python.size.bytes,1734277400681000000,1734277460682000000,97817
writeAction.max.wait.ms,1734277400681000000,1734277460682000000,26
lexer.Python.time.ns,1734277400681000000,1734277460682000000,29871002
writeAction.wait.ms,1734277400681000000,1734277460682000000,2
workspaceModel.mutableEntityStorage.collect.changes.ms,1734277400681000000,1734277460682000000,0
workspaceModel.mutableEntityStorage.apply.changes.from.ms,1734277400681000000,1734277460682000000,0
workspaceModel.mutableEntityStorage.modify.entity.ms,1734277400681000000,1734277460682000000,0
jps.global.handle.before.change.events.ms,1734277400681000000,1734277460682000000,0
workspaceModel.moduleManagerBridge.load.all.modules.ms,1734277400681000000,1734277460682000000,0
workspaceModel.mutableEntityStorage.changeLog.addReplaceEventForRemovedParent.ms,1734277400681000000,1734277460682000000,0
workspaceModel.moduleManagerBridge.newModule.ms,1734277400681000000,1734277460682000000,0
workspaceModel.mutableEntityStorage.mutable.ext.mapping.ms,1734277400681000000,1734277460682000000,0
jps.global.get.library.ms,1734277400681000000,1734277460682000000,0
workspaceModel.mutableEntityStorage.referrers.ms,1734277400681000000,1734277460682000000,0
workspaceModel.moduleBridge.facet.initialization.ms,1734277400681000000,1734277460682000000,0
jps.artifact.entities.serializer.load.entities.ms,1734277400681000000,1734277460682000000,0
workspaceModel.mutableEntityStorage.changeLog.addReplaceEventForRemovedChild.ms,1734277400681000000,1734277460682000000,0
workspaceModel.global.updates.count,1734277400681000000,1734277460682000000,0
jps.apply.loaded.storage.ms,1734277400681000000,1734277460682000000,0
workspaceModel.mutableEntityStorage.changeLog.addReplaceEventForNewParent.ms,1734277400681000000,1734277460682000000,0
jps.global.get.libraries.ms,1734277400681000000,1734277460682000000,0
jps.reload.project.entities.ms,1734277400681000000,1734277460682000000,0
workspaceModel.mutableEntityStorage.to.snapshot.ms,1734277400681000000,1734277460682000000,0
workspaceModel.global.updates.ms,1734277400681000000,1734277460682000000,0
workspaceModel.moduleManagerBridge.new.nonPersistent.module.ms,1734277400681000000,1734277460682000000,0
jps.project.serializers.load.ms,1734277400681000000,1734277460682000000,0
workspaceModel.moduleBridge.before.changed.ms,1734277400681000000,1734277460682000000,0
jps.global.get.library.by.name.ms,1734277400681000000,1734277460682000000,0
jps.save.changed.project.entities.ms,1734277400681000000,1734277460682000000,0
jps.global.initialize.library.bridges.after.loading.ms,1734277400681000000,1734277460682000000,0
jps.library.entities.serializer.load.entities.ms,1734277400681000000,1734277460682000000,0
workspaceModel.moduleManagerBridge.set.unloadedModules.ms,1734277400681000000,1734277460682000000,0
workspaceModel.moduleBridgeLoader.loading.modules.ms,1734277400681000000,1734277460682000000,0
jps.project.serializers.save.ms,1734277400681000000,1734277460682000000,0
workspaceModel.mutableEntityStorage.put.entity.ms,1734277400681000000,1734277460682000000,0
jps.load.initial.state.ms,1734277400681000000,1734277460682000000,0
jps.storage.jps.conf.reader.load.component.ms,1734277400681000000,1734277460682000000,0
jps.library.entities.serializer.save.entities.ms,1734277400681000000,1734277460682000000,0
workspaceModel.global.apply.state.to.project.ms,1734277400681000000,1734277460682000000,0
workspaceModel.moduleManagerBridge.load.module.ms,1734277400681000000,1734277460682000000,0
jps.global.initialize.library.bridges.ms,1734277400681000000,1734277460682000000,0
workspaceModel.mutableEntityStorage.remove.entity.ms,1734277400681000000,1734277460682000000,0
workspaceModel.mutableEntityStorage.has.same.entities.ms,1734277400681000000,1734277460682000000,0
workspaceModel.mutableEntityStorage.instances.count,1734277400681000000,1734277460682000000,0
workspaceModel.mutableEntityStorage.add.entity.ms,1734277400681000000,1734277460682000000,0
workspaceModel.delayed.project.synchronizer.sync.ms,1734277400681000000,1734277460682000000,0
workspaceModel.moduleManagerBridge.build.module.graph.ms,1734277400681000000,1734277460682000000,0
workspaceModel.load.cache.from.file.ms,1734277400681000000,1734277460682000000,0
workspaceModel.moduleBridge.update.option.ms,1734277400681000000,1734277460682000000,0
jps.load.project.to.empty.storage.ms,1734277400681000000,1734277460682000000,0
jps.app.storage.content.writer.save.component.ms,1734277400681000000,1734277460682000000,1
workspaceModel.sync.entities.ms,1734277400681000000,1734277460682000000,0
jps.app.storage.content.reader.load.component.ms,1734277400681000000,1734277460682000000,0
jps.module.dependency.index.workspace.model.listener.on.changed.ms,1734277400681000000,1734277460682000000,0
workspaceModel.mutableEntityStorage.mutable.vfurl.index.ms,1734277400681000000,1734277460682000000,0
jps.global.handle.changed.events.ms,1734277400681000000,1734277460682000000,0
jps.facet.change.listener.init.bridge.ms,1734277400681000000,1734277460682000000,0
workspaceModel.mutableEntityStorage.entities.ms,1734277400681000000,1734277460682000000,0
workspaceModel.do.save.caches.ms,1734277400681000000,1734277460682000000,0
jps.artifact.entities.serializer.save.entities.ms,1734277400681000000,1734277460682000000,0
workspaceModel.mutableEntityStorage.resolve.ms,1734277400681000000,1734277460682000000,0
workspaceModel.orphan.listener.update.ms,1734277400681000000,1734277460682000000,0
workspaceModel.moduleManagerBridge.create.module.instance.ms,1734277400681000000,1734277460682000000,0
workspaceModel.moduleManagerBridge.get.modules.ms,1734277400681000000,1734277460682000000,0
jps.facet.change.listener.process.change.events.ms,1734277400681000000,1734277460682000000,0
workspaceModel.mutableEntityStorage.replace.by.source.ms,1734277400681000000,1734277460682000000,0
workspaceModel.save.cache.to.file.ms,1734277400681000000,1734277460682000000,0
workspaceModel.global.apply.state.to.project.builder.ms,1734277400681000000,1734277460682000000,0
jps.facet.change.listener.before.change.events.ms,1734277400681000000,1734277460682000000,0
jps.module.iml.entities.serializer.load.entities.ms,1734277400681000000,1734277460682000000,0
jps.save.global.entities.ms,1734277400681000000,1734277460682000000,2
jps.module.iml.entities.serializer.save.entities.ms,1734277400681000000,1734277460682000000,0
workspaceModel.load.cache.metadata.from.file.ms,1734277400681000000,1734277460682000000,0
workspaceModel.mutableEntityStorage.changeLog.addReplaceEventForNewChild.ms,1734277400681000000,1734277460682000000,0
workspaceModel.mutableEntityStorage.entities.by.source.ms,1734277400681000000,1734277460682000000,0
FlushQueue.queueSize90P,1734277400681000000,1734277460682000000,0
FlushQueue.executionTime90PNs,1734277400681000000,1734277460682000000,12735
AWTEventQueue.dispatchTimeMaxNs,1734277400681000000,1734277460682000000,94207
NonBlockingReadAction.failedExecutionsCount,1734277400681000000,1734277460682000000,0
AWTEventQueue.eventsDispatched,1734277400681000000,1734277460682000000,1
ReadAction.executionsCount,1734277400681000000,1734277460682000000,144242
FlushQueue.queueSizeAvg,1734277400681000000,1734277460682000000,0.0
FlushQueue.waitingTimeMaxNs,1734277400681000000,1734277460682000000,157695
FlushQueue.tasksExecuted,1734277400681000000,1734277460682000000,1
FlushQueue.queueSizeMax,1734277400681000000,1734277460682000000,0
FlushQueue.executionTimeMaxNs,1734277400681000000,1734277460682000000,12735
NonBlockingReadAction.finalizedExecutionsCount,1734277400681000000,1734277460682000000,841
WriteAction.executionsCount,1734277400681000000,1734277460682000000,28
FlushQueue.executionTimeAvgNs,1734277400681000000,1734277460682000000,12704.0
AWTEventQueue.dispatchTimeTotalNS,1734277400681000000,1734277460682000000,2992607565
NonBlockingReadAction.failedExecutionTimeUs,1734277400681000000,1734277460682000000,0
NonBlockingReadAction.finalizedExecutionTimeUs,1734277400681000000,1734277460682000000,211783
AWTEventQueue.dispatchTimeAvgNs,1734277400681000000,1734277460682000000,93952.0
FlushQueue.waitingTime90PNs,1734277400681000000,1734277460682000000,157695
AWTEventQueue.dispatchTime90PNs,1734277400681000000,1734277460682000000,94207
FlushQueue.waitingTimeAvgNs,1734277400681000000,1734277460682000000,157184.0
workspaceModel.collect.changes.ms,1734277400681000000,1734277460682000000,0
workspaceModel.cachedValue.total.get.count,1734277400681000000,1734277460682000000,11782
workspaceModel.full.replace.project.model.ms,1734277400681000000,1734277460682000000,0
workspaceModel.workspaceFileIndexData.getFileInfo.ms,1734277400681000000,1734277460682000000,35
workspaceModel.loading.total.ms,1734277400681000000,1734277460682000000,0
workspaceModel.updates.ms,1734277400681000000,1734277460682000000,0
workspaceModel.entityStorageSnapshotImpl.instances.count,1734277400681000000,1734277460682000000,0
workspaceModel.loading.from.cache.ms,1734277400681000000,1734277460682000000,0
workspaceModel.workspaceFileIndexData.updateDirtyEntities.ms,1734277400681000000,1734277460682000000,0
workspaceModel.updates.precise.ms,1734277400681000000,1734277460682000000,0
workspaceModel.updates.count,1734277400681000000,1734277460682000000,0
workspaceModel.cachedValue.from.cache.count,1734277400681000000,1734277460682000000,11782
workspaceModel.workspaceFileIndexData.init.ms,1734277400681000000,1734277460682000000,0
workspaceModel.cachedValue.calculated.count,1734277400681000000,1734277460682000000,0
workspaceModel.replace.project.model.ms,1734277400681000000,1734277460682000000,0
workspaceModel.on.before.changed.ms,1734277400681000000,1734277460682000000,0
workspaceModel.update.unloaded.entities.ms,1734277400681000000,1734277460682000000,0
workspaceModel.workspaceFileIndexContributor.registerFileSets.ms,1734277400681000000,1734277460682000000,0
workspaceModel.cachedValueWithParameters.total.get.count,1734277400681000000,1734277460682000000,0
workspaceModel.workspaceFileIndexData.getDirectoriesByPackageName.ms,1734277400681000000,1734277460682000000,0
workspaceModel.cachedValueWithParameters.from.cache.count,1734277400681000000,1734277460682000000,0
workspaceModel.workspaceFileIndexData.getPackageName.ms,1734277400681000000,1734277460682000000,0
workspaceModel.cachedValue.clear.count,1734277400681000000,1734277460682000000,0
workspaceModel.workspaceFileIndexData.onEntitiesChanged.ms,1734277400681000000,1734277460682000000,0
workspaceModel.workspaceFileIndexData.visitFileSets.ms,1734277400681000000,1734277460682000000,0
workspaceModel.cachedValueWithParameters.calculated.count,1734277400681000000,1734277460682000000,0
workspaceModel.workspaceFileIndexData.instances.count,1734277400681000000,1734277460682000000,0
workspaceModel.initializing.ms,1734277400681000000,1734277460682000000,0
workspaceModel.workspaceFileIndexData.processFileSets.ms,1734277400681000000,1734277460682000000,0
workspaceModel.init.bridges.ms,1734277400681000000,1734277460682000000,0
workspaceModel.pre.handlers.ms,1734277400681000000,1734277460682000000,0
workspaceModel.cachedValueWithParameters.clear.count,1734277400681000000,1734277460682000000,0
workspaceModel.on.changed.ms,1734277400681000000,1734277460682000000,0
workspaceModel.workspaceFileIndexData.markDirty.ms,1734277400681000000,1734277460682000000,0
workspaceModel.check.recursive.update.ms,1734277400681000000,1734277460682000000,0
workspaceModel.to.snapshot.ms,1734277400681000000,1734277460682000000,0
FilePageCacheLockFree.totalClosedStoragesReclaimed,1734277400681000000,1734277460682000000,0
DirectByteBufferAllocator.misses,1734277400681000000,1734277460682000000,0
DirectByteBufferAllocator.totalSizeOfBuffersAllocatedInBytes,1734277400681000000,1734277460682000000,172023808
StorageLockContext.competingThreads.90P,1734277400681000000,1734277460682000000,0
StreamlinedBlobStorage.totalLiveRecordsPayloadBytes,1734277400681000000,1734277460682000000,0
FilePageCacheLockFree.heapBytesInUse,1734277400681000000,1734277460682000000,0
StreamlinedBlobStorage.recordsRelocated,1734277400681000000,1734277460682000000,0
FilePageCacheLockFree.totalBytesRead,1734277400681000000,1734277460682000000,0
FilePageCache.capacityInBytes,1734277400681000000,1734277460682000000,503316478
FilePageCacheLockFree.totalNativeBytesAllocated,1734277400681000000,1734277460682000000,0
StreamlinedBlobStorage.recordsAllocated,1734277400681000000,1734277460682000000,0
DirectByteBufferAllocator.totalSizeOfBuffersCachedInBytes,1734277400681000000,1734277460682000000,0
MappedFileStorage.totalTimeSpentOnMappingUs,1734277400681000000,1734277460682000000,26897
FilePageCache.disposedBuffers,1734277400681000000,1734277460682000000,0
FilePageCache.maxCacheSizeInBytes,1734277400681000000,1734277460682000000,172023808
FilePageCache.pageFastCacheHits,1734277400681000000,1734277460682000000,481
FilePageCacheLockFree.totalHeapBytesAllocated,1734277400681000000,1734277460682000000,0
StreamlinedBlobStorage.totalLiveRecordsCapacityBytes,1734277400681000000,1734277460682000000,0
FilePageCacheLockFree.totalPagesHandedOver,1734277400681000000,1734277460682000000,0
FilePageCacheLockFree.totalPagesAllocated,1734277400681000000,1734277460682000000,0
FileChannelInterruptsRetryer.totalRetriedAttempts,1734277400681000000,1734277460682000000,0
FilePageCache.pageHits,1734277400681000000,1734277460682000000,14
StorageLockContext.competingThreads.max,1734277400681000000,1734277460682000000,0
FilePageCacheLockFree.totalPageAllocationsWaited,1734277400681000000,1734277460682000000,0
FilePageCacheLockFree.totalBytesWritten,1734277400681000000,1734277460682000000,0
FilePageCacheLockFree.totalBytesRequested,1734277400681000000,1734277460682000000,0
FilePageCacheLockFree.totalNativeBytesReclaimed,1734277400681000000,1734277460682000000,0
StreamlinedBlobStorage.recordsDeleted,1734277400681000000,1734277460682000000,0
FilePageCacheLockFree.housekeeperTimeSpentMs,1734277400681000000,1734277460682000000,0
FilePageCacheLockFree.totalPagesReclaimed,1734277400681000000,1734277460682000000,0
FilePageCache.totalPageLoadsUs,1734277400681000000,1734277460682000000,0
FilePageCacheLockFree.totalPagesReadMs,1734277400681000000,1734277460682000000,0
StorageLockContext.competingThreads.avg,1734277400681000000,1734277460682000000,0.0
FilePageCache.pageLoadsAboveSizeThreshold,1734277400681000000,1734277460682000000,0
FilePageCacheLockFree.totalPagesRequested,1734277400681000000,1734277460682000000,0
FilePageCache.totalPageDisposalsUs,1734277400681000000,1734277460682000000,0
FilePageCache.pageLoads,1734277400681000000,1734277460682000000,0
FilePageCacheLockFree.housekeeperTurnsDone,1734277400681000000,1734277460682000000,0
FilePageCacheLockFree.totalPagesWriteMs,1734277400681000000,1734277460682000000,0
FilePageCache.maxRegisteredFiles,1734277400681000000,1734277460682000000,262
FilePageCache.uncachedFileAccess,1734277400681000000,1734277460682000000,19
MappedFileStorage.totalBytesMapped,1734277400681000000,1734277460682000000,202637312
DirectByteBufferAllocator.disposed,1734277400681000000,1734277460682000000,0
FilePageCacheLockFree.totalHeapBytesReclaimed,1734277400681000000,1734277460682000000,0
FilePageCacheLockFree.totalPagesRequestsMs,1734277400681000000,1734277460682000000,0
MappedFileStorage.storages,1734277400681000000,1734277460682000000,16
DirectByteBufferAllocator.reclaimed,1734277400681000000,1734277460682000000,0
MappedFileStorage.totalPagesMapped,1734277400681000000,1734277460682000000,16
FilePageCacheLockFree.nativeBytesInUse,1734277400681000000,1734277460682000000,0
FilePageCacheLockFree.totalPagesWritten,1734277400681000000,1734277460682000000,0
FilePageCacheLockFree.housekeeperTurnsSkipped,1734277400681000000,1734277460682000000,0
DirectByteBufferAllocator.hits,1734277400681000000,1734277460682000000,0
Indexes.stubs.lookupDuration90PMs,1734277400681000000,1734277460682000000,0.0
IndexesFlusher.totalFlushingTimeUs,1734277400681000000,1734277460682000000,71088
Indexes.allKeys.lookups,1734277400681000000,1734277460682000000,0
Indexes.stubs.lookupDurationMaxMs,1734277400681000000,1734277460682000000,0.0
Indexes.allKeys.lookupDurationAvgMs,1734277400681000000,1734277460682000000,0.0
Indexes.entries.lookupDuration90PMs,1734277400681000000,1734277460682000000,0.0
Indexes.entries.lookupDurationAvgMs,1734277400681000000,1734277460682000000,0.0
Indexes.stubs.lookups,1734277400681000000,1734277460682000000,32
Indexes.entries.lookups,1734277400681000000,1734277460682000000,68
Indexes.allKeys.lookupDuration90PMs,1734277400681000000,1734277460682000000,0.0
Indexes.allKeys.lookupDurationMaxMs,1734277400681000000,1734277460682000000,0.0
Indexes.stubs.lookupDurationAvgMs,1734277400681000000,1734277460682000000,0.0
Indexes.entries.lookupDurationMaxMs,1734277400681000000,1734277460682000000,0.0
IndexesFlusher.totalFlushes,1734277400681000000,1734277460682000000,59
IndexesFlusher.totalFlushesRetried,1734277400681000000,1734277460682000000,0
IndexesFlusher.totalContentionQuotaSpent,1734277400681000000,1734277460682000000,0
cacheStateStorage.set.counter,1734277400681000000,1734277460682000000,0
cacheStateStorage.set.duration,1734277400681000000,1734277460682000000,0
cacheStateStorage.get.duration,1734277400681000000,1734277460682000000,40
cacheStateStorage.get.counter,1734277400681000000,1734277460682000000,14
JVM.newThreadsCount,1734277460682000000,1734277520679000000,0
JVM.threadCount,1734277460682000000,1734277520679000000,57
JVM.usedHeapBytes,1734277460682000000,1734277520679000000,1123549184
JVM.totalCpuTimeMs,1734277460682000000,1734277520679000000,3480
JVM.totalDirectByteBuffersBytes,1734277460682000000,1734277520679000000,174728540
JVM.usedNativeBytes,1734277460682000000,1734277520679000000,464727072
JVM.totalTimeAtSafepointsMs,1734277460682000000,1734277520679000000,0
JVM.totalTimeToSafepointsMs,1734277460682000000,1734277520679000000,1
JVM.totalSafepointCount,1734277460682000000,1734277520679000000,5
JVM.GC.collections,1734277460682000000,1734277520679000000,0
JVM.maxHeapBytes,1734277460682000000,1734277520679000000,2147483648
JVM.maxThreadCount,1734277460682000000,1734277520679000000,109
OS.loadAverage,1734277460682000000,1734277520679000000,0.63525390625
JVM.GC.collectionTimesMs,1734277460682000000,1734277520679000000,0
JVM.totalBytesAllocated,1734277460682000000,1734277520679000000,61682792
FileNameCache.totalMisses,1734277460682000000,1734277520679000000,0
VFS.invertedFileNameIndex.requests,1734277460682000000,1734277520679000000,0
VFS.contentStorage.recordsStored,1734277460682000000,1734277520679000000,0
VFS.contentStorage.recordsRead,1734277460682000000,1734277520679000000,0
VFS.contentStorage.recordsDeduplicated,1734277460682000000,1734277520679000000,0
VFS.fileByIdCache.misses,1734277460682000000,1734277520679000000,0
VFS.fileChildByName,1734277460682000000,1734277520679000000,1600
VFS.fileByIdCache.hits,1734277460682000000,1734277520679000000,0
VFS.contentStorage.recordsStoredCompressed,1734277460682000000,1734277520679000000,0
VFS.contentStorage.recordsUncompressedSize,1734277460682000000,1734277520679000000,0
VFS.contentStorage.recordsReadDecompressed,1734277460682000000,1734277520679000000,0
VFS.contentStorage.recordsDecompressionTimeUs,1734277460682000000,1734277520679000000,0
FileNameCache.queries,1734277460682000000,1734277520679000000,3328
VFS.contentStorage.recordsReadSize,1734277460682000000,1734277520679000000,0
VFS.contentStorage.recordsStoredSize,1734277460682000000,1734277520679000000,0
writeAction.count,1734277460682000000,1734277520679000000,0
writeAction.median.wait.ms,1734277460682000000,1734277520679000000,0
writeAction.max.wait.ms,1734277460682000000,1734277520679000000,26
writeAction.wait.ms,1734277460682000000,1734277520679000000,0
workspaceModel.mutableEntityStorage.collect.changes.ms,1734277460682000000,1734277520679000000,0
workspaceModel.mutableEntityStorage.apply.changes.from.ms,1734277460682000000,1734277520679000000,0
workspaceModel.mutableEntityStorage.modify.entity.ms,1734277460682000000,1734277520679000000,0
jps.global.handle.before.change.events.ms,1734277460682000000,1734277520679000000,0
workspaceModel.moduleManagerBridge.load.all.modules.ms,1734277460682000000,1734277520679000000,0
workspaceModel.mutableEntityStorage.changeLog.addReplaceEventForRemovedParent.ms,1734277460682000000,1734277520679000000,0
workspaceModel.moduleManagerBridge.newModule.ms,1734277460682000000,1734277520679000000,0
workspaceModel.mutableEntityStorage.mutable.ext.mapping.ms,1734277460682000000,1734277520679000000,0
jps.global.get.library.ms,1734277460682000000,1734277520679000000,0
workspaceModel.mutableEntityStorage.referrers.ms,1734277460682000000,1734277520679000000,0
workspaceModel.moduleBridge.facet.initialization.ms,1734277460682000000,1734277520679000000,0
jps.artifact.entities.serializer.load.entities.ms,1734277460682000000,1734277520679000000,0
workspaceModel.mutableEntityStorage.changeLog.addReplaceEventForRemovedChild.ms,1734277460682000000,1734277520679000000,0
workspaceModel.global.updates.count,1734277460682000000,1734277520679000000,0
jps.apply.loaded.storage.ms,1734277460682000000,1734277520679000000,0
workspaceModel.mutableEntityStorage.changeLog.addReplaceEventForNewParent.ms,1734277460682000000,1734277520679000000,0
jps.global.get.libraries.ms,1734277460682000000,1734277520679000000,0
jps.reload.project.entities.ms,1734277460682000000,1734277520679000000,0
workspaceModel.mutableEntityStorage.to.snapshot.ms,1734277460682000000,1734277520679000000,0
workspaceModel.global.updates.ms,1734277460682000000,1734277520679000000,0
workspaceModel.moduleManagerBridge.new.nonPersistent.module.ms,1734277460682000000,1734277520679000000,0
jps.project.serializers.load.ms,1734277460682000000,1734277520679000000,0
workspaceModel.moduleBridge.before.changed.ms,1734277460682000000,1734277520679000000,0
jps.global.get.library.by.name.ms,1734277460682000000,1734277520679000000,0
jps.save.changed.project.entities.ms,1734277460682000000,1734277520679000000,0
jps.global.initialize.library.bridges.after.loading.ms,1734277460682000000,1734277520679000000,0
jps.library.entities.serializer.load.entities.ms,1734277460682000000,1734277520679000000,0
workspaceModel.moduleManagerBridge.set.unloadedModules.ms,1734277460682000000,1734277520679000000,0
workspaceModel.moduleBridgeLoader.loading.modules.ms,1734277460682000000,1734277520679000000,0
jps.project.serializers.save.ms,1734277460682000000,1734277520679000000,0
workspaceModel.mutableEntityStorage.put.entity.ms,1734277460682000000,1734277520679000000,0
jps.load.initial.state.ms,1734277460682000000,1734277520679000000,0
jps.storage.jps.conf.reader.load.component.ms,1734277460682000000,1734277520679000000,0
jps.library.entities.serializer.save.entities.ms,1734277460682000000,1734277520679000000,0
workspaceModel.global.apply.state.to.project.ms,1734277460682000000,1734277520679000000,0
workspaceModel.moduleManagerBridge.load.module.ms,1734277460682000000,1734277520679000000,0
jps.global.initialize.library.bridges.ms,1734277460682000000,1734277520679000000,0
workspaceModel.mutableEntityStorage.remove.entity.ms,1734277460682000000,1734277520679000000,0
workspaceModel.mutableEntityStorage.has.same.entities.ms,1734277460682000000,1734277520679000000,0
workspaceModel.mutableEntityStorage.instances.count,1734277460682000000,1734277520679000000,0
workspaceModel.mutableEntityStorage.add.entity.ms,1734277460682000000,1734277520679000000,0
workspaceModel.delayed.project.synchronizer.sync.ms,1734277460682000000,1734277520679000000,0
workspaceModel.moduleManagerBridge.build.module.graph.ms,1734277460682000000,1734277520679000000,0
workspaceModel.load.cache.from.file.ms,1734277460682000000,1734277520679000000,0
workspaceModel.moduleBridge.update.option.ms,1734277460682000000,1734277520679000000,0
jps.load.project.to.empty.storage.ms,1734277460682000000,1734277520679000000,0
jps.app.storage.content.writer.save.component.ms,1734277460682000000,1734277520679000000,0
workspaceModel.sync.entities.ms,1734277460682000000,1734277520679000000,0
jps.app.storage.content.reader.load.component.ms,1734277460682000000,1734277520679000000,0
jps.module.dependency.index.workspace.model.listener.on.changed.ms,1734277460682000000,1734277520679000000,0
workspaceModel.mutableEntityStorage.mutable.vfurl.index.ms,1734277460682000000,1734277520679000000,0
jps.global.handle.changed.events.ms,1734277460682000000,1734277520679000000,0
jps.facet.change.listener.init.bridge.ms,1734277460682000000,1734277520679000000,0
workspaceModel.mutableEntityStorage.entities.ms,1734277460682000000,1734277520679000000,0
workspaceModel.do.save.caches.ms,1734277460682000000,1734277520679000000,0
jps.artifact.entities.serializer.save.entities.ms,1734277460682000000,1734277520679000000,0
workspaceModel.mutableEntityStorage.resolve.ms,1734277460682000000,1734277520679000000,0
workspaceModel.orphan.listener.update.ms,1734277460682000000,1734277520679000000,0
workspaceModel.moduleManagerBridge.create.module.instance.ms,1734277460682000000,1734277520679000000,0
workspaceModel.moduleManagerBridge.get.modules.ms,1734277460682000000,1734277520679000000,0
jps.facet.change.listener.process.change.events.ms,1734277460682000000,1734277520679000000,0
workspaceModel.mutableEntityStorage.replace.by.source.ms,1734277460682000000,1734277520679000000,0
workspaceModel.save.cache.to.file.ms,1734277460682000000,1734277520679000000,0
workspaceModel.global.apply.state.to.project.builder.ms,1734277460682000000,1734277520679000000,0
jps.facet.change.listener.before.change.events.ms,1734277460682000000,1734277520679000000,0
jps.module.iml.entities.serializer.load.entities.ms,1734277460682000000,1734277520679000000,0
jps.save.global.entities.ms,1734277460682000000,1734277520679000000,0
jps.module.iml.entities.serializer.save.entities.ms,1734277460682000000,1734277520679000000,0
workspaceModel.load.cache.metadata.from.file.ms,1734277460682000000,1734277520679000000,0
workspaceModel.mutableEntityStorage.changeLog.addReplaceEventForNewChild.ms,1734277460682000000,1734277520679000000,0
workspaceModel.mutableEntityStorage.entities.by.source.ms,1734277460682000000,1734277520679000000,0
FlushQueue.queueSize90P,1734277460682000000,1734277520679000000,0
FlushQueue.executionTime90PNs,1734277460682000000,1734277520679000000,0
AWTEventQueue.dispatchTimeMaxNs,1734277460682000000,1734277520679000000,0
NonBlockingReadAction.failedExecutionsCount,1734277460682000000,1734277520679000000,0
AWTEventQueue.eventsDispatched,1734277460682000000,1734277520679000000,0
ReadAction.executionsCount,1734277460682000000,1734277520679000000,26408
FlushQueue.queueSizeAvg,1734277460682000000,1734277520679000000,0.0
FlushQueue.waitingTimeMaxNs,1734277460682000000,1734277520679000000,0
FlushQueue.tasksExecuted,1734277460682000000,1734277520679000000,0
FlushQueue.queueSizeMax,1734277460682000000,1734277520679000000,0
FlushQueue.executionTimeMaxNs,1734277460682000000,1734277520679000000,0
NonBlockingReadAction.finalizedExecutionsCount,1734277460682000000,1734277520679000000,2
WriteAction.executionsCount,1734277460682000000,1734277520679000000,0
FlushQueue.executionTimeAvgNs,1734277460682000000,1734277520679000000,0.0
AWTEventQueue.dispatchTimeTotalNS,1734277460682000000,1734277520679000000,23620793
NonBlockingReadAction.failedExecutionTimeUs,1734277460682000000,1734277520679000000,0
NonBlockingReadAction.finalizedExecutionTimeUs,1734277460682000000,1734277520679000000,1195
AWTEventQueue.dispatchTimeAvgNs,1734277460682000000,1734277520679000000,0.0
FlushQueue.waitingTime90PNs,1734277460682000000,1734277520679000000,0
AWTEventQueue.dispatchTime90PNs,1734277460682000000,1734277520679000000,0
FlushQueue.waitingTimeAvgNs,1734277460682000000,1734277520679000000,0.0
workspaceModel.collect.changes.ms,1734277460682000000,1734277520679000000,0
workspaceModel.cachedValue.total.get.count,1734277460682000000,1734277520679000000,1
workspaceModel.full.replace.project.model.ms,1734277460682000000,1734277520679000000,0
workspaceModel.workspaceFileIndexData.getFileInfo.ms,1734277460682000000,1734277520679000000,2
workspaceModel.loading.total.ms,1734277460682000000,1734277520679000000,0
workspaceModel.updates.ms,1734277460682000000,1734277520679000000,0
workspaceModel.entityStorageSnapshotImpl.instances.count,1734277460682000000,1734277520679000000,0
workspaceModel.loading.from.cache.ms,1734277460682000000,1734277520679000000,0
workspaceModel.workspaceFileIndexData.updateDirtyEntities.ms,1734277460682000000,1734277520679000000,0
workspaceModel.updates.precise.ms,1734277460682000000,1734277520679000000,0
workspaceModel.updates.count,1734277460682000000,1734277520679000000,0
workspaceModel.cachedValue.from.cache.count,1734277460682000000,1734277520679000000,1
workspaceModel.workspaceFileIndexData.init.ms,1734277460682000000,1734277520679000000,0
workspaceModel.cachedValue.calculated.count,1734277460682000000,1734277520679000000,0
workspaceModel.replace.project.model.ms,1734277460682000000,1734277520679000000,0
workspaceModel.on.before.changed.ms,1734277460682000000,1734277520679000000,0
workspaceModel.update.unloaded.entities.ms,1734277460682000000,1734277520679000000,0
workspaceModel.workspaceFileIndexContributor.registerFileSets.ms,1734277460682000000,1734277520679000000,0
workspaceModel.cachedValueWithParameters.total.get.count,1734277460682000000,1734277520679000000,0
workspaceModel.workspaceFileIndexData.getDirectoriesByPackageName.ms,1734277460682000000,1734277520679000000,0
workspaceModel.cachedValueWithParameters.from.cache.count,1734277460682000000,1734277520679000000,0
workspaceModel.workspaceFileIndexData.getPackageName.ms,1734277460682000000,1734277520679000000,0
workspaceModel.cachedValue.clear.count,1734277460682000000,1734277520679000000,0
workspaceModel.workspaceFileIndexData.onEntitiesChanged.ms,1734277460682000000,1734277520679000000,0
workspaceModel.workspaceFileIndexData.visitFileSets.ms,1734277460682000000,1734277520679000000,0
workspaceModel.cachedValueWithParameters.calculated.count,1734277460682000000,1734277520679000000,0
workspaceModel.workspaceFileIndexData.instances.count,1734277460682000000,1734277520679000000,0
workspaceModel.initializing.ms,1734277460682000000,1734277520679000000,0
workspaceModel.workspaceFileIndexData.processFileSets.ms,1734277460682000000,1734277520679000000,0
workspaceModel.init.bridges.ms,1734277460682000000,1734277520679000000,0
workspaceModel.pre.handlers.ms,1734277460682000000,1734277520679000000,0
workspaceModel.cachedValueWithParameters.clear.count,1734277460682000000,1734277520679000000,0
workspaceModel.on.changed.ms,1734277460682000000,1734277520679000000,0
workspaceModel.workspaceFileIndexData.markDirty.ms,1734277460682000000,1734277520679000000,0
workspaceModel.check.recursive.update.ms,1734277460682000000,1734277520679000000,0
workspaceModel.to.snapshot.ms,1734277460682000000,1734277520679000000,0
FilePageCacheLockFree.totalClosedStoragesReclaimed,1734277460682000000,1734277520679000000,0
DirectByteBufferAllocator.misses,1734277460682000000,1734277520679000000,0
DirectByteBufferAllocator.totalSizeOfBuffersAllocatedInBytes,1734277460682000000,1734277520679000000,172023808
StorageLockContext.competingThreads.90P,1734277460682000000,1734277520679000000,0
StreamlinedBlobStorage.totalLiveRecordsPayloadBytes,1734277460682000000,1734277520679000000,0
FilePageCacheLockFree.heapBytesInUse,1734277460682000000,1734277520679000000,0
StreamlinedBlobStorage.recordsRelocated,1734277460682000000,1734277520679000000,0
FilePageCacheLockFree.totalBytesRead,1734277460682000000,1734277520679000000,0
FilePageCache.capacityInBytes,1734277460682000000,1734277520679000000,503316478
FilePageCacheLockFree.totalNativeBytesAllocated,1734277460682000000,1734277520679000000,0
StreamlinedBlobStorage.recordsAllocated,1734277460682000000,1734277520679000000,0
DirectByteBufferAllocator.totalSizeOfBuffersCachedInBytes,1734277460682000000,1734277520679000000,0
MappedFileStorage.totalTimeSpentOnMappingUs,1734277460682000000,1734277520679000000,26897
FilePageCache.disposedBuffers,1734277460682000000,1734277520679000000,0
FilePageCache.maxCacheSizeInBytes,1734277460682000000,1734277520679000000,172023808
FilePageCache.pageFastCacheHits,1734277460682000000,1734277520679000000,0
FilePageCacheLockFree.totalHeapBytesAllocated,1734277460682000000,1734277520679000000,0
StreamlinedBlobStorage.totalLiveRecordsCapacityBytes,1734277460682000000,1734277520679000000,0
FilePageCacheLockFree.totalPagesHandedOver,1734277460682000000,1734277520679000000,0
FilePageCacheLockFree.totalPagesAllocated,1734277460682000000,1734277520679000000,0
FileChannelInterruptsRetryer.totalRetriedAttempts,1734277460682000000,1734277520679000000,0
FilePageCache.pageHits,1734277460682000000,1734277520679000000,0
StorageLockContext.competingThreads.max,1734277460682000000,1734277520679000000,0
FilePageCacheLockFree.totalPageAllocationsWaited,1734277460682000000,1734277520679000000,0
FilePageCacheLockFree.totalBytesWritten,1734277460682000000,1734277520679000000,0
FilePageCacheLockFree.totalBytesRequested,1734277460682000000,1734277520679000000,0
FilePageCacheLockFree.totalNativeBytesReclaimed,1734277460682000000,1734277520679000000,0
StreamlinedBlobStorage.recordsDeleted,1734277460682000000,1734277520679000000,0
FilePageCacheLockFree.housekeeperTimeSpentMs,1734277460682000000,1734277520679000000,0
FilePageCacheLockFree.totalPagesReclaimed,1734277460682000000,1734277520679000000,0
FilePageCache.totalPageLoadsUs,1734277460682000000,1734277520679000000,0
FilePageCacheLockFree.totalPagesReadMs,1734277460682000000,1734277520679000000,0
StorageLockContext.competingThreads.avg,1734277460682000000,1734277520679000000,0.0
FilePageCache.pageLoadsAboveSizeThreshold,1734277460682000000,1734277520679000000,0
FilePageCacheLockFree.totalPagesRequested,1734277460682000000,1734277520679000000,0
FilePageCache.totalPageDisposalsUs,1734277460682000000,1734277520679000000,0
FilePageCache.pageLoads,1734277460682000000,1734277520679000000,0
FilePageCacheLockFree.housekeeperTurnsDone,1734277460682000000,1734277520679000000,0
FilePageCacheLockFree.totalPagesWriteMs,1734277460682000000,1734277520679000000,0
FilePageCache.maxRegisteredFiles,1734277460682000000,1734277520679000000,262
FilePageCache.uncachedFileAccess,1734277460682000000,1734277520679000000,0
MappedFileStorage.totalBytesMapped,1734277460682000000,1734277520679000000,202637312
DirectByteBufferAllocator.disposed,1734277460682000000,1734277520679000000,0
FilePageCacheLockFree.totalHeapBytesReclaimed,1734277460682000000,1734277520679000000,0
FilePageCacheLockFree.totalPagesRequestsMs,1734277460682000000,1734277520679000000,0
MappedFileStorage.storages,1734277460682000000,1734277520679000000,16
DirectByteBufferAllocator.reclaimed,1734277460682000000,1734277520679000000,0
MappedFileStorage.totalPagesMapped,1734277460682000000,1734277520679000000,16
FilePageCacheLockFree.nativeBytesInUse,1734277460682000000,1734277520679000000,0
FilePageCacheLockFree.totalPagesWritten,1734277460682000000,1734277520679000000,0
FilePageCacheLockFree.housekeeperTurnsSkipped,1734277460682000000,1734277520679000000,0
DirectByteBufferAllocator.hits,1734277460682000000,1734277520679000000,0
Indexes.stubs.lookupDuration90PMs,1734277460682000000,1734277520679000000,0.0
IndexesFlusher.totalFlushingTimeUs,1734277460682000000,1734277520679000000,63252
Indexes.allKeys.lookups,1734277460682000000,1734277520679000000,0
Indexes.stubs.lookupDurationMaxMs,1734277460682000000,1734277520679000000,0.0
Indexes.allKeys.lookupDurationAvgMs,1734277460682000000,1734277520679000000,0.0
Indexes.entries.lookupDuration90PMs,1734277460682000000,1734277520679000000,0.0
Indexes.entries.lookupDurationAvgMs,1734277460682000000,1734277520679000000,0.0
Indexes.stubs.lookups,1734277460682000000,1734277520679000000,0
Indexes.entries.lookups,1734277460682000000,1734277520679000000,0
Indexes.allKeys.lookupDuration90PMs,1734277460682000000,1734277520679000000,0.0
Indexes.allKeys.lookupDurationMaxMs,1734277460682000000,1734277520679000000,0.0
Indexes.stubs.lookupDurationAvgMs,1734277460682000000,1734277520679000000,0.0
Indexes.entries.lookupDurationMaxMs,1734277460682000000,1734277520679000000,0.0
IndexesFlusher.totalFlushes,1734277460682000000,1734277520679000000,60
IndexesFlusher.totalFlushesRetried,1734277460682000000,1734277520679000000,0
IndexesFlusher.totalContentionQuotaSpent,1734277460682000000,1734277520679000000,0
cacheStateStorage.set.counter,1734277460682000000,1734277520679000000,0
cacheStateStorage.set.duration,1734277460682000000,1734277520679000000,0
cacheStateStorage.get.duration,1734277460682000000,1734277520679000000,0
cacheStateStorage.get.counter,1734277460682000000,1734277520679000000,0
JVM.newThreadsCount,1734277520679000000,1734277580679000000,1
JVM.threadCount,1734277520679000000,1734277580679000000,42
JVM.usedHeapBytes,1734277520679000000,1734277580679000000,1129840640
JVM.totalCpuTimeMs,1734277520679000000,1734277580679000000,2410
JVM.totalDirectByteBuffersBytes,1734277520679000000,1734277580679000000,173053201
JVM.usedNativeBytes,1734277520679000000,1734277580679000000,464815832
JVM.totalTimeAtSafepointsMs,1734277520679000000,1734277580679000000,0
JVM.totalTimeToSafepointsMs,1734277520679000000,1734277580679000000,0
JVM.totalSafepointCount,1734277520679000000,1734277580679000000,1
JVM.GC.collections,1734277520679000000,1734277580679000000,0
JVM.maxHeapBytes,1734277520679000000,1734277580679000000,2147483648
JVM.maxThreadCount,1734277520679000000,1734277580679000000,109
OS.loadAverage,1734277520679000000,1734277580679000000,0.27587890625
JVM.GC.collectionTimesMs,1734277520679000000,1734277580679000000,0
JVM.totalBytesAllocated,1734277520679000000,1734277580679000000,5673904
FileNameCache.totalMisses,1734277520679000000,1734277580679000000,0
VFS.invertedFileNameIndex.requests,1734277520679000000,1734277580679000000,0
VFS.contentStorage.recordsStored,1734277520679000000,1734277580679000000,0
VFS.contentStorage.recordsRead,1734277520679000000,1734277580679000000,0
VFS.contentStorage.recordsDeduplicated,1734277520679000000,1734277580679000000,0
VFS.fileByIdCache.misses,1734277520679000000,1734277580679000000,0
VFS.fileChildByName,1734277520679000000,1734277580679000000,0
VFS.fileByIdCache.hits,1734277520679000000,1734277580679000000,0
VFS.contentStorage.recordsStoredCompressed,1734277520679000000,1734277580679000000,0
VFS.contentStorage.recordsUncompressedSize,1734277520679000000,1734277580679000000,0
VFS.contentStorage.recordsReadDecompressed,1734277520679000000,1734277580679000000,0
VFS.contentStorage.recordsDecompressionTimeUs,1734277520679000000,1734277580679000000,0
FileNameCache.queries,1734277520679000000,1734277580679000000,0
VFS.contentStorage.recordsReadSize,1734277520679000000,1734277580679000000,0
VFS.contentStorage.recordsStoredSize,1734277520679000000,1734277580679000000,0
writeAction.count,1734277520679000000,1734277580679000000,0
writeAction.median.wait.ms,1734277520679000000,1734277580679000000,0
writeAction.max.wait.ms,1734277520679000000,1734277580679000000,26
writeAction.wait.ms,1734277520679000000,1734277580679000000,0
workspaceModel.mutableEntityStorage.collect.changes.ms,1734277520679000000,1734277580679000000,0
workspaceModel.mutableEntityStorage.apply.changes.from.ms,1734277520679000000,1734277580679000000,0
workspaceModel.mutableEntityStorage.modify.entity.ms,1734277520679000000,1734277580679000000,0
jps.global.handle.before.change.events.ms,1734277520679000000,1734277580679000000,0
workspaceModel.moduleManagerBridge.load.all.modules.ms,1734277520679000000,1734277580679000000,0
workspaceModel.mutableEntityStorage.changeLog.addReplaceEventForRemovedParent.ms,1734277520679000000,1734277580679000000,0
workspaceModel.moduleManagerBridge.newModule.ms,1734277520679000000,1734277580679000000,0
workspaceModel.mutableEntityStorage.mutable.ext.mapping.ms,1734277520679000000,1734277580679000000,0
jps.global.get.library.ms,1734277520679000000,1734277580679000000,0
workspaceModel.mutableEntityStorage.referrers.ms,1734277520679000000,1734277580679000000,0
workspaceModel.moduleBridge.facet.initialization.ms,1734277520679000000,1734277580679000000,0
jps.artifact.entities.serializer.load.entities.ms,1734277520679000000,1734277580679000000,0
workspaceModel.mutableEntityStorage.changeLog.addReplaceEventForRemovedChild.ms,1734277520679000000,1734277580679000000,0
workspaceModel.global.updates.count,1734277520679000000,1734277580679000000,0
jps.apply.loaded.storage.ms,1734277520679000000,1734277580679000000,0
workspaceModel.mutableEntityStorage.changeLog.addReplaceEventForNewParent.ms,1734277520679000000,1734277580679000000,0
jps.global.get.libraries.ms,1734277520679000000,1734277580679000000,0
jps.reload.project.entities.ms,1734277520679000000,1734277580679000000,0
workspaceModel.mutableEntityStorage.to.snapshot.ms,1734277520679000000,1734277580679000000,0
workspaceModel.global.updates.ms,1734277520679000000,1734277580679000000,0
workspaceModel.moduleManagerBridge.new.nonPersistent.module.ms,1734277520679000000,1734277580679000000,0
jps.project.serializers.load.ms,1734277520679000000,1734277580679000000,0
workspaceModel.moduleBridge.before.changed.ms,1734277520679000000,1734277580679000000,0
jps.global.get.library.by.name.ms,1734277520679000000,1734277580679000000,0
jps.save.changed.project.entities.ms,1734277520679000000,1734277580679000000,0
jps.global.initialize.library.bridges.after.loading.ms,1734277520679000000,1734277580679000000,0
jps.library.entities.serializer.load.entities.ms,1734277520679000000,1734277580679000000,0
workspaceModel.moduleManagerBridge.set.unloadedModules.ms,1734277520679000000,1734277580679000000,0
workspaceModel.moduleBridgeLoader.loading.modules.ms,1734277520679000000,1734277580679000000,0
jps.project.serializers.save.ms,1734277520679000000,1734277580679000000,0
workspaceModel.mutableEntityStorage.put.entity.ms,1734277520679000000,1734277580679000000,0
jps.load.initial.state.ms,1734277520679000000,1734277580679000000,0
jps.storage.jps.conf.reader.load.component.ms,1734277520679000000,1734277580679000000,0
jps.library.entities.serializer.save.entities.ms,1734277520679000000,1734277580679000000,0
workspaceModel.global.apply.state.to.project.ms,1734277520679000000,1734277580679000000,0
workspaceModel.moduleManagerBridge.load.module.ms,1734277520679000000,1734277580679000000,0
jps.global.initialize.library.bridges.ms,1734277520679000000,1734277580679000000,0
workspaceModel.mutableEntityStorage.remove.entity.ms,1734277520679000000,1734277580679000000,0
workspaceModel.mutableEntityStorage.has.same.entities.ms,1734277520679000000,1734277580679000000,0
workspaceModel.mutableEntityStorage.instances.count,1734277520679000000,1734277580679000000,0
workspaceModel.mutableEntityStorage.add.entity.ms,1734277520679000000,1734277580679000000,0
workspaceModel.delayed.project.synchronizer.sync.ms,1734277520679000000,1734277580679000000,0
workspaceModel.moduleManagerBridge.build.module.graph.ms,1734277520679000000,1734277580679000000,0
workspaceModel.load.cache.from.file.ms,1734277520679000000,1734277580679000000,0
workspaceModel.moduleBridge.update.option.ms,1734277520679000000,1734277580679000000,0
jps.load.project.to.empty.storage.ms,1734277520679000000,1734277580679000000,0
jps.app.storage.content.writer.save.component.ms,1734277520679000000,1734277580679000000,0
workspaceModel.sync.entities.ms,1734277520679000000,1734277580679000000,0
jps.app.storage.content.reader.load.component.ms,1734277520679000000,1734277580679000000,0
jps.module.dependency.index.workspace.model.listener.on.changed.ms,1734277520679000000,1734277580679000000,0
workspaceModel.mutableEntityStorage.mutable.vfurl.index.ms,1734277520679000000,1734277580679000000,0
jps.global.handle.changed.events.ms,1734277520679000000,1734277580679000000,0
jps.facet.change.listener.init.bridge.ms,1734277520679000000,1734277580679000000,0
workspaceModel.mutableEntityStorage.entities.ms,1734277520679000000,1734277580679000000,0
workspaceModel.do.save.caches.ms,1734277520679000000,1734277580679000000,0
jps.artifact.entities.serializer.save.entities.ms,1734277520679000000,1734277580679000000,0
workspaceModel.mutableEntityStorage.resolve.ms,1734277520679000000,1734277580679000000,0
workspaceModel.orphan.listener.update.ms,1734277520679000000,1734277580679000000,0
workspaceModel.moduleManagerBridge.create.module.instance.ms,1734277520679000000,1734277580679000000,0
workspaceModel.moduleManagerBridge.get.modules.ms,1734277520679000000,1734277580679000000,0
jps.facet.change.listener.process.change.events.ms,1734277520679000000,1734277580679000000,0
workspaceModel.mutableEntityStorage.replace.by.source.ms,1734277520679000000,1734277580679000000,0
workspaceModel.save.cache.to.file.ms,1734277520679000000,1734277580679000000,0
workspaceModel.global.apply.state.to.project.builder.ms,1734277520679000000,1734277580679000000,0
jps.facet.change.listener.before.change.events.ms,1734277520679000000,1734277580679000000,0
jps.module.iml.entities.serializer.load.entities.ms,1734277520679000000,1734277580679000000,0
jps.save.global.entities.ms,1734277520679000000,1734277580679000000,0
jps.module.iml.entities.serializer.save.entities.ms,1734277520679000000,1734277580679000000,0
workspaceModel.load.cache.metadata.from.file.ms,1734277520679000000,1734277580679000000,0
workspaceModel.mutableEntityStorage.changeLog.addReplaceEventForNewChild.ms,1734277520679000000,1734277580679000000,0
workspaceModel.mutableEntityStorage.entities.by.source.ms,1734277520679000000,1734277580679000000,0
FlushQueue.queueSize90P,1734277520679000000,1734277580679000000,0
FlushQueue.executionTime90PNs,1734277520679000000,1734277580679000000,0
AWTEventQueue.dispatchTimeMaxNs,1734277520679000000,1734277580679000000,64511
NonBlockingReadAction.failedExecutionsCount,1734277520679000000,1734277580679000000,0
AWTEventQueue.eventsDispatched,1734277520679000000,1734277580679000000,1
ReadAction.executionsCount,1734277520679000000,1734277580679000000,0
FlushQueue.queueSizeAvg,1734277520679000000,1734277580679000000,0.0
FlushQueue.waitingTimeMaxNs,1734277520679000000,1734277580679000000,0
FlushQueue.tasksExecuted,1734277520679000000,1734277580679000000,0
FlushQueue.queueSizeMax,1734277520679000000,1734277580679000000,0
FlushQueue.executionTimeMaxNs,1734277520679000000,1734277580679000000,0
NonBlockingReadAction.finalizedExecutionsCount,1734277520679000000,1734277580679000000,0
WriteAction.executionsCount,1734277520679000000,1734277580679000000,0
FlushQueue.executionTimeAvgNs,1734277520679000000,1734277580679000000,0.0
AWTEventQueue.dispatchTimeTotalNS,1734277520679000000,1734277580679000000,23758506
NonBlockingReadAction.failedExecutionTimeUs,1734277520679000000,1734277580679000000,0
NonBlockingReadAction.finalizedExecutionTimeUs,1734277520679000000,1734277580679000000,0
AWTEventQueue.dispatchTimeAvgNs,1734277520679000000,1734277580679000000,64384.0
FlushQueue.waitingTime90PNs,1734277520679000000,1734277580679000000,0
AWTEventQueue.dispatchTime90PNs,1734277520679000000,1734277580679000000,64511
FlushQueue.waitingTimeAvgNs,1734277520679000000,1734277580679000000,0.0
workspaceModel.collect.changes.ms,1734277520679000000,1734277580679000000,0
workspaceModel.cachedValue.total.get.count,1734277520679000000,1734277580679000000,0
workspaceModel.full.replace.project.model.ms,1734277520679000000,1734277580679000000,0
workspaceModel.workspaceFileIndexData.getFileInfo.ms,1734277520679000000,1734277580679000000,0
workspaceModel.loading.total.ms,1734277520679000000,1734277580679000000,0
workspaceModel.updates.ms,1734277520679000000,1734277580679000000,0
workspaceModel.entityStorageSnapshotImpl.instances.count,1734277520679000000,1734277580679000000,0
workspaceModel.loading.from.cache.ms,1734277520679000000,1734277580679000000,0
workspaceModel.workspaceFileIndexData.updateDirtyEntities.ms,1734277520679000000,1734277580679000000,0
workspaceModel.updates.precise.ms,1734277520679000000,1734277580679000000,0
workspaceModel.updates.count,1734277520679000000,1734277580679000000,0
workspaceModel.cachedValue.from.cache.count,1734277520679000000,1734277580679000000,0
workspaceModel.workspaceFileIndexData.init.ms,1734277520679000000,1734277580679000000,0
workspaceModel.cachedValue.calculated.count,1734277520679000000,1734277580679000000,0
workspaceModel.replace.project.model.ms,1734277520679000000,1734277580679000000,0
workspaceModel.on.before.changed.ms,1734277520679000000,1734277580679000000,0
workspaceModel.update.unloaded.entities.ms,1734277520679000000,1734277580679000000,0
workspaceModel.workspaceFileIndexContributor.registerFileSets.ms,1734277520679000000,1734277580679000000,0
workspaceModel.cachedValueWithParameters.total.get.count,1734277520679000000,1734277580679000000,0
workspaceModel.workspaceFileIndexData.getDirectoriesByPackageName.ms,1734277520679000000,1734277580679000000,0
workspaceModel.cachedValueWithParameters.from.cache.count,1734277520679000000,1734277580679000000,0
workspaceModel.workspaceFileIndexData.getPackageName.ms,1734277520679000000,1734277580679000000,0
workspaceModel.cachedValue.clear.count,1734277520679000000,1734277580679000000,0
workspaceModel.workspaceFileIndexData.onEntitiesChanged.ms,1734277520679000000,1734277580679000000,0
workspaceModel.workspaceFileIndexData.visitFileSets.ms,1734277520679000000,1734277580679000000,0
workspaceModel.cachedValueWithParameters.calculated.count,1734277520679000000,1734277580679000000,0
workspaceModel.workspaceFileIndexData.instances.count,1734277520679000000,1734277580679000000,0
workspaceModel.initializing.ms,1734277520679000000,1734277580679000000,0
workspaceModel.workspaceFileIndexData.processFileSets.ms,1734277520679000000,1734277580679000000,0
workspaceModel.init.bridges.ms,1734277520679000000,1734277580679000000,0
workspaceModel.pre.handlers.ms,1734277520679000000,1734277580679000000,0
workspaceModel.cachedValueWithParameters.clear.count,1734277520679000000,1734277580679000000,0
workspaceModel.on.changed.ms,1734277520679000000,1734277580679000000,0
workspaceModel.workspaceFileIndexData.markDirty.ms,1734277520679000000,1734277580679000000,0
workspaceModel.check.recursive.update.ms,1734277520679000000,1734277580679000000,0
workspaceModel.to.snapshot.ms,1734277520679000000,1734277580679000000,0
FilePageCacheLockFree.totalClosedStoragesReclaimed,1734277520679000000,1734277580679000000,0
DirectByteBufferAllocator.misses,1734277520679000000,1734277580679000000,0
DirectByteBufferAllocator.totalSizeOfBuffersAllocatedInBytes,1734277520679000000,1734277580679000000,172023808
StorageLockContext.competingThreads.90P,1734277520679000000,1734277580679000000,0
StreamlinedBlobStorage.totalLiveRecordsPayloadBytes,1734277520679000000,1734277580679000000,0
FilePageCacheLockFree.heapBytesInUse,1734277520679000000,1734277580679000000,0
StreamlinedBlobStorage.recordsRelocated,1734277520679000000,1734277580679000000,0
FilePageCacheLockFree.totalBytesRead,1734277520679000000,1734277580679000000,0
FilePageCache.capacityInBytes,1734277520679000000,1734277580679000000,503316478
FilePageCacheLockFree.totalNativeBytesAllocated,1734277520679000000,1734277580679000000,0
StreamlinedBlobStorage.recordsAllocated,1734277520679000000,1734277580679000000,0
DirectByteBufferAllocator.totalSizeOfBuffersCachedInBytes,1734277520679000000,1734277580679000000,0
MappedFileStorage.totalTimeSpentOnMappingUs,1734277520679000000,1734277580679000000,26897
FilePageCache.disposedBuffers,1734277520679000000,1734277580679000000,0
FilePageCache.maxCacheSizeInBytes,1734277520679000000,1734277580679000000,172023808
FilePageCache.pageFastCacheHits,1734277520679000000,1734277580679000000,0
FilePageCacheLockFree.totalHeapBytesAllocated,1734277520679000000,1734277580679000000,0
StreamlinedBlobStorage.totalLiveRecordsCapacityBytes,1734277520679000000,1734277580679000000,0
FilePageCacheLockFree.totalPagesHandedOver,1734277520679000000,1734277580679000000,0
FilePageCacheLockFree.totalPagesAllocated,1734277520679000000,1734277580679000000,0
FileChannelInterruptsRetryer.totalRetriedAttempts,1734277520679000000,1734277580679000000,0
FilePageCache.pageHits,1734277520679000000,1734277580679000000,0
StorageLockContext.competingThreads.max,1734277520679000000,1734277580679000000,0
FilePageCacheLockFree.totalPageAllocationsWaited,1734277520679000000,1734277580679000000,0
FilePageCacheLockFree.totalBytesWritten,1734277520679000000,1734277580679000000,0
FilePageCacheLockFree.totalBytesRequested,1734277520679000000,1734277580679000000,0
FilePageCacheLockFree.totalNativeBytesReclaimed,1734277520679000000,1734277580679000000,0
StreamlinedBlobStorage.recordsDeleted,1734277520679000000,1734277580679000000,0
FilePageCacheLockFree.housekeeperTimeSpentMs,1734277520679000000,1734277580679000000,0
FilePageCacheLockFree.totalPagesReclaimed,1734277520679000000,1734277580679000000,0
FilePageCache.totalPageLoadsUs,1734277520679000000,1734277580679000000,0
FilePageCacheLockFree.totalPagesReadMs,1734277520679000000,1734277580679000000,0
StorageLockContext.competingThreads.avg,1734277520679000000,1734277580679000000,0.0
FilePageCache.pageLoadsAboveSizeThreshold,1734277520679000000,1734277580679000000,0
FilePageCacheLockFree.totalPagesRequested,1734277520679000000,1734277580679000000,0
FilePageCache.totalPageDisposalsUs,1734277520679000000,1734277580679000000,0
FilePageCache.pageLoads,1734277520679000000,1734277580679000000,0
FilePageCacheLockFree.housekeeperTurnsDone,1734277520679000000,1734277580679000000,0
FilePageCacheLockFree.totalPagesWriteMs,1734277520679000000,1734277580679000000,0
FilePageCache.maxRegisteredFiles,1734277520679000000,1734277580679000000,262
FilePageCache.uncachedFileAccess,1734277520679000000,1734277580679000000,0
MappedFileStorage.totalBytesMapped,1734277520679000000,1734277580679000000,202637312
DirectByteBufferAllocator.disposed,1734277520679000000,1734277580679000000,0
FilePageCacheLockFree.totalHeapBytesReclaimed,1734277520679000000,1734277580679000000,0
FilePageCacheLockFree.totalPagesRequestsMs,1734277520679000000,1734277580679000000,0
MappedFileStorage.storages,1734277520679000000,1734277580679000000,16
DirectByteBufferAllocator.reclaimed,1734277520679000000,1734277580679000000,0
MappedFileStorage.totalPagesMapped,1734277520679000000,1734277580679000000,16
FilePageCacheLockFree.nativeBytesInUse,1734277520679000000,1734277580679000000,0
FilePageCacheLockFree.totalPagesWritten,1734277520679000000,1734277580679000000,0
FilePageCacheLockFree.housekeeperTurnsSkipped,1734277520679000000,1734277580679000000,0
DirectByteBufferAllocator.hits,1734277520679000000,1734277580679000000,0
Indexes.stubs.lookupDuration90PMs,1734277520679000000,1734277580679000000,0.0
IndexesFlusher.totalFlushingTimeUs,1734277520679000000,1734277580679000000,64951
Indexes.allKeys.lookups,1734277520679000000,1734277580679000000,0
Indexes.stubs.lookupDurationMaxMs,1734277520679000000,1734277580679000000,0.0
Indexes.allKeys.lookupDurationAvgMs,1734277520679000000,1734277580679000000,0.0
Indexes.entries.lookupDuration90PMs,1734277520679000000,1734277580679000000,0.0
Indexes.entries.lookupDurationAvgMs,1734277520679000000,1734277580679000000,0.0
Indexes.stubs.lookups,1734277520679000000,1734277580679000000,0
Indexes.entries.lookups,1734277520679000000,1734277580679000000,0
Indexes.allKeys.lookupDuration90PMs,1734277520679000000,1734277580679000000,0.0
Indexes.allKeys.lookupDurationMaxMs,1734277520679000000,1734277580679000000,0.0
Indexes.stubs.lookupDurationAvgMs,1734277520679000000,1734277580679000000,0.0
Indexes.entries.lookupDurationMaxMs,1734277520679000000,1734277580679000000,0.0
IndexesFlusher.totalFlushes,1734277520679000000,1734277580679000000,60
IndexesFlusher.totalFlushesRetried,1734277520679000000,1734277580679000000,0
IndexesFlusher.totalContentionQuotaSpent,1734277520679000000,1734277580679000000,0
cacheStateStorage.set.counter,1734277520679000000,1734277580679000000,0
cacheStateStorage.set.duration,1734277520679000000,1734277580679000000,0
cacheStateStorage.get.duration,1734277520679000000,1734277580679000000,0
cacheStateStorage.get.counter,1734277520679000000,1734277580679000000,0
JVM.newThreadsCount,1734277580679000000,1734277640678000000,0
JVM.threadCount,1734277580679000000,1734277640678000000,42
JVM.usedHeapBytes,1734277580679000000,1734277640678000000,1135083520
JVM.totalCpuTimeMs,1734277580679000000,1734277640678000000,2420
JVM.totalDirectByteBuffersBytes,1734277580679000000,1734277640678000000,173053201
JVM.usedNativeBytes,1734277580679000000,1734277640678000000,464923864
JVM.totalTimeAtSafepointsMs,1734277580679000000,1734277640678000000,0
JVM.totalTimeToSafepointsMs,1734277580679000000,1734277640678000000,0
JVM.totalSafepointCount,1734277580679000000,1734277640678000000,1
JVM.GC.collections,1734277580679000000,1734277640678000000,0
JVM.maxHeapBytes,1734277580679000000,1734277640678000000,2147483648
JVM.maxThreadCount,1734277580679000000,1734277640678000000,109
OS.loadAverage,1734277580679000000,1734277640678000000,0.33642578125
JVM.GC.collectionTimesMs,1734277580679000000,1734277640678000000,0
JVM.totalBytesAllocated,1734277580679000000,1734277640678000000,5688488
FileNameCache.totalMisses,1734277580679000000,1734277640678000000,0
VFS.invertedFileNameIndex.requests,1734277580679000000,1734277640678000000,0
VFS.contentStorage.recordsStored,1734277580679000000,1734277640678000000,0
VFS.contentStorage.recordsRead,1734277580679000000,1734277640678000000,0
VFS.contentStorage.recordsDeduplicated,1734277580679000000,1734277640678000000,0
VFS.fileByIdCache.misses,1734277580679000000,1734277640678000000,0
VFS.fileChildByName,1734277580679000000,1734277640678000000,0
VFS.fileByIdCache.hits,1734277580679000000,1734277640678000000,0
VFS.contentStorage.recordsStoredCompressed,1734277580679000000,1734277640678000000,0
VFS.contentStorage.recordsUncompressedSize,1734277580679000000,1734277640678000000,0
VFS.contentStorage.recordsReadDecompressed,1734277580679000000,1734277640678000000,0
VFS.contentStorage.recordsDecompressionTimeUs,1734277580679000000,1734277640678000000,0
FileNameCache.queries,1734277580679000000,1734277640678000000,0
VFS.contentStorage.recordsReadSize,1734277580679000000,1734277640678000000,0
VFS.contentStorage.recordsStoredSize,1734277580679000000,1734277640678000000,0
writeAction.count,1734277580679000000,1734277640678000000,0
writeAction.median.wait.ms,1734277580679000000,1734277640678000000,0
writeAction.max.wait.ms,1734277580679000000,1734277640678000000,26
writeAction.wait.ms,1734277580679000000,1734277640678000000,0
workspaceModel.mutableEntityStorage.collect.changes.ms,1734277580679000000,1734277640678000000,0
workspaceModel.mutableEntityStorage.apply.changes.from.ms,1734277580679000000,1734277640678000000,0
workspaceModel.mutableEntityStorage.modify.entity.ms,1734277580679000000,1734277640678000000,0
jps.global.handle.before.change.events.ms,1734277580679000000,1734277640678000000,0
workspaceModel.moduleManagerBridge.load.all.modules.ms,1734277580679000000,1734277640678000000,0
workspaceModel.mutableEntityStorage.changeLog.addReplaceEventForRemovedParent.ms,1734277580679000000,1734277640678000000,0
workspaceModel.moduleManagerBridge.newModule.ms,1734277580679000000,1734277640678000000,0
workspaceModel.mutableEntityStorage.mutable.ext.mapping.ms,1734277580679000000,1734277640678000000,0
jps.global.get.library.ms,1734277580679000000,1734277640678000000,0
workspaceModel.mutableEntityStorage.referrers.ms,1734277580679000000,1734277640678000000,0
workspaceModel.moduleBridge.facet.initialization.ms,1734277580679000000,1734277640678000000,0
jps.artifact.entities.serializer.load.entities.ms,1734277580679000000,1734277640678000000,0
workspaceModel.mutableEntityStorage.changeLog.addReplaceEventForRemovedChild.ms,1734277580679000000,1734277640678000000,0
workspaceModel.global.updates.count,1734277580679000000,1734277640678000000,0
jps.apply.loaded.storage.ms,1734277580679000000,1734277640678000000,0
workspaceModel.mutableEntityStorage.changeLog.addReplaceEventForNewParent.ms,1734277580679000000,1734277640678000000,0
jps.global.get.libraries.ms,1734277580679000000,1734277640678000000,0
jps.reload.project.entities.ms,1734277580679000000,1734277640678000000,0
workspaceModel.mutableEntityStorage.to.snapshot.ms,1734277580679000000,1734277640678000000,0
workspaceModel.global.updates.ms,1734277580679000000,1734277640678000000,0
workspaceModel.moduleManagerBridge.new.nonPersistent.module.ms,1734277580679000000,1734277640678000000,0
jps.project.serializers.load.ms,1734277580679000000,1734277640678000000,0
workspaceModel.moduleBridge.before.changed.ms,1734277580679000000,1734277640678000000,0
jps.global.get.library.by.name.ms,1734277580679000000,1734277640678000000,0
jps.save.changed.project.entities.ms,1734277580679000000,1734277640678000000,0
jps.global.initialize.library.bridges.after.loading.ms,1734277580679000000,1734277640678000000,0
jps.library.entities.serializer.load.entities.ms,1734277580679000000,1734277640678000000,0
workspaceModel.moduleManagerBridge.set.unloadedModules.ms,1734277580679000000,1734277640678000000,0
workspaceModel.moduleBridgeLoader.loading.modules.ms,1734277580679000000,1734277640678000000,0
jps.project.serializers.save.ms,1734277580679000000,1734277640678000000,0
workspaceModel.mutableEntityStorage.put.entity.ms,1734277580679000000,1734277640678000000,0
jps.load.initial.state.ms,1734277580679000000,1734277640678000000,0
jps.storage.jps.conf.reader.load.component.ms,1734277580679000000,1734277640678000000,0
jps.library.entities.serializer.save.entities.ms,1734277580679000000,1734277640678000000,0
workspaceModel.global.apply.state.to.project.ms,1734277580679000000,1734277640678000000,0
workspaceModel.moduleManagerBridge.load.module.ms,1734277580679000000,1734277640678000000,0
jps.global.initialize.library.bridges.ms,1734277580679000000,1734277640678000000,0
workspaceModel.mutableEntityStorage.remove.entity.ms,1734277580679000000,1734277640678000000,0
workspaceModel.mutableEntityStorage.has.same.entities.ms,1734277580679000000,1734277640678000000,0
workspaceModel.mutableEntityStorage.instances.count,1734277580679000000,1734277640678000000,0
workspaceModel.mutableEntityStorage.add.entity.ms,1734277580679000000,1734277640678000000,0
workspaceModel.delayed.project.synchronizer.sync.ms,1734277580679000000,1734277640678000000,0
workspaceModel.moduleManagerBridge.build.module.graph.ms,1734277580679000000,1734277640678000000,0
workspaceModel.load.cache.from.file.ms,1734277580679000000,1734277640678000000,0
workspaceModel.moduleBridge.update.option.ms,1734277580679000000,1734277640678000000,0
jps.load.project.to.empty.storage.ms,1734277580679000000,1734277640678000000,0
jps.app.storage.content.writer.save.component.ms,1734277580679000000,1734277640678000000,0
workspaceModel.sync.entities.ms,1734277580679000000,1734277640678000000,0
jps.app.storage.content.reader.load.component.ms,1734277580679000000,1734277640678000000,0
jps.module.dependency.index.workspace.model.listener.on.changed.ms,1734277580679000000,1734277640678000000,0
workspaceModel.mutableEntityStorage.mutable.vfurl.index.ms,1734277580679000000,1734277640678000000,0
jps.global.handle.changed.events.ms,1734277580679000000,1734277640678000000,0
jps.facet.change.listener.init.bridge.ms,1734277580679000000,1734277640678000000,0
workspaceModel.mutableEntityStorage.entities.ms,1734277580679000000,1734277640678000000,0
workspaceModel.do.save.caches.ms,1734277580679000000,1734277640678000000,0
jps.artifact.entities.serializer.save.entities.ms,1734277580679000000,1734277640678000000,0
workspaceModel.mutableEntityStorage.resolve.ms,1734277580679000000,1734277640678000000,0
workspaceModel.orphan.listener.update.ms,1734277580679000000,1734277640678000000,0
workspaceModel.moduleManagerBridge.create.module.instance.ms,1734277580679000000,1734277640678000000,0
workspaceModel.moduleManagerBridge.get.modules.ms,1734277580679000000,1734277640678000000,0
jps.facet.change.listener.process.change.events.ms,1734277580679000000,1734277640678000000,0
workspaceModel.mutableEntityStorage.replace.by.source.ms,1734277580679000000,1734277640678000000,0
workspaceModel.save.cache.to.file.ms,1734277580679000000,1734277640678000000,0
workspaceModel.global.apply.state.to.project.builder.ms,1734277580679000000,1734277640678000000,0
jps.facet.change.listener.before.change.events.ms,1734277580679000000,1734277640678000000,0
jps.module.iml.entities.serializer.load.entities.ms,1734277580679000000,1734277640678000000,0
jps.save.global.entities.ms,1734277580679000000,1734277640678000000,0
jps.module.iml.entities.serializer.save.entities.ms,1734277580679000000,1734277640678000000,0
workspaceModel.load.cache.metadata.from.file.ms,1734277580679000000,1734277640678000000,0
workspaceModel.mutableEntityStorage.changeLog.addReplaceEventForNewChild.ms,1734277580679000000,1734277640678000000,0
workspaceModel.mutableEntityStorage.entities.by.source.ms,1734277580679000000,1734277640678000000,0
FlushQueue.queueSize90P,1734277580679000000,1734277640678000000,0
FlushQueue.executionTime90PNs,1734277580679000000,1734277640678000000,0
AWTEventQueue.dispatchTimeMaxNs,1734277580679000000,1734277640678000000,0
NonBlockingReadAction.failedExecutionsCount,1734277580679000000,1734277640678000000,0
AWTEventQueue.eventsDispatched,1734277580679000000,1734277640678000000,0
ReadAction.executionsCount,1734277580679000000,1734277640678000000,0
FlushQueue.queueSizeAvg,1734277580679000000,1734277640678000000,0.0
FlushQueue.waitingTimeMaxNs,1734277580679000000,1734277640678000000,0
FlushQueue.tasksExecuted,1734277580679000000,1734277640678000000,0
FlushQueue.queueSizeMax,1734277580679000000,1734277640678000000,0
FlushQueue.executionTimeMaxNs,1734277580679000000,1734277640678000000,0
NonBlockingReadAction.finalizedExecutionsCount,1734277580679000000,1734277640678000000,0
WriteAction.executionsCount,1734277580679000000,1734277640678000000,0
FlushQueue.executionTimeAvgNs,1734277580679000000,1734277640678000000,0.0
AWTEventQueue.dispatchTimeTotalNS,1734277580679000000,1734277640678000000,23373916
NonBlockingReadAction.failedExecutionTimeUs,1734277580679000000,1734277640678000000,0
NonBlockingReadAction.finalizedExecutionTimeUs,1734277580679000000,1734277640678000000,0
AWTEventQueue.dispatchTimeAvgNs,1734277580679000000,1734277640678000000,0.0
FlushQueue.waitingTime90PNs,1734277580679000000,1734277640678000000,0
AWTEventQueue.dispatchTime90PNs,1734277580679000000,1734277640678000000,0
FlushQueue.waitingTimeAvgNs,1734277580679000000,1734277640678000000,0.0
workspaceModel.collect.changes.ms,1734277580679000000,1734277640678000000,0
workspaceModel.cachedValue.total.get.count,1734277580679000000,1734277640678000000,0
workspaceModel.full.replace.project.model.ms,1734277580679000000,1734277640678000000,0
workspaceModel.workspaceFileIndexData.getFileInfo.ms,1734277580679000000,1734277640678000000,0
workspaceModel.loading.total.ms,1734277580679000000,1734277640678000000,0
workspaceModel.updates.ms,1734277580679000000,1734277640678000000,0
workspaceModel.entityStorageSnapshotImpl.instances.count,1734277580679000000,1734277640678000000,0
workspaceModel.loading.from.cache.ms,1734277580679000000,1734277640678000000,0
workspaceModel.workspaceFileIndexData.updateDirtyEntities.ms,1734277580679000000,1734277640678000000,0
workspaceModel.updates.precise.ms,1734277580679000000,1734277640678000000,0
workspaceModel.updates.count,1734277580679000000,1734277640678000000,0
workspaceModel.cachedValue.from.cache.count,1734277580679000000,1734277640678000000,0
workspaceModel.workspaceFileIndexData.init.ms,1734277580679000000,1734277640678000000,0
workspaceModel.cachedValue.calculated.count,1734277580679000000,1734277640678000000,0
workspaceModel.replace.project.model.ms,1734277580679000000,1734277640678000000,0
workspaceModel.on.before.changed.ms,1734277580679000000,1734277640678000000,0
workspaceModel.update.unloaded.entities.ms,1734277580679000000,1734277640678000000,0
workspaceModel.workspaceFileIndexContributor.registerFileSets.ms,1734277580679000000,1734277640678000000,0
workspaceModel.cachedValueWithParameters.total.get.count,1734277580679000000,1734277640678000000,0
workspaceModel.workspaceFileIndexData.getDirectoriesByPackageName.ms,1734277580679000000,1734277640678000000,0
workspaceModel.cachedValueWithParameters.from.cache.count,1734277580679000000,1734277640678000000,0
workspaceModel.workspaceFileIndexData.getPackageName.ms,1734277580679000000,1734277640678000000,0
workspaceModel.cachedValue.clear.count,1734277580679000000,1734277640678000000,0
workspaceModel.workspaceFileIndexData.onEntitiesChanged.ms,1734277580679000000,1734277640678000000,0
workspaceModel.workspaceFileIndexData.visitFileSets.ms,1734277580679000000,1734277640678000000,0
workspaceModel.cachedValueWithParameters.calculated.count,1734277580679000000,1734277640678000000,0
workspaceModel.workspaceFileIndexData.instances.count,1734277580679000000,1734277640678000000,0
workspaceModel.initializing.ms,1734277580679000000,1734277640678000000,0
workspaceModel.workspaceFileIndexData.processFileSets.ms,1734277580679000000,1734277640678000000,0
workspaceModel.init.bridges.ms,1734277580679000000,1734277640678000000,0
workspaceModel.pre.handlers.ms,1734277580679000000,1734277640678000000,0
workspaceModel.cachedValueWithParameters.clear.count,1734277580679000000,1734277640678000000,0
workspaceModel.on.changed.ms,1734277580679000000,1734277640678000000,0
workspaceModel.workspaceFileIndexData.markDirty.ms,1734277580679000000,1734277640678000000,0
workspaceModel.check.recursive.update.ms,1734277580679000000,1734277640678000000,0
workspaceModel.to.snapshot.ms,1734277580679000000,1734277640678000000,0
FilePageCacheLockFree.totalClosedStoragesReclaimed,1734277580679000000,1734277640678000000,0
DirectByteBufferAllocator.misses,1734277580679000000,1734277640678000000,0
DirectByteBufferAllocator.totalSizeOfBuffersAllocatedInBytes,1734277580679000000,1734277640678000000,172023808
StorageLockContext.competingThreads.90P,1734277580679000000,1734277640678000000,0
StreamlinedBlobStorage.totalLiveRecordsPayloadBytes,1734277580679000000,1734277640678000000,0
FilePageCacheLockFree.heapBytesInUse,1734277580679000000,1734277640678000000,0
StreamlinedBlobStorage.recordsRelocated,1734277580679000000,1734277640678000000,0
FilePageCacheLockFree.totalBytesRead,1734277580679000000,1734277640678000000,0
FilePageCache.capacityInBytes,1734277580679000000,1734277640678000000,503316478
FilePageCacheLockFree.totalNativeBytesAllocated,1734277580679000000,1734277640678000000,0
StreamlinedBlobStorage.recordsAllocated,1734277580679000000,1734277640678000000,0
DirectByteBufferAllocator.totalSizeOfBuffersCachedInBytes,1734277580679000000,1734277640678000000,0
MappedFileStorage.totalTimeSpentOnMappingUs,1734277580679000000,1734277640678000000,26897
FilePageCache.disposedBuffers,1734277580679000000,1734277640678000000,0
FilePageCache.maxCacheSizeInBytes,1734277580679000000,1734277640678000000,172023808
FilePageCache.pageFastCacheHits,1734277580679000000,1734277640678000000,0
FilePageCacheLockFree.totalHeapBytesAllocated,1734277580679000000,1734277640678000000,0
StreamlinedBlobStorage.totalLiveRecordsCapacityBytes,1734277580679000000,1734277640678000000,0
FilePageCacheLockFree.totalPagesHandedOver,1734277580679000000,1734277640678000000,0
FilePageCacheLockFree.totalPagesAllocated,1734277580679000000,1734277640678000000,0
FileChannelInterruptsRetryer.totalRetriedAttempts,1734277580679000000,1734277640678000000,0
FilePageCache.pageHits,1734277580679000000,1734277640678000000,0
StorageLockContext.competingThreads.max,1734277580679000000,1734277640678000000,0
FilePageCacheLockFree.totalPageAllocationsWaited,1734277580679000000,1734277640678000000,0
FilePageCacheLockFree.totalBytesWritten,1734277580679000000,1734277640678000000,0
FilePageCacheLockFree.totalBytesRequested,1734277580679000000,1734277640678000000,0
FilePageCacheLockFree.totalNativeBytesReclaimed,1734277580679000000,1734277640678000000,0
StreamlinedBlobStorage.recordsDeleted,1734277580679000000,1734277640678000000,0
FilePageCacheLockFree.housekeeperTimeSpentMs,1734277580679000000,1734277640678000000,0
FilePageCacheLockFree.totalPagesReclaimed,1734277580679000000,1734277640678000000,0
FilePageCache.totalPageLoadsUs,1734277580679000000,1734277640678000000,0
FilePageCacheLockFree.totalPagesReadMs,1734277580679000000,1734277640678000000,0
StorageLockContext.competingThreads.avg,1734277580679000000,1734277640678000000,0.0
FilePageCache.pageLoadsAboveSizeThreshold,1734277580679000000,1734277640678000000,0
FilePageCacheLockFree.totalPagesRequested,1734277580679000000,1734277640678000000,0
FilePageCache.totalPageDisposalsUs,1734277580679000000,1734277640678000000,0
FilePageCache.pageLoads,1734277580679000000,1734277640678000000,0
FilePageCacheLockFree.housekeeperTurnsDone,1734277580679000000,1734277640678000000,0
FilePageCacheLockFree.totalPagesWriteMs,1734277580679000000,1734277640678000000,0
FilePageCache.maxRegisteredFiles,1734277580679000000,1734277640678000000,262
FilePageCache.uncachedFileAccess,1734277580679000000,1734277640678000000,0
MappedFileStorage.totalBytesMapped,1734277580679000000,1734277640678000000,202637312
DirectByteBufferAllocator.disposed,1734277580679000000,1734277640678000000,0
FilePageCacheLockFree.totalHeapBytesReclaimed,1734277580679000000,1734277640678000000,0
FilePageCacheLockFree.totalPagesRequestsMs,1734277580679000000,1734277640678000000,0
MappedFileStorage.storages,1734277580679000000,1734277640678000000,16
DirectByteBufferAllocator.reclaimed,1734277580679000000,1734277640678000000,0
MappedFileStorage.totalPagesMapped,1734277580679000000,1734277640678000000,16
FilePageCacheLockFree.nativeBytesInUse,1734277580679000000,1734277640678000000,0
FilePageCacheLockFree.totalPagesWritten,1734277580679000000,1734277640678000000,0
FilePageCacheLockFree.housekeeperTurnsSkipped,1734277580679000000,1734277640678000000,0
DirectByteBufferAllocator.hits,1734277580679000000,1734277640678000000,0
Indexes.stubs.lookupDuration90PMs,1734277580679000000,1734277640678000000,0.0
IndexesFlusher.totalFlushingTimeUs,1734277580679000000,1734277640678000000,68161
Indexes.allKeys.lookups,1734277580679000000,1734277640678000000,0
Indexes.stubs.lookupDurationMaxMs,1734277580679000000,1734277640678000000,0.0
Indexes.allKeys.lookupDurationAvgMs,1734277580679000000,1734277640678000000,0.0
Indexes.entries.lookupDuration90PMs,1734277580679000000,1734277640678000000,0.0
Indexes.entries.lookupDurationAvgMs,1734277580679000000,1734277640678000000,0.0
Indexes.stubs.lookups,1734277580679000000,1734277640678000000,0
Indexes.entries.lookups,1734277580679000000,1734277640678000000,0
Indexes.allKeys.lookupDuration90PMs,1734277580679000000,1734277640678000000,0.0
Indexes.allKeys.lookupDurationMaxMs,1734277580679000000,1734277640678000000,0.0
Indexes.stubs.lookupDurationAvgMs,1734277580679000000,1734277640678000000,0.0
Indexes.entries.lookupDurationMaxMs,1734277580679000000,1734277640678000000,0.0
IndexesFlusher.totalFlushes,1734277580679000000,1734277640678000000,60
IndexesFlusher.totalFlushesRetried,1734277580679000000,1734277640678000000,0
IndexesFlusher.totalContentionQuotaSpent,1734277580679000000,1734277640678000000,0
cacheStateStorage.set.counter,1734277580679000000,1734277640678000000,0
cacheStateStorage.set.duration,1734277580679000000,1734277640678000000,0
cacheStateStorage.get.duration,1734277580679000000,1734277640678000000,0
cacheStateStorage.get.counter,1734277580679000000,1734277640678000000,0
JVM.newThreadsCount,1734277640678000000,1734277700679000000,1
JVM.threadCount,1734277640678000000,1734277700679000000,43
JVM.usedHeapBytes,1734277640678000000,1734277700679000000,1141374976
JVM.totalCpuTimeMs,1734277640678000000,1734277700679000000,2380
JVM.totalDirectByteBuffersBytes,1734277640678000000,1734277700679000000,173053201
JVM.usedNativeBytes,1734277640678000000,1734277700679000000,465005008
JVM.totalTimeAtSafepointsMs,1734277640678000000,1734277700679000000,0
JVM.totalTimeToSafepointsMs,1734277640678000000,1734277700679000000,0
JVM.totalSafepointCount,1734277640678000000,1734277700679000000,2
JVM.GC.collections,1734277640678000000,1734277700679000000,0
JVM.maxHeapBytes,1734277640678000000,1734277700679000000,2147483648
JVM.maxThreadCount,1734277640678000000,1734277700679000000,109
OS.loadAverage,1734277640678000000,1734277700679000000,0.17919921875
JVM.GC.collectionTimesMs,1734277640678000000,1734277700679000000,0
JVM.totalBytesAllocated,1734277640678000000,1734277700679000000,5435696
FileNameCache.totalMisses,1734277640678000000,1734277700679000000,0
VFS.invertedFileNameIndex.requests,1734277640678000000,1734277700679000000,0
VFS.contentStorage.recordsStored,1734277640678000000,1734277700679000000,0
VFS.contentStorage.recordsRead,1734277640678000000,1734277700679000000,0
VFS.contentStorage.recordsDeduplicated,1734277640678000000,1734277700679000000,0
VFS.fileByIdCache.misses,1734277640678000000,1734277700679000000,0
VFS.fileChildByName,1734277640678000000,1734277700679000000,0
VFS.fileByIdCache.hits,1734277640678000000,1734277700679000000,0
VFS.contentStorage.recordsStoredCompressed,1734277640678000000,1734277700679000000,0
VFS.contentStorage.recordsUncompressedSize,1734277640678000000,1734277700679000000,0
VFS.contentStorage.recordsReadDecompressed,1734277640678000000,1734277700679000000,0
VFS.contentStorage.recordsDecompressionTimeUs,1734277640678000000,1734277700679000000,0
FileNameCache.queries,1734277640678000000,1734277700679000000,0
VFS.contentStorage.recordsReadSize,1734277640678000000,1734277700679000000,0
VFS.contentStorage.recordsStoredSize,1734277640678000000,1734277700679000000,0
writeAction.count,1734277640678000000,1734277700679000000,0
writeAction.median.wait.ms,1734277640678000000,1734277700679000000,0
writeAction.max.wait.ms,1734277640678000000,1734277700679000000,26
writeAction.wait.ms,1734277640678000000,1734277700679000000,0
workspaceModel.mutableEntityStorage.collect.changes.ms,1734277640678000000,1734277700679000000,0
workspaceModel.mutableEntityStorage.apply.changes.from.ms,1734277640678000000,1734277700679000000,0
workspaceModel.mutableEntityStorage.modify.entity.ms,1734277640678000000,1734277700679000000,0
jps.global.handle.before.change.events.ms,1734277640678000000,1734277700679000000,0
workspaceModel.moduleManagerBridge.load.all.modules.ms,1734277640678000000,1734277700679000000,0
workspaceModel.mutableEntityStorage.changeLog.addReplaceEventForRemovedParent.ms,1734277640678000000,1734277700679000000,0
workspaceModel.moduleManagerBridge.newModule.ms,1734277640678000000,1734277700679000000,0
workspaceModel.mutableEntityStorage.mutable.ext.mapping.ms,1734277640678000000,1734277700679000000,0
jps.global.get.library.ms,1734277640678000000,1734277700679000000,0
workspaceModel.mutableEntityStorage.referrers.ms,1734277640678000000,1734277700679000000,0
workspaceModel.moduleBridge.facet.initialization.ms,1734277640678000000,1734277700679000000,0
jps.artifact.entities.serializer.load.entities.ms,1734277640678000000,1734277700679000000,0
workspaceModel.mutableEntityStorage.changeLog.addReplaceEventForRemovedChild.ms,1734277640678000000,1734277700679000000,0
workspaceModel.global.updates.count,1734277640678000000,1734277700679000000,0
jps.apply.loaded.storage.ms,1734277640678000000,1734277700679000000,0
workspaceModel.mutableEntityStorage.changeLog.addReplaceEventForNewParent.ms,1734277640678000000,1734277700679000000,0
jps.global.get.libraries.ms,1734277640678000000,1734277700679000000,0
jps.reload.project.entities.ms,1734277640678000000,1734277700679000000,0
workspaceModel.mutableEntityStorage.to.snapshot.ms,1734277640678000000,1734277700679000000,0
workspaceModel.global.updates.ms,1734277640678000000,1734277700679000000,0
workspaceModel.moduleManagerBridge.new.nonPersistent.module.ms,1734277640678000000,1734277700679000000,0
jps.project.serializers.load.ms,1734277640678000000,1734277700679000000,0
workspaceModel.moduleBridge.before.changed.ms,1734277640678000000,1734277700679000000,0
jps.global.get.library.by.name.ms,1734277640678000000,1734277700679000000,0
jps.save.changed.project.entities.ms,1734277640678000000,1734277700679000000,0
jps.global.initialize.library.bridges.after.loading.ms,1734277640678000000,1734277700679000000,0
jps.library.entities.serializer.load.entities.ms,1734277640678000000,1734277700679000000,0
workspaceModel.moduleManagerBridge.set.unloadedModules.ms,1734277640678000000,1734277700679000000,0
workspaceModel.moduleBridgeLoader.loading.modules.ms,1734277640678000000,1734277700679000000,0
jps.project.serializers.save.ms,1734277640678000000,1734277700679000000,0
workspaceModel.mutableEntityStorage.put.entity.ms,1734277640678000000,1734277700679000000,0
jps.load.initial.state.ms,1734277640678000000,1734277700679000000,0
jps.storage.jps.conf.reader.load.component.ms,1734277640678000000,1734277700679000000,0
jps.library.entities.serializer.save.entities.ms,1734277640678000000,1734277700679000000,0
workspaceModel.global.apply.state.to.project.ms,1734277640678000000,1734277700679000000,0
workspaceModel.moduleManagerBridge.load.module.ms,1734277640678000000,1734277700679000000,0
jps.global.initialize.library.bridges.ms,1734277640678000000,1734277700679000000,0
workspaceModel.mutableEntityStorage.remove.entity.ms,1734277640678000000,1734277700679000000,0
workspaceModel.mutableEntityStorage.has.same.entities.ms,1734277640678000000,1734277700679000000,0
workspaceModel.mutableEntityStorage.instances.count,1734277640678000000,1734277700679000000,0
workspaceModel.mutableEntityStorage.add.entity.ms,1734277640678000000,1734277700679000000,0
workspaceModel.delayed.project.synchronizer.sync.ms,1734277640678000000,1734277700679000000,0
workspaceModel.moduleManagerBridge.build.module.graph.ms,1734277640678000000,1734277700679000000,0
workspaceModel.load.cache.from.file.ms,1734277640678000000,1734277700679000000,0
workspaceModel.moduleBridge.update.option.ms,1734277640678000000,1734277700679000000,0
jps.load.project.to.empty.storage.ms,1734277640678000000,1734277700679000000,0
jps.app.storage.content.writer.save.component.ms,1734277640678000000,1734277700679000000,0
workspaceModel.sync.entities.ms,1734277640678000000,1734277700679000000,0
jps.app.storage.content.reader.load.component.ms,1734277640678000000,1734277700679000000,0
jps.module.dependency.index.workspace.model.listener.on.changed.ms,1734277640678000000,1734277700679000000,0
workspaceModel.mutableEntityStorage.mutable.vfurl.index.ms,1734277640678000000,1734277700679000000,0
jps.global.handle.changed.events.ms,1734277640678000000,1734277700679000000,0
jps.facet.change.listener.init.bridge.ms,1734277640678000000,1734277700679000000,0
workspaceModel.mutableEntityStorage.entities.ms,1734277640678000000,1734277700679000000,0
workspaceModel.do.save.caches.ms,1734277640678000000,1734277700679000000,0
jps.artifact.entities.serializer.save.entities.ms,1734277640678000000,1734277700679000000,0
workspaceModel.mutableEntityStorage.resolve.ms,1734277640678000000,1734277700679000000,0
workspaceModel.orphan.listener.update.ms,1734277640678000000,1734277700679000000,0
workspaceModel.moduleManagerBridge.create.module.instance.ms,1734277640678000000,1734277700679000000,0
workspaceModel.moduleManagerBridge.get.modules.ms,1734277640678000000,1734277700679000000,0
jps.facet.change.listener.process.change.events.ms,1734277640678000000,1734277700679000000,0
workspaceModel.mutableEntityStorage.replace.by.source.ms,1734277640678000000,1734277700679000000,0
workspaceModel.save.cache.to.file.ms,1734277640678000000,1734277700679000000,0
workspaceModel.global.apply.state.to.project.builder.ms,1734277640678000000,1734277700679000000,0
jps.facet.change.listener.before.change.events.ms,1734277640678000000,1734277700679000000,0
jps.module.iml.entities.serializer.load.entities.ms,1734277640678000000,1734277700679000000,0
jps.save.global.entities.ms,1734277640678000000,1734277700679000000,0
jps.module.iml.entities.serializer.save.entities.ms,1734277640678000000,1734277700679000000,0
workspaceModel.load.cache.metadata.from.file.ms,1734277640678000000,1734277700679000000,0
workspaceModel.mutableEntityStorage.changeLog.addReplaceEventForNewChild.ms,1734277640678000000,1734277700679000000,0
workspaceModel.mutableEntityStorage.entities.by.source.ms,1734277640678000000,1734277700679000000,0
FlushQueue.queueSize90P,1734277640678000000,1734277700679000000,0
FlushQueue.executionTime90PNs,1734277640678000000,1734277700679000000,0
AWTEventQueue.dispatchTimeMaxNs,1734277640678000000,1734277700679000000,0
NonBlockingReadAction.failedExecutionsCount,1734277640678000000,1734277700679000000,0
AWTEventQueue.eventsDispatched,1734277640678000000,1734277700679000000,0
ReadAction.executionsCount,1734277640678000000,1734277700679000000,0
FlushQueue.queueSizeAvg,1734277640678000000,1734277700679000000,0.0
FlushQueue.waitingTimeMaxNs,1734277640678000000,1734277700679000000,0
FlushQueue.tasksExecuted,1734277640678000000,1734277700679000000,0
FlushQueue.queueSizeMax,1734277640678000000,1734277700679000000,0
FlushQueue.executionTimeMaxNs,1734277640678000000,1734277700679000000,0
NonBlockingReadAction.finalizedExecutionsCount,1734277640678000000,1734277700679000000,0
WriteAction.executionsCount,1734277640678000000,1734277700679000000,0
FlushQueue.executionTimeAvgNs,1734277640678000000,1734277700679000000,0.0
AWTEventQueue.dispatchTimeTotalNS,1734277640678000000,1734277700679000000,22885456
NonBlockingReadAction.failedExecutionTimeUs,1734277640678000000,1734277700679000000,0
NonBlockingReadAction.finalizedExecutionTimeUs,1734277640678000000,1734277700679000000,0
AWTEventQueue.dispatchTimeAvgNs,1734277640678000000,1734277700679000000,0.0
FlushQueue.waitingTime90PNs,1734277640678000000,1734277700679000000,0
AWTEventQueue.dispatchTime90PNs,1734277640678000000,1734277700679000000,0
FlushQueue.waitingTimeAvgNs,1734277640678000000,1734277700679000000,0.0
workspaceModel.collect.changes.ms,1734277640678000000,1734277700679000000,0
workspaceModel.cachedValue.total.get.count,1734277640678000000,1734277700679000000,0
workspaceModel.full.replace.project.model.ms,1734277640678000000,1734277700679000000,0
workspaceModel.workspaceFileIndexData.getFileInfo.ms,1734277640678000000,1734277700679000000,0
workspaceModel.loading.total.ms,1734277640678000000,1734277700679000000,0
workspaceModel.updates.ms,1734277640678000000,1734277700679000000,0
workspaceModel.entityStorageSnapshotImpl.instances.count,1734277640678000000,1734277700679000000,0
workspaceModel.loading.from.cache.ms,1734277640678000000,1734277700679000000,0
workspaceModel.workspaceFileIndexData.updateDirtyEntities.ms,1734277640678000000,1734277700679000000,0
workspaceModel.updates.precise.ms,1734277640678000000,1734277700679000000,0
workspaceModel.updates.count,1734277640678000000,1734277700679000000,0
workspaceModel.cachedValue.from.cache.count,1734277640678000000,1734277700679000000,0
workspaceModel.workspaceFileIndexData.init.ms,1734277640678000000,1734277700679000000,0
workspaceModel.cachedValue.calculated.count,1734277640678000000,1734277700679000000,0
workspaceModel.replace.project.model.ms,1734277640678000000,1734277700679000000,0
workspaceModel.on.before.changed.ms,1734277640678000000,1734277700679000000,0
workspaceModel.update.unloaded.entities.ms,1734277640678000000,1734277700679000000,0
workspaceModel.workspaceFileIndexContributor.registerFileSets.ms,1734277640678000000,1734277700679000000,0
workspaceModel.cachedValueWithParameters.total.get.count,1734277640678000000,1734277700679000000,0
workspaceModel.workspaceFileIndexData.getDirectoriesByPackageName.ms,1734277640678000000,1734277700679000000,0
workspaceModel.cachedValueWithParameters.from.cache.count,1734277640678000000,1734277700679000000,0
workspaceModel.workspaceFileIndexData.getPackageName.ms,1734277640678000000,1734277700679000000,0
workspaceModel.cachedValue.clear.count,1734277640678000000,1734277700679000000,0
workspaceModel.workspaceFileIndexData.onEntitiesChanged.ms,1734277640678000000,1734277700679000000,0
workspaceModel.workspaceFileIndexData.visitFileSets.ms,1734277640678000000,1734277700679000000,0
workspaceModel.cachedValueWithParameters.calculated.count,1734277640678000000,1734277700679000000,0
workspaceModel.workspaceFileIndexData.instances.count,1734277640678000000,1734277700679000000,0
workspaceModel.initializing.ms,1734277640678000000,1734277700679000000,0
workspaceModel.workspaceFileIndexData.processFileSets.ms,1734277640678000000,1734277700679000000,0
workspaceModel.init.bridges.ms,1734277640678000000,1734277700679000000,0
workspaceModel.pre.handlers.ms,1734277640678000000,1734277700679000000,0
workspaceModel.cachedValueWithParameters.clear.count,1734277640678000000,1734277700679000000,0
workspaceModel.on.changed.ms,1734277640678000000,1734277700679000000,0
workspaceModel.workspaceFileIndexData.markDirty.ms,1734277640678000000,1734277700679000000,0
workspaceModel.check.recursive.update.ms,1734277640678000000,1734277700679000000,0
workspaceModel.to.snapshot.ms,1734277640678000000,1734277700679000000,0
FilePageCacheLockFree.totalClosedStoragesReclaimed,1734277640678000000,1734277700679000000,0
DirectByteBufferAllocator.misses,1734277640678000000,1734277700679000000,0
DirectByteBufferAllocator.totalSizeOfBuffersAllocatedInBytes,1734277640678000000,1734277700679000000,172023808
StorageLockContext.competingThreads.90P,1734277640678000000,1734277700679000000,0
StreamlinedBlobStorage.totalLiveRecordsPayloadBytes,1734277640678000000,1734277700679000000,0
FilePageCacheLockFree.heapBytesInUse,1734277640678000000,1734277700679000000,0
StreamlinedBlobStorage.recordsRelocated,1734277640678000000,1734277700679000000,0
FilePageCacheLockFree.totalBytesRead,1734277640678000000,1734277700679000000,0
FilePageCache.capacityInBytes,1734277640678000000,1734277700679000000,503316478
FilePageCacheLockFree.totalNativeBytesAllocated,1734277640678000000,1734277700679000000,0
StreamlinedBlobStorage.recordsAllocated,1734277640678000000,1734277700679000000,0
DirectByteBufferAllocator.totalSizeOfBuffersCachedInBytes,1734277640678000000,1734277700679000000,0
MappedFileStorage.totalTimeSpentOnMappingUs,1734277640678000000,1734277700679000000,26897
FilePageCache.disposedBuffers,1734277640678000000,1734277700679000000,0
FilePageCache.maxCacheSizeInBytes,1734277640678000000,1734277700679000000,172023808
FilePageCache.pageFastCacheHits,1734277640678000000,1734277700679000000,0
FilePageCacheLockFree.totalHeapBytesAllocated,1734277640678000000,1734277700679000000,0
StreamlinedBlobStorage.totalLiveRecordsCapacityBytes,1734277640678000000,1734277700679000000,0
FilePageCacheLockFree.totalPagesHandedOver,1734277640678000000,1734277700679000000,0
FilePageCacheLockFree.totalPagesAllocated,1734277640678000000,1734277700679000000,0
FileChannelInterruptsRetryer.totalRetriedAttempts,1734277640678000000,1734277700679000000,0
FilePageCache.pageHits,1734277640678000000,1734277700679000000,0
StorageLockContext.competingThreads.max,1734277640678000000,1734277700679000000,0
FilePageCacheLockFree.totalPageAllocationsWaited,1734277640678000000,1734277700679000000,0
FilePageCacheLockFree.totalBytesWritten,1734277640678000000,1734277700679000000,0
FilePageCacheLockFree.totalBytesRequested,1734277640678000000,1734277700679000000,0
FilePageCacheLockFree.totalNativeBytesReclaimed,1734277640678000000,1734277700679000000,0
StreamlinedBlobStorage.recordsDeleted,1734277640678000000,1734277700679000000,0
FilePageCacheLockFree.housekeeperTimeSpentMs,1734277640678000000,1734277700679000000,0
FilePageCacheLockFree.totalPagesReclaimed,1734277640678000000,1734277700679000000,0
FilePageCache.totalPageLoadsUs,1734277640678000000,1734277700679000000,0
FilePageCacheLockFree.totalPagesReadMs,1734277640678000000,1734277700679000000,0
StorageLockContext.competingThreads.avg,1734277640678000000,1734277700679000000,0.0
FilePageCache.pageLoadsAboveSizeThreshold,1734277640678000000,1734277700679000000,0
FilePageCacheLockFree.totalPagesRequested,1734277640678000000,1734277700679000000,0
FilePageCache.totalPageDisposalsUs,1734277640678000000,1734277700679000000,0
FilePageCache.pageLoads,1734277640678000000,1734277700679000000,0
FilePageCacheLockFree.housekeeperTurnsDone,1734277640678000000,1734277700679000000,0
FilePageCacheLockFree.totalPagesWriteMs,1734277640678000000,1734277700679000000,0
FilePageCache.maxRegisteredFiles,1734277640678000000,1734277700679000000,262
FilePageCache.uncachedFileAccess,1734277640678000000,1734277700679000000,0
MappedFileStorage.totalBytesMapped,1734277640678000000,1734277700679000000,202637312
DirectByteBufferAllocator.disposed,1734277640678000000,1734277700679000000,0
FilePageCacheLockFree.totalHeapBytesReclaimed,1734277640678000000,1734277700679000000,0
FilePageCacheLockFree.totalPagesRequestsMs,1734277640678000000,1734277700679000000,0
MappedFileStorage.storages,1734277640678000000,1734277700679000000,16
DirectByteBufferAllocator.reclaimed,1734277640678000000,1734277700679000000,0
MappedFileStorage.totalPagesMapped,1734277640678000000,1734277700679000000,16
FilePageCacheLockFree.nativeBytesInUse,1734277640678000000,1734277700679000000,0
FilePageCacheLockFree.totalPagesWritten,1734277640678000000,1734277700679000000,0
FilePageCacheLockFree.housekeeperTurnsSkipped,1734277640678000000,1734277700679000000,0
DirectByteBufferAllocator.hits,1734277640678000000,1734277700679000000,0
Indexes.stubs.lookupDuration90PMs,1734277640678000000,1734277700679000000,0.0
IndexesFlusher.totalFlushingTimeUs,1734277640678000000,1734277700679000000,66831
Indexes.allKeys.lookups,1734277640678000000,1734277700679000000,0
Indexes.stubs.lookupDurationMaxMs,1734277640678000000,1734277700679000000,0.0
Indexes.allKeys.lookupDurationAvgMs,1734277640678000000,1734277700679000000,0.0
Indexes.entries.lookupDuration90PMs,1734277640678000000,1734277700679000000,0.0
Indexes.entries.lookupDurationAvgMs,1734277640678000000,1734277700679000000,0.0
Indexes.stubs.lookups,1734277640678000000,1734277700679000000,0
Indexes.entries.lookups,1734277640678000000,1734277700679000000,0
Indexes.allKeys.lookupDuration90PMs,1734277640678000000,1734277700679000000,0.0
Indexes.allKeys.lookupDurationMaxMs,1734277640678000000,1734277700679000000,0.0
Indexes.stubs.lookupDurationAvgMs,1734277640678000000,1734277700679000000,0.0
Indexes.entries.lookupDurationMaxMs,1734277640678000000,1734277700679000000,0.0
IndexesFlusher.totalFlushes,1734277640678000000,1734277700679000000,60
IndexesFlusher.totalFlushesRetried,1734277640678000000,1734277700679000000,0
IndexesFlusher.totalContentionQuotaSpent,1734277640678000000,1734277700679000000,0
cacheStateStorage.set.counter,1734277640678000000,1734277700679000000,0
cacheStateStorage.set.duration,1734277640678000000,1734277700679000000,0
cacheStateStorage.get.duration,1734277640678000000,1734277700679000000,0
cacheStateStorage.get.counter,1734277640678000000,1734277700679000000,0
JVM.newThreadsCount,1734277700679000000,1734277760678000000,0
JVM.threadCount,1734277700679000000,1734277760678000000,42
JVM.usedHeapBytes,1734277700679000000,1734277760678000000,1146617856
JVM.totalCpuTimeMs,1734277700679000000,1734277760678000000,2300
JVM.totalDirectByteBuffersBytes,1734277700679000000,1734277760678000000,172471226
JVM.usedNativeBytes,1734277700679000000,1734277760678000000,465103984
JVM.totalTimeAtSafepointsMs,1734277700679000000,1734277760678000000,0
JVM.totalTimeToSafepointsMs,1734277700679000000,1734277760678000000,0
JVM.totalSafepointCount,1734277700679000000,1734277760678000000,3
JVM.GC.collections,1734277700679000000,1734277760678000000,0
JVM.maxHeapBytes,1734277700679000000,1734277760678000000,2147483648
JVM.maxThreadCount,1734277700679000000,1734277760678000000,109
OS.loadAverage,1734277700679000000,1734277760678000000,0.35009765625
JVM.GC.collectionTimesMs,1734277700679000000,1734277760678000000,0
JVM.totalBytesAllocated,1734277700679000000,1734277760678000000,5644128
FileNameCache.totalMisses,1734277700679000000,1734277760678000000,0
VFS.invertedFileNameIndex.requests,1734277700679000000,1734277760678000000,0
VFS.contentStorage.recordsStored,1734277700679000000,1734277760678000000,0
VFS.contentStorage.recordsRead,1734277700679000000,1734277760678000000,0
VFS.contentStorage.recordsDeduplicated,1734277700679000000,1734277760678000000,0
VFS.fileByIdCache.misses,1734277700679000000,1734277760678000000,0
VFS.fileChildByName,1734277700679000000,1734277760678000000,0
VFS.fileByIdCache.hits,1734277700679000000,1734277760678000000,0
VFS.contentStorage.recordsStoredCompressed,1734277700679000000,1734277760678000000,0
VFS.contentStorage.recordsUncompressedSize,1734277700679000000,1734277760678000000,0
VFS.contentStorage.recordsReadDecompressed,1734277700679000000,1734277760678000000,0
VFS.contentStorage.recordsDecompressionTimeUs,1734277700679000000,1734277760678000000,0
FileNameCache.queries,1734277700679000000,1734277760678000000,0
VFS.contentStorage.recordsReadSize,1734277700679000000,1734277760678000000,0
VFS.contentStorage.recordsStoredSize,1734277700679000000,1734277760678000000,0
writeAction.count,1734277700679000000,1734277760678000000,0
writeAction.median.wait.ms,1734277700679000000,1734277760678000000,0
writeAction.max.wait.ms,1734277700679000000,1734277760678000000,26
writeAction.wait.ms,1734277700679000000,1734277760678000000,0
workspaceModel.mutableEntityStorage.collect.changes.ms,1734277700679000000,1734277760678000000,0
workspaceModel.mutableEntityStorage.apply.changes.from.ms,1734277700679000000,1734277760678000000,0
workspaceModel.mutableEntityStorage.modify.entity.ms,1734277700679000000,1734277760678000000,0
jps.global.handle.before.change.events.ms,1734277700679000000,1734277760678000000,0
workspaceModel.moduleManagerBridge.load.all.modules.ms,1734277700679000000,1734277760678000000,0
workspaceModel.mutableEntityStorage.changeLog.addReplaceEventForRemovedParent.ms,1734277700679000000,1734277760678000000,0
workspaceModel.moduleManagerBridge.newModule.ms,1734277700679000000,1734277760678000000,0
workspaceModel.mutableEntityStorage.mutable.ext.mapping.ms,1734277700679000000,1734277760678000000,0
jps.global.get.library.ms,1734277700679000000,1734277760678000000,0
workspaceModel.mutableEntityStorage.referrers.ms,1734277700679000000,1734277760678000000,0
workspaceModel.moduleBridge.facet.initialization.ms,1734277700679000000,1734277760678000000,0
jps.artifact.entities.serializer.load.entities.ms,1734277700679000000,1734277760678000000,0
workspaceModel.mutableEntityStorage.changeLog.addReplaceEventForRemovedChild.ms,1734277700679000000,1734277760678000000,0
workspaceModel.global.updates.count,1734277700679000000,1734277760678000000,0
jps.apply.loaded.storage.ms,1734277700679000000,1734277760678000000,0
workspaceModel.mutableEntityStorage.changeLog.addReplaceEventForNewParent.ms,1734277700679000000,1734277760678000000,0
jps.global.get.libraries.ms,1734277700679000000,1734277760678000000,0
jps.reload.project.entities.ms,1734277700679000000,1734277760678000000,0
workspaceModel.mutableEntityStorage.to.snapshot.ms,1734277700679000000,1734277760678000000,0
workspaceModel.global.updates.ms,1734277700679000000,1734277760678000000,0
workspaceModel.moduleManagerBridge.new.nonPersistent.module.ms,1734277700679000000,1734277760678000000,0
jps.project.serializers.load.ms,1734277700679000000,1734277760678000000,0
workspaceModel.moduleBridge.before.changed.ms,1734277700679000000,1734277760678000000,0
jps.global.get.library.by.name.ms,1734277700679000000,1734277760678000000,0
jps.save.changed.project.entities.ms,1734277700679000000,1734277760678000000,0
jps.global.initialize.library.bridges.after.loading.ms,1734277700679000000,1734277760678000000,0
jps.library.entities.serializer.load.entities.ms,1734277700679000000,1734277760678000000,0
workspaceModel.moduleManagerBridge.set.unloadedModules.ms,1734277700679000000,1734277760678000000,0
workspaceModel.moduleBridgeLoader.loading.modules.ms,1734277700679000000,1734277760678000000,0
jps.project.serializers.save.ms,1734277700679000000,1734277760678000000,0
workspaceModel.mutableEntityStorage.put.entity.ms,1734277700679000000,1734277760678000000,0
jps.load.initial.state.ms,1734277700679000000,1734277760678000000,0
jps.storage.jps.conf.reader.load.component.ms,1734277700679000000,1734277760678000000,0
jps.library.entities.serializer.save.entities.ms,1734277700679000000,1734277760678000000,0
workspaceModel.global.apply.state.to.project.ms,1734277700679000000,1734277760678000000,0
workspaceModel.moduleManagerBridge.load.module.ms,1734277700679000000,1734277760678000000,0
jps.global.initialize.library.bridges.ms,1734277700679000000,1734277760678000000,0
workspaceModel.mutableEntityStorage.remove.entity.ms,1734277700679000000,1734277760678000000,0
workspaceModel.mutableEntityStorage.has.same.entities.ms,1734277700679000000,1734277760678000000,0
workspaceModel.mutableEntityStorage.instances.count,1734277700679000000,1734277760678000000,0
workspaceModel.mutableEntityStorage.add.entity.ms,1734277700679000000,1734277760678000000,0
workspaceModel.delayed.project.synchronizer.sync.ms,1734277700679000000,1734277760678000000,0
workspaceModel.moduleManagerBridge.build.module.graph.ms,1734277700679000000,1734277760678000000,0
workspaceModel.load.cache.from.file.ms,1734277700679000000,1734277760678000000,0
workspaceModel.moduleBridge.update.option.ms,1734277700679000000,1734277760678000000,0
jps.load.project.to.empty.storage.ms,1734277700679000000,1734277760678000000,0
jps.app.storage.content.writer.save.component.ms,1734277700679000000,1734277760678000000,0
workspaceModel.sync.entities.ms,1734277700679000000,1734277760678000000,0
jps.app.storage.content.reader.load.component.ms,1734277700679000000,1734277760678000000,0
jps.module.dependency.index.workspace.model.listener.on.changed.ms,1734277700679000000,1734277760678000000,0
workspaceModel.mutableEntityStorage.mutable.vfurl.index.ms,1734277700679000000,1734277760678000000,0
jps.global.handle.changed.events.ms,1734277700679000000,1734277760678000000,0
jps.facet.change.listener.init.bridge.ms,1734277700679000000,1734277760678000000,0
workspaceModel.mutableEntityStorage.entities.ms,1734277700679000000,1734277760678000000,0
workspaceModel.do.save.caches.ms,1734277700679000000,1734277760678000000,0
jps.artifact.entities.serializer.save.entities.ms,1734277700679000000,1734277760678000000,0
workspaceModel.mutableEntityStorage.resolve.ms,1734277700679000000,1734277760678000000,0
workspaceModel.orphan.listener.update.ms,1734277700679000000,1734277760678000000,0
workspaceModel.moduleManagerBridge.create.module.instance.ms,1734277700679000000,1734277760678000000,0
workspaceModel.moduleManagerBridge.get.modules.ms,1734277700679000000,1734277760678000000,0
jps.facet.change.listener.process.change.events.ms,1734277700679000000,1734277760678000000,0
workspaceModel.mutableEntityStorage.replace.by.source.ms,1734277700679000000,1734277760678000000,0
workspaceModel.save.cache.to.file.ms,1734277700679000000,1734277760678000000,0
workspaceModel.global.apply.state.to.project.builder.ms,1734277700679000000,1734277760678000000,0
jps.facet.change.listener.before.change.events.ms,1734277700679000000,1734277760678000000,0
jps.module.iml.entities.serializer.load.entities.ms,1734277700679000000,1734277760678000000,0
jps.save.global.entities.ms,1734277700679000000,1734277760678000000,0
jps.module.iml.entities.serializer.save.entities.ms,1734277700679000000,1734277760678000000,0
workspaceModel.load.cache.metadata.from.file.ms,1734277700679000000,1734277760678000000,0
workspaceModel.mutableEntityStorage.changeLog.addReplaceEventForNewChild.ms,1734277700679000000,1734277760678000000,0
workspaceModel.mutableEntityStorage.entities.by.source.ms,1734277700679000000,1734277760678000000,0
FlushQueue.queueSize90P,1734277700679000000,1734277760678000000,0
FlushQueue.executionTime90PNs,1734277700679000000,1734277760678000000,0
AWTEventQueue.dispatchTimeMaxNs,1734277700679000000,1734277760678000000,0
NonBlockingReadAction.failedExecutionsCount,1734277700679000000,1734277760678000000,0
AWTEventQueue.eventsDispatched,1734277700679000000,1734277760678000000,0
ReadAction.executionsCount,1734277700679000000,1734277760678000000,0
FlushQueue.queueSizeAvg,1734277700679000000,1734277760678000000,0.0
FlushQueue.waitingTimeMaxNs,1734277700679000000,1734277760678000000,0
FlushQueue.tasksExecuted,1734277700679000000,1734277760678000000,0
FlushQueue.queueSizeMax,1734277700679000000,1734277760678000000,0
FlushQueue.executionTimeMaxNs,1734277700679000000,1734277760678000000,0
NonBlockingReadAction.finalizedExecutionsCount,1734277700679000000,1734277760678000000,0
WriteAction.executionsCount,1734277700679000000,1734277760678000000,0
FlushQueue.executionTimeAvgNs,1734277700679000000,1734277760678000000,0.0
AWTEventQueue.dispatchTimeTotalNS,1734277700679000000,1734277760678000000,23151103
NonBlockingReadAction.failedExecutionTimeUs,1734277700679000000,1734277760678000000,0
NonBlockingReadAction.finalizedExecutionTimeUs,1734277700679000000,1734277760678000000,0
AWTEventQueue.dispatchTimeAvgNs,1734277700679000000,1734277760678000000,0.0
FlushQueue.waitingTime90PNs,1734277700679000000,1734277760678000000,0
AWTEventQueue.dispatchTime90PNs,1734277700679000000,1734277760678000000,0
FlushQueue.waitingTimeAvgNs,1734277700679000000,1734277760678000000,0.0
workspaceModel.collect.changes.ms,1734277700679000000,1734277760678000000,0
workspaceModel.cachedValue.total.get.count,1734277700679000000,1734277760678000000,0
workspaceModel.full.replace.project.model.ms,1734277700679000000,1734277760678000000,0
workspaceModel.workspaceFileIndexData.getFileInfo.ms,1734277700679000000,1734277760678000000,0
workspaceModel.loading.total.ms,1734277700679000000,1734277760678000000,0
workspaceModel.updates.ms,1734277700679000000,1734277760678000000,0
workspaceModel.entityStorageSnapshotImpl.instances.count,1734277700679000000,1734277760678000000,0
workspaceModel.loading.from.cache.ms,1734277700679000000,1734277760678000000,0
workspaceModel.workspaceFileIndexData.updateDirtyEntities.ms,1734277700679000000,1734277760678000000,0
workspaceModel.updates.precise.ms,1734277700679000000,1734277760678000000,0
workspaceModel.updates.count,1734277700679000000,1734277760678000000,0
workspaceModel.cachedValue.from.cache.count,1734277700679000000,1734277760678000000,0
workspaceModel.workspaceFileIndexData.init.ms,1734277700679000000,1734277760678000000,0
workspaceModel.cachedValue.calculated.count,1734277700679000000,1734277760678000000,0
workspaceModel.replace.project.model.ms,1734277700679000000,1734277760678000000,0
workspaceModel.on.before.changed.ms,1734277700679000000,1734277760678000000,0
workspaceModel.update.unloaded.entities.ms,1734277700679000000,1734277760678000000,0
workspaceModel.workspaceFileIndexContributor.registerFileSets.ms,1734277700679000000,1734277760678000000,0
workspaceModel.cachedValueWithParameters.total.get.count,1734277700679000000,1734277760678000000,0
workspaceModel.workspaceFileIndexData.getDirectoriesByPackageName.ms,1734277700679000000,1734277760678000000,0
workspaceModel.cachedValueWithParameters.from.cache.count,1734277700679000000,1734277760678000000,0
workspaceModel.workspaceFileIndexData.getPackageName.ms,1734277700679000000,1734277760678000000,0
workspaceModel.cachedValue.clear.count,1734277700679000000,1734277760678000000,0
workspaceModel.workspaceFileIndexData.onEntitiesChanged.ms,1734277700679000000,1734277760678000000,0
workspaceModel.workspaceFileIndexData.visitFileSets.ms,1734277700679000000,1734277760678000000,0
workspaceModel.cachedValueWithParameters.calculated.count,1734277700679000000,1734277760678000000,0
workspaceModel.workspaceFileIndexData.instances.count,1734277700679000000,1734277760678000000,0
workspaceModel.initializing.ms,1734277700679000000,1734277760678000000,0
workspaceModel.workspaceFileIndexData.processFileSets.ms,1734277700679000000,1734277760678000000,0
workspaceModel.init.bridges.ms,1734277700679000000,1734277760678000000,0
workspaceModel.pre.handlers.ms,1734277700679000000,1734277760678000000,0
workspaceModel.cachedValueWithParameters.clear.count,1734277700679000000,1734277760678000000,0
workspaceModel.on.changed.ms,1734277700679000000,1734277760678000000,0
workspaceModel.workspaceFileIndexData.markDirty.ms,1734277700679000000,1734277760678000000,0
workspaceModel.check.recursive.update.ms,1734277700679000000,1734277760678000000,0
workspaceModel.to.snapshot.ms,1734277700679000000,1734277760678000000,0
FilePageCacheLockFree.totalClosedStoragesReclaimed,1734277700679000000,1734277760678000000,0
DirectByteBufferAllocator.misses,1734277700679000000,1734277760678000000,0
DirectByteBufferAllocator.totalSizeOfBuffersAllocatedInBytes,1734277700679000000,1734277760678000000,172023808
StorageLockContext.competingThreads.90P,1734277700679000000,1734277760678000000,0
StreamlinedBlobStorage.totalLiveRecordsPayloadBytes,1734277700679000000,1734277760678000000,0
FilePageCacheLockFree.heapBytesInUse,1734277700679000000,1734277760678000000,0
StreamlinedBlobStorage.recordsRelocated,1734277700679000000,1734277760678000000,0
FilePageCacheLockFree.totalBytesRead,1734277700679000000,1734277760678000000,0
FilePageCache.capacityInBytes,1734277700679000000,1734277760678000000,503316478
FilePageCacheLockFree.totalNativeBytesAllocated,1734277700679000000,1734277760678000000,0
StreamlinedBlobStorage.recordsAllocated,1734277700679000000,1734277760678000000,0
DirectByteBufferAllocator.totalSizeOfBuffersCachedInBytes,1734277700679000000,1734277760678000000,0
MappedFileStorage.totalTimeSpentOnMappingUs,1734277700679000000,1734277760678000000,26897
FilePageCache.disposedBuffers,1734277700679000000,1734277760678000000,0
FilePageCache.maxCacheSizeInBytes,1734277700679000000,1734277760678000000,172023808
FilePageCache.pageFastCacheHits,1734277700679000000,1734277760678000000,0
FilePageCacheLockFree.totalHeapBytesAllocated,1734277700679000000,1734277760678000000,0
StreamlinedBlobStorage.totalLiveRecordsCapacityBytes,1734277700679000000,1734277760678000000,0
FilePageCacheLockFree.totalPagesHandedOver,1734277700679000000,1734277760678000000,0
FilePageCacheLockFree.totalPagesAllocated,1734277700679000000,1734277760678000000,0
FileChannelInterruptsRetryer.totalRetriedAttempts,1734277700679000000,1734277760678000000,0
FilePageCache.pageHits,1734277700679000000,1734277760678000000,0
StorageLockContext.competingThreads.max,1734277700679000000,1734277760678000000,0
FilePageCacheLockFree.totalPageAllocationsWaited,1734277700679000000,1734277760678000000,0
FilePageCacheLockFree.totalBytesWritten,1734277700679000000,1734277760678000000,0
FilePageCacheLockFree.totalBytesRequested,1734277700679000000,1734277760678000000,0
FilePageCacheLockFree.totalNativeBytesReclaimed,1734277700679000000,1734277760678000000,0
StreamlinedBlobStorage.recordsDeleted,1734277700679000000,1734277760678000000,0
FilePageCacheLockFree.housekeeperTimeSpentMs,1734277700679000000,1734277760678000000,0
FilePageCacheLockFree.totalPagesReclaimed,1734277700679000000,1734277760678000000,0
FilePageCache.totalPageLoadsUs,1734277700679000000,1734277760678000000,0
FilePageCacheLockFree.totalPagesReadMs,1734277700679000000,1734277760678000000,0
StorageLockContext.competingThreads.avg,1734277700679000000,1734277760678000000,0.0
FilePageCache.pageLoadsAboveSizeThreshold,1734277700679000000,1734277760678000000,0
FilePageCacheLockFree.totalPagesRequested,1734277700679000000,1734277760678000000,0
FilePageCache.totalPageDisposalsUs,1734277700679000000,1734277760678000000,0
FilePageCache.pageLoads,1734277700679000000,1734277760678000000,0
FilePageCacheLockFree.housekeeperTurnsDone,1734277700679000000,1734277760678000000,0
FilePageCacheLockFree.totalPagesWriteMs,1734277700679000000,1734277760678000000,0
FilePageCache.maxRegisteredFiles,1734277700679000000,1734277760678000000,262
FilePageCache.uncachedFileAccess,1734277700679000000,1734277760678000000,0
MappedFileStorage.totalBytesMapped,1734277700679000000,1734277760678000000,202637312
DirectByteBufferAllocator.disposed,1734277700679000000,1734277760678000000,0
FilePageCacheLockFree.totalHeapBytesReclaimed,1734277700679000000,1734277760678000000,0
FilePageCacheLockFree.totalPagesRequestsMs,1734277700679000000,1734277760678000000,0
MappedFileStorage.storages,1734277700679000000,1734277760678000000,16
DirectByteBufferAllocator.reclaimed,1734277700679000000,1734277760678000000,0
MappedFileStorage.totalPagesMapped,1734277700679000000,1734277760678000000,16
FilePageCacheLockFree.nativeBytesInUse,1734277700679000000,1734277760678000000,0
FilePageCacheLockFree.totalPagesWritten,1734277700679000000,1734277760678000000,0
FilePageCacheLockFree.housekeeperTurnsSkipped,1734277700679000000,1734277760678000000,0
DirectByteBufferAllocator.hits,1734277700679000000,1734277760678000000,0
Indexes.stubs.lookupDuration90PMs,1734277700679000000,1734277760678000000,0.0
IndexesFlusher.totalFlushingTimeUs,1734277700679000000,1734277760678000000,62602
Indexes.allKeys.lookups,1734277700679000000,1734277760678000000,0
Indexes.stubs.lookupDurationMaxMs,1734277700679000000,1734277760678000000,0.0
Indexes.allKeys.lookupDurationAvgMs,1734277700679000000,1734277760678000000,0.0
Indexes.entries.lookupDuration90PMs,1734277700679000000,1734277760678000000,0.0
Indexes.entries.lookupDurationAvgMs,1734277700679000000,1734277760678000000,0.0
Indexes.stubs.lookups,1734277700679000000,1734277760678000000,0
Indexes.entries.lookups,1734277700679000000,1734277760678000000,0
Indexes.allKeys.lookupDuration90PMs,1734277700679000000,1734277760678000000,0.0
Indexes.allKeys.lookupDurationMaxMs,1734277700679000000,1734277760678000000,0.0
Indexes.stubs.lookupDurationAvgMs,1734277700679000000,1734277760678000000,0.0
Indexes.entries.lookupDurationMaxMs,1734277700679000000,1734277760678000000,0.0
IndexesFlusher.totalFlushes,1734277700679000000,1734277760678000000,59
IndexesFlusher.totalFlushesRetried,1734277700679000000,1734277760678000000,0
IndexesFlusher.totalContentionQuotaSpent,1734277700679000000,1734277760678000000,0
cacheStateStorage.set.counter,1734277700679000000,1734277760678000000,0
cacheStateStorage.set.duration,1734277700679000000,1734277760678000000,0
cacheStateStorage.get.duration,1734277700679000000,1734277760678000000,0
cacheStateStorage.get.counter,1734277700679000000,1734277760678000000,0
JVM.newThreadsCount,1734277760678000000,1734277820679000000,0
JVM.threadCount,1734277760678000000,1734277820679000000,42
JVM.usedHeapBytes,1734277760678000000,1734277820679000000,1155006464
JVM.totalCpuTimeMs,1734277760678000000,1734277820679000000,2360
JVM.totalDirectByteBuffersBytes,1734277760678000000,1734277820679000000,172471226
JVM.usedNativeBytes,1734277760678000000,1734277820679000000,465224888
JVM.totalTimeAtSafepointsMs,1734277760678000000,1734277820679000000,1
JVM.totalTimeToSafepointsMs,1734277760678000000,1734277820679000000,0
JVM.totalSafepointCount,1734277760678000000,1734277820679000000,4
JVM.GC.collections,1734277760678000000,1734277820679000000,0
JVM.maxHeapBytes,1734277760678000000,1734277820679000000,2147483648
JVM.maxThreadCount,1734277760678000000,1734277820679000000,109
OS.loadAverage,1734277760678000000,1734277820679000000,0.24755859375
JVM.GC.collectionTimesMs,1734277760678000000,1734277820679000000,0
JVM.totalBytesAllocated,1734277760678000000,1734277820679000000,8513784
FileNameCache.totalMisses,1734277760678000000,1734277820679000000,0
VFS.invertedFileNameIndex.requests,1734277760678000000,1734277820679000000,0
VFS.contentStorage.recordsStored,1734277760678000000,1734277820679000000,0
VFS.contentStorage.recordsRead,1734277760678000000,1734277820679000000,0
VFS.contentStorage.recordsDeduplicated,1734277760678000000,1734277820679000000,0
VFS.fileByIdCache.misses,1734277760678000000,1734277820679000000,0
VFS.fileChildByName,1734277760678000000,1734277820679000000,28
VFS.fileByIdCache.hits,1734277760678000000,1734277820679000000,0
VFS.contentStorage.recordsStoredCompressed,1734277760678000000,1734277820679000000,0
VFS.contentStorage.recordsUncompressedSize,1734277760678000000,1734277820679000000,0
VFS.contentStorage.recordsReadDecompressed,1734277760678000000,1734277820679000000,0
VFS.contentStorage.recordsDecompressionTimeUs,1734277760678000000,1734277820679000000,0
FileNameCache.queries,1734277760678000000,1734277820679000000,256
VFS.contentStorage.recordsReadSize,1734277760678000000,1734277820679000000,0
VFS.contentStorage.recordsStoredSize,1734277760678000000,1734277820679000000,0
writeAction.count,1734277760678000000,1734277820679000000,0
writeAction.median.wait.ms,1734277760678000000,1734277820679000000,0
writeAction.max.wait.ms,1734277760678000000,1734277820679000000,26
writeAction.wait.ms,1734277760678000000,1734277820679000000,0
workspaceModel.mutableEntityStorage.collect.changes.ms,1734277760678000000,1734277820679000000,0
workspaceModel.mutableEntityStorage.apply.changes.from.ms,1734277760678000000,1734277820679000000,0
workspaceModel.mutableEntityStorage.modify.entity.ms,1734277760678000000,1734277820679000000,0
jps.global.handle.before.change.events.ms,1734277760678000000,1734277820679000000,0
workspaceModel.moduleManagerBridge.load.all.modules.ms,1734277760678000000,1734277820679000000,0
workspaceModel.mutableEntityStorage.changeLog.addReplaceEventForRemovedParent.ms,1734277760678000000,1734277820679000000,0
workspaceModel.moduleManagerBridge.newModule.ms,1734277760678000000,1734277820679000000,0
workspaceModel.mutableEntityStorage.mutable.ext.mapping.ms,1734277760678000000,1734277820679000000,0
jps.global.get.library.ms,1734277760678000000,1734277820679000000,0
workspaceModel.mutableEntityStorage.referrers.ms,1734277760678000000,1734277820679000000,0
workspaceModel.moduleBridge.facet.initialization.ms,1734277760678000000,1734277820679000000,0
jps.artifact.entities.serializer.load.entities.ms,1734277760678000000,1734277820679000000,0
workspaceModel.mutableEntityStorage.changeLog.addReplaceEventForRemovedChild.ms,1734277760678000000,1734277820679000000,0
workspaceModel.global.updates.count,1734277760678000000,1734277820679000000,0
jps.apply.loaded.storage.ms,1734277760678000000,1734277820679000000,0
workspaceModel.mutableEntityStorage.changeLog.addReplaceEventForNewParent.ms,1734277760678000000,1734277820679000000,0
jps.global.get.libraries.ms,1734277760678000000,1734277820679000000,0
jps.reload.project.entities.ms,1734277760678000000,1734277820679000000,0
workspaceModel.mutableEntityStorage.to.snapshot.ms,1734277760678000000,1734277820679000000,0
workspaceModel.global.updates.ms,1734277760678000000,1734277820679000000,0
workspaceModel.moduleManagerBridge.new.nonPersistent.module.ms,1734277760678000000,1734277820679000000,0
jps.project.serializers.load.ms,1734277760678000000,1734277820679000000,0
workspaceModel.moduleBridge.before.changed.ms,1734277760678000000,1734277820679000000,0
jps.global.get.library.by.name.ms,1734277760678000000,1734277820679000000,0
jps.save.changed.project.entities.ms,1734277760678000000,1734277820679000000,0
jps.global.initialize.library.bridges.after.loading.ms,1734277760678000000,1734277820679000000,0
jps.library.entities.serializer.load.entities.ms,1734277760678000000,1734277820679000000,0
workspaceModel.moduleManagerBridge.set.unloadedModules.ms,1734277760678000000,1734277820679000000,0
workspaceModel.moduleBridgeLoader.loading.modules.ms,1734277760678000000,1734277820679000000,0
jps.project.serializers.save.ms,1734277760678000000,1734277820679000000,0
workspaceModel.mutableEntityStorage.put.entity.ms,1734277760678000000,1734277820679000000,0
jps.load.initial.state.ms,1734277760678000000,1734277820679000000,0
jps.storage.jps.conf.reader.load.component.ms,1734277760678000000,1734277820679000000,0
jps.library.entities.serializer.save.entities.ms,1734277760678000000,1734277820679000000,0
workspaceModel.global.apply.state.to.project.ms,1734277760678000000,1734277820679000000,0
workspaceModel.moduleManagerBridge.load.module.ms,1734277760678000000,1734277820679000000,0
jps.global.initialize.library.bridges.ms,1734277760678000000,1734277820679000000,0
workspaceModel.mutableEntityStorage.remove.entity.ms,1734277760678000000,1734277820679000000,0
workspaceModel.mutableEntityStorage.has.same.entities.ms,1734277760678000000,1734277820679000000,0
workspaceModel.mutableEntityStorage.instances.count,1734277760678000000,1734277820679000000,0
workspaceModel.mutableEntityStorage.add.entity.ms,1734277760678000000,1734277820679000000,0
workspaceModel.delayed.project.synchronizer.sync.ms,1734277760678000000,1734277820679000000,0
workspaceModel.moduleManagerBridge.build.module.graph.ms,1734277760678000000,1734277820679000000,0
workspaceModel.load.cache.from.file.ms,1734277760678000000,1734277820679000000,0
workspaceModel.moduleBridge.update.option.ms,1734277760678000000,1734277820679000000,0
jps.load.project.to.empty.storage.ms,1734277760678000000,1734277820679000000,0
jps.app.storage.content.writer.save.component.ms,1734277760678000000,1734277820679000000,0
workspaceModel.sync.entities.ms,1734277760678000000,1734277820679000000,0
jps.app.storage.content.reader.load.component.ms,1734277760678000000,1734277820679000000,0
jps.module.dependency.index.workspace.model.listener.on.changed.ms,1734277760678000000,1734277820679000000,0
workspaceModel.mutableEntityStorage.mutable.vfurl.index.ms,1734277760678000000,1734277820679000000,0
jps.global.handle.changed.events.ms,1734277760678000000,1734277820679000000,0
jps.facet.change.listener.init.bridge.ms,1734277760678000000,1734277820679000000,0
workspaceModel.mutableEntityStorage.entities.ms,1734277760678000000,1734277820679000000,0
workspaceModel.do.save.caches.ms,1734277760678000000,1734277820679000000,0
jps.artifact.entities.serializer.save.entities.ms,1734277760678000000,1734277820679000000,0
workspaceModel.mutableEntityStorage.resolve.ms,1734277760678000000,1734277820679000000,0
workspaceModel.orphan.listener.update.ms,1734277760678000000,1734277820679000000,0
workspaceModel.moduleManagerBridge.create.module.instance.ms,1734277760678000000,1734277820679000000,0
workspaceModel.moduleManagerBridge.get.modules.ms,1734277760678000000,1734277820679000000,0
jps.facet.change.listener.process.change.events.ms,1734277760678000000,1734277820679000000,0
workspaceModel.mutableEntityStorage.replace.by.source.ms,1734277760678000000,1734277820679000000,0
workspaceModel.save.cache.to.file.ms,1734277760678000000,1734277820679000000,0
workspaceModel.global.apply.state.to.project.builder.ms,1734277760678000000,1734277820679000000,0
jps.facet.change.listener.before.change.events.ms,1734277760678000000,1734277820679000000,0
jps.module.iml.entities.serializer.load.entities.ms,1734277760678000000,1734277820679000000,0
jps.save.global.entities.ms,1734277760678000000,1734277820679000000,0
jps.module.iml.entities.serializer.save.entities.ms,1734277760678000000,1734277820679000000,0
workspaceModel.load.cache.metadata.from.file.ms,1734277760678000000,1734277820679000000,0
workspaceModel.mutableEntityStorage.changeLog.addReplaceEventForNewChild.ms,1734277760678000000,1734277820679000000,0
workspaceModel.mutableEntityStorage.entities.by.source.ms,1734277760678000000,1734277820679000000,0
FlushQueue.queueSize90P,1734277760678000000,1734277820679000000,0
FlushQueue.executionTime90PNs,1734277760678000000,1734277820679000000,0
AWTEventQueue.dispatchTimeMaxNs,1734277760678000000,1734277820679000000,0
NonBlockingReadAction.failedExecutionsCount,1734277760678000000,1734277820679000000,0
AWTEventQueue.eventsDispatched,1734277760678000000,1734277820679000000,0
ReadAction.executionsCount,1734277760678000000,1734277820679000000,9562
FlushQueue.queueSizeAvg,1734277760678000000,1734277820679000000,0.0
FlushQueue.waitingTimeMaxNs,1734277760678000000,1734277820679000000,0
FlushQueue.tasksExecuted,1734277760678000000,1734277820679000000,0
FlushQueue.queueSizeMax,1734277760678000000,1734277820679000000,0
FlushQueue.executionTimeMaxNs,1734277760678000000,1734277820679000000,0
NonBlockingReadAction.finalizedExecutionsCount,1734277760678000000,1734277820679000000,2
WriteAction.executionsCount,1734277760678000000,1734277820679000000,0
FlushQueue.executionTimeAvgNs,1734277760678000000,1734277820679000000,0.0
AWTEventQueue.dispatchTimeTotalNS,1734277760678000000,1734277820679000000,22927833
NonBlockingReadAction.failedExecutionTimeUs,1734277760678000000,1734277820679000000,0
NonBlockingReadAction.finalizedExecutionTimeUs,1734277760678000000,1734277820679000000,500
AWTEventQueue.dispatchTimeAvgNs,1734277760678000000,1734277820679000000,0.0
FlushQueue.waitingTime90PNs,1734277760678000000,1734277820679000000,0
AWTEventQueue.dispatchTime90PNs,1734277760678000000,1734277820679000000,0
FlushQueue.waitingTimeAvgNs,1734277760678000000,1734277820679000000,0.0
workspaceModel.collect.changes.ms,1734277760678000000,1734277820679000000,0
workspaceModel.cachedValue.total.get.count,1734277760678000000,1734277820679000000,1
workspaceModel.full.replace.project.model.ms,1734277760678000000,1734277820679000000,0
workspaceModel.workspaceFileIndexData.getFileInfo.ms,1734277760678000000,1734277820679000000,1
workspaceModel.loading.total.ms,1734277760678000000,1734277820679000000,0
workspaceModel.updates.ms,1734277760678000000,1734277820679000000,0
workspaceModel.entityStorageSnapshotImpl.instances.count,1734277760678000000,1734277820679000000,0
workspaceModel.loading.from.cache.ms,1734277760678000000,1734277820679000000,0
workspaceModel.workspaceFileIndexData.updateDirtyEntities.ms,1734277760678000000,1734277820679000000,0
workspaceModel.updates.precise.ms,1734277760678000000,1734277820679000000,0
workspaceModel.updates.count,1734277760678000000,1734277820679000000,0
workspaceModel.cachedValue.from.cache.count,1734277760678000000,1734277820679000000,1
workspaceModel.workspaceFileIndexData.init.ms,1734277760678000000,1734277820679000000,0
workspaceModel.cachedValue.calculated.count,1734277760678000000,1734277820679000000,0
workspaceModel.replace.project.model.ms,1734277760678000000,1734277820679000000,0
workspaceModel.on.before.changed.ms,1734277760678000000,1734277820679000000,0
workspaceModel.update.unloaded.entities.ms,1734277760678000000,1734277820679000000,0
workspaceModel.workspaceFileIndexContributor.registerFileSets.ms,1734277760678000000,1734277820679000000,0
workspaceModel.cachedValueWithParameters.total.get.count,1734277760678000000,1734277820679000000,0
workspaceModel.workspaceFileIndexData.getDirectoriesByPackageName.ms,1734277760678000000,1734277820679000000,0
workspaceModel.cachedValueWithParameters.from.cache.count,1734277760678000000,1734277820679000000,0
workspaceModel.workspaceFileIndexData.getPackageName.ms,1734277760678000000,1734277820679000000,0
workspaceModel.cachedValue.clear.count,1734277760678000000,1734277820679000000,0
workspaceModel.workspaceFileIndexData.onEntitiesChanged.ms,1734277760678000000,1734277820679000000,0
workspaceModel.workspaceFileIndexData.visitFileSets.ms,1734277760678000000,1734277820679000000,0
workspaceModel.cachedValueWithParameters.calculated.count,1734277760678000000,1734277820679000000,0
workspaceModel.workspaceFileIndexData.instances.count,1734277760678000000,1734277820679000000,0
workspaceModel.initializing.ms,1734277760678000000,1734277820679000000,0
workspaceModel.workspaceFileIndexData.processFileSets.ms,1734277760678000000,1734277820679000000,0
workspaceModel.init.bridges.ms,1734277760678000000,1734277820679000000,0
workspaceModel.pre.handlers.ms,1734277760678000000,1734277820679000000,0
workspaceModel.cachedValueWithParameters.clear.count,1734277760678000000,1734277820679000000,0
workspaceModel.on.changed.ms,1734277760678000000,1734277820679000000,0
workspaceModel.workspaceFileIndexData.markDirty.ms,1734277760678000000,1734277820679000000,0
workspaceModel.check.recursive.update.ms,1734277760678000000,1734277820679000000,0
workspaceModel.to.snapshot.ms,1734277760678000000,1734277820679000000,0
FilePageCacheLockFree.totalClosedStoragesReclaimed,1734277760678000000,1734277820679000000,0
DirectByteBufferAllocator.misses,1734277760678000000,1734277820679000000,0
DirectByteBufferAllocator.totalSizeOfBuffersAllocatedInBytes,1734277760678000000,1734277820679000000,172023808
StorageLockContext.competingThreads.90P,1734277760678000000,1734277820679000000,0
StreamlinedBlobStorage.totalLiveRecordsPayloadBytes,1734277760678000000,1734277820679000000,0
FilePageCacheLockFree.heapBytesInUse,1734277760678000000,1734277820679000000,0
StreamlinedBlobStorage.recordsRelocated,1734277760678000000,1734277820679000000,0
FilePageCacheLockFree.totalBytesRead,1734277760678000000,1734277820679000000,0
FilePageCache.capacityInBytes,1734277760678000000,1734277820679000000,503316478
FilePageCacheLockFree.totalNativeBytesAllocated,1734277760678000000,1734277820679000000,0
StreamlinedBlobStorage.recordsAllocated,1734277760678000000,1734277820679000000,0
DirectByteBufferAllocator.totalSizeOfBuffersCachedInBytes,1734277760678000000,1734277820679000000,0
MappedFileStorage.totalTimeSpentOnMappingUs,1734277760678000000,1734277820679000000,26897
FilePageCache.disposedBuffers,1734277760678000000,1734277820679000000,0
FilePageCache.maxCacheSizeInBytes,1734277760678000000,1734277820679000000,172023808
FilePageCache.pageFastCacheHits,1734277760678000000,1734277820679000000,0
FilePageCacheLockFree.totalHeapBytesAllocated,1734277760678000000,1734277820679000000,0
StreamlinedBlobStorage.totalLiveRecordsCapacityBytes,1734277760678000000,1734277820679000000,0
FilePageCacheLockFree.totalPagesHandedOver,1734277760678000000,1734277820679000000,0
FilePageCacheLockFree.totalPagesAllocated,1734277760678000000,1734277820679000000,0
FileChannelInterruptsRetryer.totalRetriedAttempts,1734277760678000000,1734277820679000000,0
FilePageCache.pageHits,1734277760678000000,1734277820679000000,0
StorageLockContext.competingThreads.max,1734277760678000000,1734277820679000000,0
FilePageCacheLockFree.totalPageAllocationsWaited,1734277760678000000,1734277820679000000,0
FilePageCacheLockFree.totalBytesWritten,1734277760678000000,1734277820679000000,0
FilePageCacheLockFree.totalBytesRequested,1734277760678000000,1734277820679000000,0
FilePageCacheLockFree.totalNativeBytesReclaimed,1734277760678000000,1734277820679000000,0
StreamlinedBlobStorage.recordsDeleted,1734277760678000000,1734277820679000000,0
FilePageCacheLockFree.housekeeperTimeSpentMs,1734277760678000000,1734277820679000000,0
FilePageCacheLockFree.totalPagesReclaimed,1734277760678000000,1734277820679000000,0
FilePageCache.totalPageLoadsUs,1734277760678000000,1734277820679000000,0
FilePageCacheLockFree.totalPagesReadMs,1734277760678000000,1734277820679000000,0
StorageLockContext.competingThreads.avg,1734277760678000000,1734277820679000000,0.0
FilePageCache.pageLoadsAboveSizeThreshold,1734277760678000000,1734277820679000000,0
FilePageCacheLockFree.totalPagesRequested,1734277760678000000,1734277820679000000,0
FilePageCache.totalPageDisposalsUs,1734277760678000000,1734277820679000000,0
FilePageCache.pageLoads,1734277760678000000,1734277820679000000,0
FilePageCacheLockFree.housekeeperTurnsDone,1734277760678000000,1734277820679000000,0
FilePageCacheLockFree.totalPagesWriteMs,1734277760678000000,1734277820679000000,0
FilePageCache.maxRegisteredFiles,1734277760678000000,1734277820679000000,262
FilePageCache.uncachedFileAccess,1734277760678000000,1734277820679000000,0
MappedFileStorage.totalBytesMapped,1734277760678000000,1734277820679000000,202637312
DirectByteBufferAllocator.disposed,1734277760678000000,1734277820679000000,0
FilePageCacheLockFree.totalHeapBytesReclaimed,1734277760678000000,1734277820679000000,0
FilePageCacheLockFree.totalPagesRequestsMs,1734277760678000000,1734277820679000000,0
MappedFileStorage.storages,1734277760678000000,1734277820679000000,16
DirectByteBufferAllocator.reclaimed,1734277760678000000,1734277820679000000,0
MappedFileStorage.totalPagesMapped,1734277760678000000,1734277820679000000,16
FilePageCacheLockFree.nativeBytesInUse,1734277760678000000,1734277820679000000,0
FilePageCacheLockFree.totalPagesWritten,1734277760678000000,1734277820679000000,0
FilePageCacheLockFree.housekeeperTurnsSkipped,1734277760678000000,1734277820679000000,0
DirectByteBufferAllocator.hits,1734277760678000000,1734277820679000000,0
Indexes.stubs.lookupDuration90PMs,1734277760678000000,1734277820679000000,0.0
IndexesFlusher.totalFlushingTimeUs,1734277760678000000,1734277820679000000,62766
Indexes.allKeys.lookups,1734277760678000000,1734277820679000000,0
Indexes.stubs.lookupDurationMaxMs,1734277760678000000,1734277820679000000,0.0
Indexes.allKeys.lookupDurationAvgMs,1734277760678000000,1734277820679000000,0.0
Indexes.entries.lookupDuration90PMs,1734277760678000000,1734277820679000000,0.0
Indexes.entries.lookupDurationAvgMs,1734277760678000000,1734277820679000000,0.0
Indexes.stubs.lookups,1734277760678000000,1734277820679000000,0
Indexes.entries.lookups,1734277760678000000,1734277820679000000,0
Indexes.allKeys.lookupDuration90PMs,1734277760678000000,1734277820679000000,0.0
Indexes.allKeys.lookupDurationMaxMs,1734277760678000000,1734277820679000000,0.0
Indexes.stubs.lookupDurationAvgMs,1734277760678000000,1734277820679000000,0.0
Indexes.entries.lookupDurationMaxMs,1734277760678000000,1734277820679000000,0.0
IndexesFlusher.totalFlushes,1734277760678000000,1734277820679000000,60
IndexesFlusher.totalFlushesRetried,1734277760678000000,1734277820679000000,0
IndexesFlusher.totalContentionQuotaSpent,1734277760678000000,1734277820679000000,0
cacheStateStorage.set.counter,1734277760678000000,1734277820679000000,0
cacheStateStorage.set.duration,1734277760678000000,1734277820679000000,0
cacheStateStorage.get.duration,1734277760678000000,1734277820679000000,0
cacheStateStorage.get.counter,1734277760678000000,1734277820679000000,0
JVM.newThreadsCount,1734277820679000000,1734277880679000000,17
JVM.threadCount,1734277820679000000,1734277880679000000,59
JVM.usedHeapBytes,1734277820679000000,1734277880679000000,860356608
JVM.totalCpuTimeMs,1734277820679000000,1734277880679000000,15050
JVM.totalDirectByteBuffersBytes,1734277820679000000,1734277880679000000,174593561
JVM.usedNativeBytes,1734277820679000000,1734277880679000000,468580896
JVM.totalTimeAtSafepointsMs,1734277820679000000,1734277880679000000,234
JVM.totalTimeToSafepointsMs,1734277820679000000,1734277880679000000,1
JVM.totalSafepointCount,1734277820679000000,1734277880679000000,30
JVM.GC.collections,1734277820679000000,1734277880679000000,5
JVM.maxHeapBytes,1734277820679000000,1734277880679000000,2147483648
JVM.maxThreadCount,1734277820679000000,1734277880679000000,109
OS.loadAverage,1734277820679000000,1734277880679000000,0.45361328125
JVM.GC.collectionTimesMs,1734277820679000000,1734277880679000000,233
JVM.totalBytesAllocated,1734277820679000000,1734277880679000000,809440984
FileNameCache.totalMisses,1734277820679000000,1734277880679000000,0
VFS.invertedFileNameIndex.requests,1734277820679000000,1734277880679000000,0
VFS.contentStorage.recordsStored,1734277820679000000,1734277880679000000,0
VFS.contentStorage.recordsRead,1734277820679000000,1734277880679000000,49
VFS.contentStorage.recordsDeduplicated,1734277820679000000,1734277880679000000,0
VFS.fileByIdCache.misses,1734277820679000000,1734277880679000000,343
VFS.fileChildByName,1734277820679000000,1734277880679000000,13173
VFS.fileByIdCache.hits,1734277820679000000,1734277880679000000,0
VFS.contentStorage.recordsStoredCompressed,1734277820679000000,1734277880679000000,0
VFS.contentStorage.recordsUncompressedSize,1734277820679000000,1734277880679000000,0
VFS.contentStorage.recordsReadDecompressed,1734277820679000000,1734277880679000000,14
VFS.contentStorage.recordsDecompressionTimeUs,1734277820679000000,1734277880679000000,619
FileNameCache.queries,1734277820679000000,1734277880679000000,187136
VFS.contentStorage.recordsReadSize,1734277820679000000,1734277880679000000,527548
VFS.contentStorage.recordsStoredSize,1734277820679000000,1734277880679000000,0
lexer.Python.size.bytes,1734277820679000000,1734277880679000000,370207
lexer.PythonStub.time.ns,1734277820679000000,1734277880679000000,6848382
writeAction.count,1734277820679000000,1734277880679000000,37
parser.PythonStub.time.ns,1734277820679000000,1734277880679000000,25472255
lexer.PythonStub.size.bytes,1734277820679000000,1734277880679000000,124576
parser.Python.time.ns,1734277820679000000,1734277880679000000,63625730
writeAction.median.wait.ms,1734277820679000000,1734277880679000000,0
parser.Python.size.bytes,1734277820679000000,1734277880679000000,370207
writeAction.max.wait.ms,1734277820679000000,1734277880679000000,29
parser.PythonStub.size.bytes,1734277820679000000,1734277880679000000,124576
lexer.Python.time.ns,1734277820679000000,1734277880679000000,22007717
writeAction.wait.ms,1734277820679000000,1734277880679000000,31
workspaceModel.mutableEntityStorage.collect.changes.ms,1734277820679000000,1734277880679000000,0
workspaceModel.mutableEntityStorage.apply.changes.from.ms,1734277820679000000,1734277880679000000,0
workspaceModel.mutableEntityStorage.modify.entity.ms,1734277820679000000,1734277880679000000,0
jps.global.handle.before.change.events.ms,1734277820679000000,1734277880679000000,0
workspaceModel.moduleManagerBridge.load.all.modules.ms,1734277820679000000,1734277880679000000,0
workspaceModel.mutableEntityStorage.changeLog.addReplaceEventForRemovedParent.ms,1734277820679000000,1734277880679000000,0
workspaceModel.moduleManagerBridge.newModule.ms,1734277820679000000,1734277880679000000,0
workspaceModel.mutableEntityStorage.mutable.ext.mapping.ms,1734277820679000000,1734277880679000000,0
jps.global.get.library.ms,1734277820679000000,1734277880679000000,0
workspaceModel.mutableEntityStorage.referrers.ms,1734277820679000000,1734277880679000000,0
workspaceModel.moduleBridge.facet.initialization.ms,1734277820679000000,1734277880679000000,0
jps.artifact.entities.serializer.load.entities.ms,1734277820679000000,1734277880679000000,0
workspaceModel.mutableEntityStorage.changeLog.addReplaceEventForRemovedChild.ms,1734277820679000000,1734277880679000000,0
workspaceModel.global.updates.count,1734277820679000000,1734277880679000000,0
jps.apply.loaded.storage.ms,1734277820679000000,1734277880679000000,0
workspaceModel.mutableEntityStorage.changeLog.addReplaceEventForNewParent.ms,1734277820679000000,1734277880679000000,0
jps.global.get.libraries.ms,1734277820679000000,1734277880679000000,0
jps.reload.project.entities.ms,1734277820679000000,1734277880679000000,0
workspaceModel.mutableEntityStorage.to.snapshot.ms,1734277820679000000,1734277880679000000,0
workspaceModel.global.updates.ms,1734277820679000000,1734277880679000000,0
workspaceModel.moduleManagerBridge.new.nonPersistent.module.ms,1734277820679000000,1734277880679000000,0
jps.project.serializers.load.ms,1734277820679000000,1734277880679000000,0
workspaceModel.moduleBridge.before.changed.ms,1734277820679000000,1734277880679000000,0
jps.global.get.library.by.name.ms,1734277820679000000,1734277880679000000,0
jps.save.changed.project.entities.ms,1734277820679000000,1734277880679000000,0
jps.global.initialize.library.bridges.after.loading.ms,1734277820679000000,1734277880679000000,0
jps.library.entities.serializer.load.entities.ms,1734277820679000000,1734277880679000000,0
workspaceModel.moduleManagerBridge.set.unloadedModules.ms,1734277820679000000,1734277880679000000,0
workspaceModel.moduleBridgeLoader.loading.modules.ms,1734277820679000000,1734277880679000000,0
jps.project.serializers.save.ms,1734277820679000000,1734277880679000000,0
workspaceModel.mutableEntityStorage.put.entity.ms,1734277820679000000,1734277880679000000,0
jps.load.initial.state.ms,1734277820679000000,1734277880679000000,0
jps.storage.jps.conf.reader.load.component.ms,1734277820679000000,1734277880679000000,0
jps.library.entities.serializer.save.entities.ms,1734277820679000000,1734277880679000000,0
workspaceModel.global.apply.state.to.project.ms,1734277820679000000,1734277880679000000,0
workspaceModel.moduleManagerBridge.load.module.ms,1734277820679000000,1734277880679000000,0
jps.global.initialize.library.bridges.ms,1734277820679000000,1734277880679000000,0
workspaceModel.mutableEntityStorage.remove.entity.ms,1734277820679000000,1734277880679000000,0
workspaceModel.mutableEntityStorage.has.same.entities.ms,1734277820679000000,1734277880679000000,0
workspaceModel.mutableEntityStorage.instances.count,1734277820679000000,1734277880679000000,0
workspaceModel.mutableEntityStorage.add.entity.ms,1734277820679000000,1734277880679000000,0
workspaceModel.delayed.project.synchronizer.sync.ms,1734277820679000000,1734277880679000000,0
workspaceModel.moduleManagerBridge.build.module.graph.ms,1734277820679000000,1734277880679000000,0
workspaceModel.load.cache.from.file.ms,1734277820679000000,1734277880679000000,0
workspaceModel.moduleBridge.update.option.ms,1734277820679000000,1734277880679000000,0
jps.load.project.to.empty.storage.ms,1734277820679000000,1734277880679000000,0
jps.app.storage.content.writer.save.component.ms,1734277820679000000,1734277880679000000,0
workspaceModel.sync.entities.ms,1734277820679000000,1734277880679000000,0
jps.app.storage.content.reader.load.component.ms,1734277820679000000,1734277880679000000,0
jps.module.dependency.index.workspace.model.listener.on.changed.ms,1734277820679000000,1734277880679000000,0
workspaceModel.mutableEntityStorage.mutable.vfurl.index.ms,1734277820679000000,1734277880679000000,0
jps.global.handle.changed.events.ms,1734277820679000000,1734277880679000000,0
jps.facet.change.listener.init.bridge.ms,1734277820679000000,1734277880679000000,0
workspaceModel.mutableEntityStorage.entities.ms,1734277820679000000,1734277880679000000,0
workspaceModel.do.save.caches.ms,1734277820679000000,1734277880679000000,0
jps.artifact.entities.serializer.save.entities.ms,1734277820679000000,1734277880679000000,0
workspaceModel.mutableEntityStorage.resolve.ms,1734277820679000000,1734277880679000000,0
workspaceModel.orphan.listener.update.ms,1734277820679000000,1734277880679000000,0
workspaceModel.moduleManagerBridge.create.module.instance.ms,1734277820679000000,1734277880679000000,0
workspaceModel.moduleManagerBridge.get.modules.ms,1734277820679000000,1734277880679000000,0
jps.facet.change.listener.process.change.events.ms,1734277820679000000,1734277880679000000,0
workspaceModel.mutableEntityStorage.replace.by.source.ms,1734277820679000000,1734277880679000000,0
workspaceModel.save.cache.to.file.ms,1734277820679000000,1734277880679000000,0
workspaceModel.global.apply.state.to.project.builder.ms,1734277820679000000,1734277880679000000,0
jps.facet.change.listener.before.change.events.ms,1734277820679000000,1734277880679000000,0
jps.module.iml.entities.serializer.load.entities.ms,1734277820679000000,1734277880679000000,0
jps.save.global.entities.ms,1734277820679000000,1734277880679000000,0
jps.module.iml.entities.serializer.save.entities.ms,1734277820679000000,1734277880679000000,0
workspaceModel.load.cache.metadata.from.file.ms,1734277820679000000,1734277880679000000,0
workspaceModel.mutableEntityStorage.changeLog.addReplaceEventForNewChild.ms,1734277820679000000,1734277880679000000,0
workspaceModel.mutableEntityStorage.entities.by.source.ms,1734277820679000000,1734277880679000000,0
FlushQueue.queueSize90P,1734277820679000000,1734277880679000000,0
FlushQueue.executionTime90PNs,1734277820679000000,1734277880679000000,0
AWTEventQueue.dispatchTimeMaxNs,1734277820679000000,1734277880679000000,72703
NonBlockingReadAction.failedExecutionsCount,1734277820679000000,1734277880679000000,1
AWTEventQueue.eventsDispatched,1734277820679000000,1734277880679000000,1
ReadAction.executionsCount,1734277820679000000,1734277880679000000,240605
FlushQueue.queueSizeAvg,1734277820679000000,1734277880679000000,0.0
FlushQueue.waitingTimeMaxNs,1734277820679000000,1734277880679000000,0
FlushQueue.tasksExecuted,1734277820679000000,1734277880679000000,0
FlushQueue.queueSizeMax,1734277820679000000,1734277880679000000,0
FlushQueue.executionTimeMaxNs,1734277820679000000,1734277880679000000,0
NonBlockingReadAction.finalizedExecutionsCount,1734277820679000000,1734277880679000000,497
WriteAction.executionsCount,1734277820679000000,1734277880679000000,37
FlushQueue.executionTimeAvgNs,1734277820679000000,1734277880679000000,0.0
AWTEventQueue.dispatchTimeTotalNS,1734277820679000000,1734277880679000000,2787656931
NonBlockingReadAction.failedExecutionTimeUs,1734277820679000000,1734277880679000000,1255
NonBlockingReadAction.finalizedExecutionTimeUs,1734277820679000000,1734277880679000000,430345
AWTEventQueue.dispatchTimeAvgNs,1734277820679000000,1734277880679000000,72448.0
FlushQueue.waitingTime90PNs,1734277820679000000,1734277880679000000,0
AWTEventQueue.dispatchTime90PNs,1734277820679000000,1734277880679000000,72703
FlushQueue.waitingTimeAvgNs,1734277820679000000,1734277880679000000,0.0
workspaceModel.collect.changes.ms,1734277820679000000,1734277880679000000,0
workspaceModel.cachedValue.total.get.count,1734277820679000000,1734277880679000000,4634
workspaceModel.full.replace.project.model.ms,1734277820679000000,1734277880679000000,0
workspaceModel.workspaceFileIndexData.getFileInfo.ms,1734277820679000000,1734277880679000000,16
workspaceModel.loading.total.ms,1734277820679000000,1734277880679000000,0
workspaceModel.updates.ms,1734277820679000000,1734277880679000000,0
workspaceModel.entityStorageSnapshotImpl.instances.count,1734277820679000000,1734277880679000000,0
workspaceModel.loading.from.cache.ms,1734277820679000000,1734277880679000000,0
workspaceModel.workspaceFileIndexData.updateDirtyEntities.ms,1734277820679000000,1734277880679000000,0
workspaceModel.updates.precise.ms,1734277820679000000,1734277880679000000,0
workspaceModel.updates.count,1734277820679000000,1734277880679000000,0
workspaceModel.cachedValue.from.cache.count,1734277820679000000,1734277880679000000,4634
workspaceModel.workspaceFileIndexData.init.ms,1734277820679000000,1734277880679000000,0
workspaceModel.cachedValue.calculated.count,1734277820679000000,1734277880679000000,0
workspaceModel.replace.project.model.ms,1734277820679000000,1734277880679000000,0
workspaceModel.on.before.changed.ms,1734277820679000000,1734277880679000000,0
workspaceModel.update.unloaded.entities.ms,1734277820679000000,1734277880679000000,0
workspaceModel.workspaceFileIndexContributor.registerFileSets.ms,1734277820679000000,1734277880679000000,0
workspaceModel.cachedValueWithParameters.total.get.count,1734277820679000000,1734277880679000000,0
workspaceModel.workspaceFileIndexData.getDirectoriesByPackageName.ms,1734277820679000000,1734277880679000000,0
workspaceModel.cachedValueWithParameters.from.cache.count,1734277820679000000,1734277880679000000,0
workspaceModel.workspaceFileIndexData.getPackageName.ms,1734277820679000000,1734277880679000000,0
workspaceModel.cachedValue.clear.count,1734277820679000000,1734277880679000000,0
workspaceModel.workspaceFileIndexData.onEntitiesChanged.ms,1734277820679000000,1734277880679000000,0
workspaceModel.workspaceFileIndexData.visitFileSets.ms,1734277820679000000,1734277880679000000,0
workspaceModel.cachedValueWithParameters.calculated.count,1734277820679000000,1734277880679000000,0
workspaceModel.workspaceFileIndexData.instances.count,1734277820679000000,1734277880679000000,0
workspaceModel.initializing.ms,1734277820679000000,1734277880679000000,0
workspaceModel.workspaceFileIndexData.processFileSets.ms,1734277820679000000,1734277880679000000,0
workspaceModel.init.bridges.ms,1734277820679000000,1734277880679000000,0
workspaceModel.pre.handlers.ms,1734277820679000000,1734277880679000000,0
workspaceModel.cachedValueWithParameters.clear.count,1734277820679000000,1734277880679000000,0
workspaceModel.on.changed.ms,1734277820679000000,1734277880679000000,0
workspaceModel.workspaceFileIndexData.markDirty.ms,1734277820679000000,1734277880679000000,0
workspaceModel.check.recursive.update.ms,1734277820679000000,1734277880679000000,0
workspaceModel.to.snapshot.ms,1734277820679000000,1734277880679000000,0
FilePageCacheLockFree.totalClosedStoragesReclaimed,1734277820679000000,1734277880679000000,0
DirectByteBufferAllocator.misses,1734277820679000000,1734277880679000000,2
DirectByteBufferAllocator.totalSizeOfBuffersAllocatedInBytes,1734277820679000000,1734277880679000000,174120960
StorageLockContext.competingThreads.90P,1734277820679000000,1734277880679000000,0
StreamlinedBlobStorage.totalLiveRecordsPayloadBytes,1734277820679000000,1734277880679000000,0
FilePageCacheLockFree.heapBytesInUse,1734277820679000000,1734277880679000000,0
StreamlinedBlobStorage.recordsRelocated,1734277820679000000,1734277880679000000,0
FilePageCacheLockFree.totalBytesRead,1734277820679000000,1734277880679000000,0
FilePageCache.capacityInBytes,1734277820679000000,1734277880679000000,503316478
FilePageCacheLockFree.totalNativeBytesAllocated,1734277820679000000,1734277880679000000,0
StreamlinedBlobStorage.recordsAllocated,1734277820679000000,1734277880679000000,0
DirectByteBufferAllocator.totalSizeOfBuffersCachedInBytes,1734277820679000000,1734277880679000000,0
MappedFileStorage.totalTimeSpentOnMappingUs,1734277820679000000,1734277880679000000,26897
FilePageCache.disposedBuffers,1734277820679000000,1734277880679000000,0
FilePageCache.maxCacheSizeInBytes,1734277820679000000,1734277880679000000,174120960
FilePageCache.pageFastCacheHits,1734277820679000000,1734277880679000000,199
FilePageCacheLockFree.totalHeapBytesAllocated,1734277820679000000,1734277880679000000,0
StreamlinedBlobStorage.totalLiveRecordsCapacityBytes,1734277820679000000,1734277880679000000,0
FilePageCacheLockFree.totalPagesHandedOver,1734277820679000000,1734277880679000000,0
FilePageCacheLockFree.totalPagesAllocated,1734277820679000000,1734277880679000000,0
FileChannelInterruptsRetryer.totalRetriedAttempts,1734277820679000000,1734277880679000000,0
FilePageCache.pageHits,1734277820679000000,1734277880679000000,4
StorageLockContext.competingThreads.max,1734277820679000000,1734277880679000000,0
FilePageCacheLockFree.totalPageAllocationsWaited,1734277820679000000,1734277880679000000,0
FilePageCacheLockFree.totalBytesWritten,1734277820679000000,1734277880679000000,0
FilePageCacheLockFree.totalBytesRequested,1734277820679000000,1734277880679000000,0
FilePageCacheLockFree.totalNativeBytesReclaimed,1734277820679000000,1734277880679000000,0
StreamlinedBlobStorage.recordsDeleted,1734277820679000000,1734277880679000000,0
FilePageCacheLockFree.housekeeperTimeSpentMs,1734277820679000000,1734277880679000000,0
FilePageCacheLockFree.totalPagesReclaimed,1734277820679000000,1734277880679000000,0
FilePageCache.totalPageLoadsUs,1734277820679000000,1734277880679000000,26058
FilePageCacheLockFree.totalPagesReadMs,1734277820679000000,1734277880679000000,0
StorageLockContext.competingThreads.avg,1734277820679000000,1734277880679000000,0.0
FilePageCache.pageLoadsAboveSizeThreshold,1734277820679000000,1734277880679000000,0
FilePageCacheLockFree.totalPagesRequested,1734277820679000000,1734277880679000000,0
FilePageCache.totalPageDisposalsUs,1734277820679000000,1734277880679000000,30
FilePageCache.pageLoads,1734277820679000000,1734277880679000000,2
FilePageCacheLockFree.housekeeperTurnsDone,1734277820679000000,1734277880679000000,0
FilePageCacheLockFree.totalPagesWriteMs,1734277820679000000,1734277880679000000,0
FilePageCache.maxRegisteredFiles,1734277820679000000,1734277880679000000,262
FilePageCache.uncachedFileAccess,1734277820679000000,1734277880679000000,2
MappedFileStorage.totalBytesMapped,1734277820679000000,1734277880679000000,202637312
DirectByteBufferAllocator.disposed,1734277820679000000,1734277880679000000,0
FilePageCacheLockFree.totalHeapBytesReclaimed,1734277820679000000,1734277880679000000,0
FilePageCacheLockFree.totalPagesRequestsMs,1734277820679000000,1734277880679000000,0
MappedFileStorage.storages,1734277820679000000,1734277880679000000,16
DirectByteBufferAllocator.reclaimed,1734277820679000000,1734277880679000000,0
MappedFileStorage.totalPagesMapped,1734277820679000000,1734277880679000000,16
FilePageCacheLockFree.nativeBytesInUse,1734277820679000000,1734277880679000000,0
FilePageCacheLockFree.totalPagesWritten,1734277820679000000,1734277880679000000,0
FilePageCacheLockFree.housekeeperTurnsSkipped,1734277820679000000,1734277880679000000,0
DirectByteBufferAllocator.hits,1734277820679000000,1734277880679000000,0
Indexes.stubs.lookupDuration90PMs,1734277820679000000,1734277880679000000,0.0
IndexesFlusher.totalFlushingTimeUs,1734277820679000000,1734277880679000000,65237
Indexes.allKeys.lookups,1734277820679000000,1734277880679000000,0
Indexes.stubs.lookupDurationMaxMs,1734277820679000000,1734277880679000000,0.0
Indexes.allKeys.lookupDurationAvgMs,1734277820679000000,1734277880679000000,0.0
Indexes.entries.lookupDuration90PMs,1734277820679000000,1734277880679000000,0.0
Indexes.entries.lookupDurationAvgMs,1734277820679000000,1734277880679000000,0.0
Indexes.stubs.lookups,1734277820679000000,1734277880679000000,36
Indexes.entries.lookups,1734277820679000000,1734277880679000000,62
Indexes.allKeys.lookupDuration90PMs,1734277820679000000,1734277880679000000,0.0
Indexes.allKeys.lookupDurationMaxMs,1734277820679000000,1734277880679000000,0.0
Indexes.stubs.lookupDurationAvgMs,1734277820679000000,1734277880679000000,0.0
Indexes.entries.lookupDurationMaxMs,1734277820679000000,1734277880679000000,0.0
IndexesFlusher.totalFlushes,1734277820679000000,1734277880679000000,60
IndexesFlusher.totalFlushesRetried,1734277820679000000,1734277880679000000,0
IndexesFlusher.totalContentionQuotaSpent,1734277820679000000,1734277880679000000,0
cacheStateStorage.set.counter,1734277820679000000,1734277880679000000,0
cacheStateStorage.set.duration,1734277820679000000,1734277880679000000,0
cacheStateStorage.get.duration,1734277820679000000,1734277880679000000,2
cacheStateStorage.get.counter,1734277820679000000,1734277880679000000,1
JVM.newThreadsCount,1734277880679000000,1734277940680000000,2
JVM.threadCount,1734277880679000000,1734277940680000000,61
JVM.usedHeapBytes,1734277880679000000,1734277940680000000,958922752
JVM.totalCpuTimeMs,1734277880679000000,1734277940680000000,28670
JVM.totalDirectByteBuffersBytes,1734277880679000000,1734277940680000000,176869161
JVM.usedNativeBytes,1734277880679000000,1734277940680000000,472937736
JVM.totalTimeAtSafepointsMs,1734277880679000000,1734277940680000000,420
JVM.totalTimeToSafepointsMs,1734277880679000000,1734277940680000000,1
JVM.totalSafepointCount,1734277880679000000,1734277940680000000,54
JVM.GC.collections,1734277880679000000,1734277940680000000,10
JVM.maxHeapBytes,1734277880679000000,1734277940680000000,2147483648
JVM.maxThreadCount,1734277880679000000,1734277940680000000,109
OS.loadAverage,1734277880679000000,1734277940680000000,0.86669921875
JVM.GC.collectionTimesMs,1734277880679000000,1734277940680000000,417
JVM.totalBytesAllocated,1734277880679000000,1734277940680000000,1854599048
FileNameCache.totalMisses,1734277880679000000,1734277940680000000,0
VFS.invertedFileNameIndex.requests,1734277880679000000,1734277940680000000,0
VFS.contentStorage.recordsStored,1734277880679000000,1734277940680000000,4
VFS.contentStorage.recordsRead,1734277880679000000,1734277940680000000,101
VFS.contentStorage.recordsDeduplicated,1734277880679000000,1734277940680000000,0
VFS.fileByIdCache.misses,1734277880679000000,1734277940680000000,709
VFS.fileChildByName,1734277880679000000,1734277940680000000,40950
VFS.fileByIdCache.hits,1734277880679000000,1734277940680000000,0
VFS.contentStorage.recordsStoredCompressed,1734277880679000000,1734277940680000000,0
VFS.contentStorage.recordsUncompressedSize,1734277880679000000,1734277940680000000,11547
VFS.contentStorage.recordsReadDecompressed,1734277880679000000,1734277940680000000,19
VFS.contentStorage.recordsDecompressionTimeUs,1734277880679000000,1734277940680000000,984
FileNameCache.queries,1734277880679000000,1734277940680000000,470464
VFS.contentStorage.recordsReadSize,1734277880679000000,1734277940680000000,954253
VFS.contentStorage.recordsStoredSize,1734277880679000000,1734277940680000000,11547
lexer.Python.size.bytes,1734277880679000000,1734277940680000000,705122
lexer.PythonStub.time.ns,1734277880679000000,1734277940680000000,8419490
writeAction.count,1734277880679000000,1734277940680000000,68
parser.PythonStub.time.ns,1734277880679000000,1734277940680000000,89139375
lexer.PythonStub.size.bytes,1734277880679000000,1734277940680000000,139414
parser.Python.time.ns,1734277880679000000,1734277940680000000,133406088
writeAction.median.wait.ms,1734277880679000000,1734277940680000000,0
parser.Python.size.bytes,1734277880679000000,1734277940680000000,705122
writeAction.max.wait.ms,1734277880679000000,1734277940680000000,29
parser.PythonStub.size.bytes,1734277880679000000,1734277940680000000,139414
lexer.Python.time.ns,1734277880679000000,1734277940680000000,56305170
writeAction.wait.ms,1734277880679000000,1734277940680000000,30
workspaceModel.mutableEntityStorage.collect.changes.ms,1734277880679000000,1734277940680000000,0
workspaceModel.mutableEntityStorage.apply.changes.from.ms,1734277880679000000,1734277940680000000,0
workspaceModel.mutableEntityStorage.modify.entity.ms,1734277880679000000,1734277940680000000,0
jps.global.handle.before.change.events.ms,1734277880679000000,1734277940680000000,0
workspaceModel.moduleManagerBridge.load.all.modules.ms,1734277880679000000,1734277940680000000,0
workspaceModel.mutableEntityStorage.changeLog.addReplaceEventForRemovedParent.ms,1734277880679000000,1734277940680000000,0
workspaceModel.moduleManagerBridge.newModule.ms,1734277880679000000,1734277940680000000,0
workspaceModel.mutableEntityStorage.mutable.ext.mapping.ms,1734277880679000000,1734277940680000000,0
jps.global.get.library.ms,1734277880679000000,1734277940680000000,0
workspaceModel.mutableEntityStorage.referrers.ms,1734277880679000000,1734277940680000000,0
workspaceModel.moduleBridge.facet.initialization.ms,1734277880679000000,1734277940680000000,0
jps.artifact.entities.serializer.load.entities.ms,1734277880679000000,1734277940680000000,0
workspaceModel.mutableEntityStorage.changeLog.addReplaceEventForRemovedChild.ms,1734277880679000000,1734277940680000000,0
workspaceModel.global.updates.count,1734277880679000000,1734277940680000000,0
jps.apply.loaded.storage.ms,1734277880679000000,1734277940680000000,0
workspaceModel.mutableEntityStorage.changeLog.addReplaceEventForNewParent.ms,1734277880679000000,1734277940680000000,0
jps.global.get.libraries.ms,1734277880679000000,1734277940680000000,0
jps.reload.project.entities.ms,1734277880679000000,1734277940680000000,0
workspaceModel.mutableEntityStorage.to.snapshot.ms,1734277880679000000,1734277940680000000,0
workspaceModel.global.updates.ms,1734277880679000000,1734277940680000000,0
workspaceModel.moduleManagerBridge.new.nonPersistent.module.ms,1734277880679000000,1734277940680000000,0
jps.project.serializers.load.ms,1734277880679000000,1734277940680000000,0
workspaceModel.moduleBridge.before.changed.ms,1734277880679000000,1734277940680000000,0
jps.global.get.library.by.name.ms,1734277880679000000,1734277940680000000,0
jps.save.changed.project.entities.ms,1734277880679000000,1734277940680000000,1
jps.global.initialize.library.bridges.after.loading.ms,1734277880679000000,1734277940680000000,0
jps.library.entities.serializer.load.entities.ms,1734277880679000000,1734277940680000000,0
workspaceModel.moduleManagerBridge.set.unloadedModules.ms,1734277880679000000,1734277940680000000,0
workspaceModel.moduleBridgeLoader.loading.modules.ms,1734277880679000000,1734277940680000000,0
jps.project.serializers.save.ms,1734277880679000000,1734277940680000000,1
workspaceModel.mutableEntityStorage.put.entity.ms,1734277880679000000,1734277940680000000,0
jps.load.initial.state.ms,1734277880679000000,1734277940680000000,0
jps.storage.jps.conf.reader.load.component.ms,1734277880679000000,1734277940680000000,0
jps.library.entities.serializer.save.entities.ms,1734277880679000000,1734277940680000000,0
workspaceModel.global.apply.state.to.project.ms,1734277880679000000,1734277940680000000,0
workspaceModel.moduleManagerBridge.load.module.ms,1734277880679000000,1734277940680000000,0
jps.global.initialize.library.bridges.ms,1734277880679000000,1734277940680000000,0
workspaceModel.mutableEntityStorage.remove.entity.ms,1734277880679000000,1734277940680000000,0
workspaceModel.mutableEntityStorage.has.same.entities.ms,1734277880679000000,1734277940680000000,0
workspaceModel.mutableEntityStorage.instances.count,1734277880679000000,1734277940680000000,0
workspaceModel.mutableEntityStorage.add.entity.ms,1734277880679000000,1734277940680000000,0
workspaceModel.delayed.project.synchronizer.sync.ms,1734277880679000000,1734277940680000000,0
workspaceModel.moduleManagerBridge.build.module.graph.ms,1734277880679000000,1734277940680000000,0
workspaceModel.load.cache.from.file.ms,1734277880679000000,1734277940680000000,0
workspaceModel.moduleBridge.update.option.ms,1734277880679000000,1734277940680000000,0
jps.load.project.to.empty.storage.ms,1734277880679000000,1734277940680000000,0
jps.app.storage.content.writer.save.component.ms,1734277880679000000,1734277940680000000,1
workspaceModel.sync.entities.ms,1734277880679000000,1734277940680000000,0
jps.app.storage.content.reader.load.component.ms,1734277880679000000,1734277940680000000,0
jps.module.dependency.index.workspace.model.listener.on.changed.ms,1734277880679000000,1734277940680000000,0
workspaceModel.mutableEntityStorage.mutable.vfurl.index.ms,1734277880679000000,1734277940680000000,0
jps.global.handle.changed.events.ms,1734277880679000000,1734277940680000000,0
jps.facet.change.listener.init.bridge.ms,1734277880679000000,1734277940680000000,0
workspaceModel.mutableEntityStorage.entities.ms,1734277880679000000,1734277940680000000,0
workspaceModel.do.save.caches.ms,1734277880679000000,1734277940680000000,0
jps.artifact.entities.serializer.save.entities.ms,1734277880679000000,1734277940680000000,0
workspaceModel.mutableEntityStorage.resolve.ms,1734277880679000000,1734277940680000000,0
workspaceModel.orphan.listener.update.ms,1734277880679000000,1734277940680000000,0
workspaceModel.moduleManagerBridge.create.module.instance.ms,1734277880679000000,1734277940680000000,0
workspaceModel.moduleManagerBridge.get.modules.ms,1734277880679000000,1734277940680000000,0
jps.facet.change.listener.process.change.events.ms,1734277880679000000,1734277940680000000,0
workspaceModel.mutableEntityStorage.replace.by.source.ms,1734277880679000000,1734277940680000000,0
workspaceModel.save.cache.to.file.ms,1734277880679000000,1734277940680000000,0
workspaceModel.global.apply.state.to.project.builder.ms,1734277880679000000,1734277940680000000,0
jps.facet.change.listener.before.change.events.ms,1734277880679000000,1734277940680000000,0
jps.module.iml.entities.serializer.load.entities.ms,1734277880679000000,1734277940680000000,0
jps.save.global.entities.ms,1734277880679000000,1734277940680000000,4
jps.module.iml.entities.serializer.save.entities.ms,1734277880679000000,1734277940680000000,0
workspaceModel.load.cache.metadata.from.file.ms,1734277880679000000,1734277940680000000,0
workspaceModel.mutableEntityStorage.changeLog.addReplaceEventForNewChild.ms,1734277880679000000,1734277940680000000,0
workspaceModel.mutableEntityStorage.entities.by.source.ms,1734277880679000000,1734277940680000000,0
FlushQueue.queueSize90P,1734277880679000000,1734277940680000000,0
FlushQueue.executionTime90PNs,1734277880679000000,1734277940680000000,0
AWTEventQueue.dispatchTimeMaxNs,1734277880679000000,1734277940680000000,0
NonBlockingReadAction.failedExecutionsCount,1734277880679000000,1734277940680000000,0
AWTEventQueue.eventsDispatched,1734277880679000000,1734277940680000000,0
ReadAction.executionsCount,1734277880679000000,1734277940680000000,536558
FlushQueue.queueSizeAvg,1734277880679000000,1734277940680000000,0.0
FlushQueue.waitingTimeMaxNs,1734277880679000000,1734277940680000000,0
FlushQueue.tasksExecuted,1734277880679000000,1734277940680000000,0
FlushQueue.queueSizeMax,1734277880679000000,1734277940680000000,0
FlushQueue.executionTimeMaxNs,1734277880679000000,1734277940680000000,0
NonBlockingReadAction.finalizedExecutionsCount,1734277880679000000,1734277940680000000,1089
WriteAction.executionsCount,1734277880679000000,1734277940680000000,68
FlushQueue.executionTimeAvgNs,1734277880679000000,1734277940680000000,0.0
AWTEventQueue.dispatchTimeTotalNS,1734277880679000000,1734277940680000000,5795277089
NonBlockingReadAction.failedExecutionTimeUs,1734277880679000000,1734277940680000000,0
NonBlockingReadAction.finalizedExecutionTimeUs,1734277880679000000,1734277940680000000,632213
AWTEventQueue.dispatchTimeAvgNs,1734277880679000000,1734277940680000000,0.0
FlushQueue.waitingTime90PNs,1734277880679000000,1734277940680000000,0
AWTEventQueue.dispatchTime90PNs,1734277880679000000,1734277940680000000,0
FlushQueue.waitingTimeAvgNs,1734277880679000000,1734277940680000000,0.0
workspaceModel.collect.changes.ms,1734277880679000000,1734277940680000000,0
workspaceModel.cachedValue.total.get.count,1734277880679000000,1734277940680000000,10410
workspaceModel.full.replace.project.model.ms,1734277880679000000,1734277940680000000,0
workspaceModel.workspaceFileIndexData.getFileInfo.ms,1734277880679000000,1734277940680000000,35
workspaceModel.loading.total.ms,1734277880679000000,1734277940680000000,0
workspaceModel.updates.ms,1734277880679000000,1734277940680000000,0
workspaceModel.entityStorageSnapshotImpl.instances.count,1734277880679000000,1734277940680000000,0
workspaceModel.loading.from.cache.ms,1734277880679000000,1734277940680000000,0
workspaceModel.workspaceFileIndexData.updateDirtyEntities.ms,1734277880679000000,1734277940680000000,0
workspaceModel.updates.precise.ms,1734277880679000000,1734277940680000000,0
workspaceModel.updates.count,1734277880679000000,1734277940680000000,0
workspaceModel.cachedValue.from.cache.count,1734277880679000000,1734277940680000000,10410
workspaceModel.workspaceFileIndexData.init.ms,1734277880679000000,1734277940680000000,0
workspaceModel.cachedValue.calculated.count,1734277880679000000,1734277940680000000,0
workspaceModel.replace.project.model.ms,1734277880679000000,1734277940680000000,0
workspaceModel.on.before.changed.ms,1734277880679000000,1734277940680000000,0
workspaceModel.update.unloaded.entities.ms,1734277880679000000,1734277940680000000,0
workspaceModel.workspaceFileIndexContributor.registerFileSets.ms,1734277880679000000,1734277940680000000,0
workspaceModel.cachedValueWithParameters.total.get.count,1734277880679000000,1734277940680000000,0
workspaceModel.workspaceFileIndexData.getDirectoriesByPackageName.ms,1734277880679000000,1734277940680000000,0
workspaceModel.cachedValueWithParameters.from.cache.count,1734277880679000000,1734277940680000000,0
workspaceModel.workspaceFileIndexData.getPackageName.ms,1734277880679000000,1734277940680000000,0
workspaceModel.cachedValue.clear.count,1734277880679000000,1734277940680000000,0
workspaceModel.workspaceFileIndexData.onEntitiesChanged.ms,1734277880679000000,1734277940680000000,0
workspaceModel.workspaceFileIndexData.visitFileSets.ms,1734277880679000000,1734277940680000000,0
workspaceModel.cachedValueWithParameters.calculated.count,1734277880679000000,1734277940680000000,0
workspaceModel.workspaceFileIndexData.instances.count,1734277880679000000,1734277940680000000,0
workspaceModel.initializing.ms,1734277880679000000,1734277940680000000,0
workspaceModel.workspaceFileIndexData.processFileSets.ms,1734277880679000000,1734277940680000000,0
workspaceModel.init.bridges.ms,1734277880679000000,1734277940680000000,0
workspaceModel.pre.handlers.ms,1734277880679000000,1734277940680000000,0
workspaceModel.cachedValueWithParameters.clear.count,1734277880679000000,1734277940680000000,0
workspaceModel.on.changed.ms,1734277880679000000,1734277940680000000,0
workspaceModel.workspaceFileIndexData.markDirty.ms,1734277880679000000,1734277940680000000,0
workspaceModel.check.recursive.update.ms,1734277880679000000,1734277940680000000,0
workspaceModel.to.snapshot.ms,1734277880679000000,1734277940680000000,0
FilePageCacheLockFree.totalClosedStoragesReclaimed,1734277880679000000,1734277940680000000,0
DirectByteBufferAllocator.misses,1734277880679000000,1734277940680000000,2
DirectByteBufferAllocator.totalSizeOfBuffersAllocatedInBytes,1734277880679000000,1734277940680000000,176218112
StorageLockContext.competingThreads.90P,1734277880679000000,1734277940680000000,0
StreamlinedBlobStorage.totalLiveRecordsPayloadBytes,1734277880679000000,1734277940680000000,0
FilePageCacheLockFree.heapBytesInUse,1734277880679000000,1734277940680000000,0
StreamlinedBlobStorage.recordsRelocated,1734277880679000000,1734277940680000000,0
FilePageCacheLockFree.totalBytesRead,1734277880679000000,1734277940680000000,0
FilePageCache.capacityInBytes,1734277880679000000,1734277940680000000,503316478
FilePageCacheLockFree.totalNativeBytesAllocated,1734277880679000000,1734277940680000000,0
StreamlinedBlobStorage.recordsAllocated,1734277880679000000,1734277940680000000,0
DirectByteBufferAllocator.totalSizeOfBuffersCachedInBytes,1734277880679000000,1734277940680000000,0
MappedFileStorage.totalTimeSpentOnMappingUs,1734277880679000000,1734277940680000000,26897
FilePageCache.disposedBuffers,1734277880679000000,1734277940680000000,0
FilePageCache.maxCacheSizeInBytes,1734277880679000000,1734277940680000000,176218112
FilePageCache.pageFastCacheHits,1734277880679000000,1734277940680000000,1228
FilePageCacheLockFree.totalHeapBytesAllocated,1734277880679000000,1734277940680000000,0
StreamlinedBlobStorage.totalLiveRecordsCapacityBytes,1734277880679000000,1734277940680000000,0
FilePageCacheLockFree.totalPagesHandedOver,1734277880679000000,1734277940680000000,0
FilePageCacheLockFree.totalPagesAllocated,1734277880679000000,1734277940680000000,0
FileChannelInterruptsRetryer.totalRetriedAttempts,1734277880679000000,1734277940680000000,0
FilePageCache.pageHits,1734277880679000000,1734277940680000000,40
StorageLockContext.competingThreads.max,1734277880679000000,1734277940680000000,0
FilePageCacheLockFree.totalPageAllocationsWaited,1734277880679000000,1734277940680000000,0
FilePageCacheLockFree.totalBytesWritten,1734277880679000000,1734277940680000000,0
FilePageCacheLockFree.totalBytesRequested,1734277880679000000,1734277940680000000,0
FilePageCacheLockFree.totalNativeBytesReclaimed,1734277880679000000,1734277940680000000,0
StreamlinedBlobStorage.recordsDeleted,1734277880679000000,1734277940680000000,0
FilePageCacheLockFree.housekeeperTimeSpentMs,1734277880679000000,1734277940680000000,0
FilePageCacheLockFree.totalPagesReclaimed,1734277880679000000,1734277940680000000,0
FilePageCache.totalPageLoadsUs,1734277880679000000,1734277940680000000,22076
FilePageCacheLockFree.totalPagesReadMs,1734277880679000000,1734277940680000000,0
StorageLockContext.competingThreads.avg,1734277880679000000,1734277940680000000,0.0
FilePageCache.pageLoadsAboveSizeThreshold,1734277880679000000,1734277940680000000,0
FilePageCacheLockFree.totalPagesRequested,1734277880679000000,1734277940680000000,0
FilePageCache.totalPageDisposalsUs,1734277880679000000,1734277940680000000,18
FilePageCache.pageLoads,1734277880679000000,1734277940680000000,2
FilePageCacheLockFree.housekeeperTurnsDone,1734277880679000000,1734277940680000000,0
FilePageCacheLockFree.totalPagesWriteMs,1734277880679000000,1734277940680000000,0
FilePageCache.maxRegisteredFiles,1734277880679000000,1734277940680000000,262
FilePageCache.uncachedFileAccess,1734277880679000000,1734277940680000000,39
MappedFileStorage.totalBytesMapped,1734277880679000000,1734277940680000000,202637312
DirectByteBufferAllocator.disposed,1734277880679000000,1734277940680000000,0
FilePageCacheLockFree.totalHeapBytesReclaimed,1734277880679000000,1734277940680000000,0
FilePageCacheLockFree.totalPagesRequestsMs,1734277880679000000,1734277940680000000,0
MappedFileStorage.storages,1734277880679000000,1734277940680000000,16
DirectByteBufferAllocator.reclaimed,1734277880679000000,1734277940680000000,0
MappedFileStorage.totalPagesMapped,1734277880679000000,1734277940680000000,16
FilePageCacheLockFree.nativeBytesInUse,1734277880679000000,1734277940680000000,0
FilePageCacheLockFree.totalPagesWritten,1734277880679000000,1734277940680000000,0
FilePageCacheLockFree.housekeeperTurnsSkipped,1734277880679000000,1734277940680000000,0
DirectByteBufferAllocator.hits,1734277880679000000,1734277940680000000,0
Indexes.stubs.lookupDuration90PMs,1734277880679000000,1734277940680000000,0.0
IndexesFlusher.totalFlushingTimeUs,1734277880679000000,1734277940680000000,132392
Indexes.allKeys.lookups,1734277880679000000,1734277940680000000,0
Indexes.stubs.lookupDurationMaxMs,1734277880679000000,1734277940680000000,0.0
Indexes.allKeys.lookupDurationAvgMs,1734277880679000000,1734277940680000000,0.0
Indexes.entries.lookupDuration90PMs,1734277880679000000,1734277940680000000,0.0
Indexes.entries.lookupDurationAvgMs,1734277880679000000,1734277940680000000,0.0
Indexes.stubs.lookups,1734277880679000000,1734277940680000000,76
Indexes.entries.lookups,1734277880679000000,1734277940680000000,116
Indexes.allKeys.lookupDuration90PMs,1734277880679000000,1734277940680000000,0.0
Indexes.allKeys.lookupDurationMaxMs,1734277880679000000,1734277940680000000,0.0
Indexes.stubs.lookupDurationAvgMs,1734277880679000000,1734277940680000000,0.0
Indexes.entries.lookupDurationMaxMs,1734277880679000000,1734277940680000000,0.0
IndexesFlusher.totalFlushes,1734277880679000000,1734277940680000000,60
IndexesFlusher.totalFlushesRetried,1734277880679000000,1734277940680000000,0
IndexesFlusher.totalContentionQuotaSpent,1734277880679000000,1734277940680000000,0
cacheStateStorage.set.counter,1734277880679000000,1734277940680000000,5
cacheStateStorage.set.duration,1734277880679000000,1734277940680000000,0
cacheStateStorage.get.duration,1734277880679000000,1734277940680000000,45
cacheStateStorage.get.counter,1734277880679000000,1734277940680000000,15
JVM.newThreadsCount,1734277940680000000,1734277961348000000,8
JVM.threadCount,1734277940680000000,1734277961348000000,55
JVM.usedHeapBytes,1734277940680000000,1734277961348000000,1039663104
JVM.totalCpuTimeMs,1734277940680000000,1734277961348000000,3860
JVM.totalDirectByteBuffersBytes,1734277940680000000,1734277961348000000,42637055
JVM.usedNativeBytes,1734277940680000000,1734277961348000000,478036424
JVM.totalTimeAtSafepointsMs,1734277940680000000,1734277961348000000,1
JVM.totalTimeToSafepointsMs,1734277940680000000,1734277961348000000,0
JVM.totalSafepointCount,1734277940680000000,1734277961348000000,12
JVM.GC.collections,1734277940680000000,1734277961348000000,0
JVM.maxHeapBytes,1734277940680000000,1734277961348000000,2147483648
JVM.maxThreadCount,1734277940680000000,1734277961348000000,109
OS.loadAverage,1734277940680000000,1734277961348000000,0.68798828125
JVM.GC.collectionTimesMs,1734277940680000000,1734277961348000000,0
JVM.totalBytesAllocated,1734277940680000000,1734277961348000000,76484936
VFS.invertedFileNameIndex.requests,1734277940680000000,1734277961348000000,0
VFS.fileByIdCache.misses,1734277940680000000,1734277961348000000,0
VFS.fileChildByName,1734277940680000000,1734277961348000000,1943
VFS.fileByIdCache.hits,1734277940680000000,1734277961348000000,0
writeAction.count,1734277940680000000,1734277961348000000,4
writeAction.median.wait.ms,1734277940680000000,1734277961348000000,0
writeAction.max.wait.ms,1734277940680000000,1734277961348000000,29
writeAction.wait.ms,1734277940680000000,1734277961348000000,0
workspaceModel.mutableEntityStorage.collect.changes.ms,1734277940680000000,1734277961348000000,0
workspaceModel.mutableEntityStorage.apply.changes.from.ms,1734277940680000000,1734277961348000000,0
workspaceModel.mutableEntityStorage.modify.entity.ms,1734277940680000000,1734277961348000000,0
jps.global.handle.before.change.events.ms,1734277940680000000,1734277961348000000,0
workspaceModel.moduleManagerBridge.load.all.modules.ms,1734277940680000000,1734277961348000000,0
workspaceModel.mutableEntityStorage.changeLog.addReplaceEventForRemovedParent.ms,1734277940680000000,1734277961348000000,0
workspaceModel.moduleManagerBridge.newModule.ms,1734277940680000000,1734277961348000000,0
workspaceModel.mutableEntityStorage.mutable.ext.mapping.ms,1734277940680000000,1734277961348000000,0
jps.global.get.library.ms,1734277940680000000,1734277961348000000,0
workspaceModel.mutableEntityStorage.referrers.ms,1734277940680000000,1734277961348000000,0
workspaceModel.moduleBridge.facet.initialization.ms,1734277940680000000,1734277961348000000,0
jps.artifact.entities.serializer.load.entities.ms,1734277940680000000,1734277961348000000,0
workspaceModel.mutableEntityStorage.changeLog.addReplaceEventForRemovedChild.ms,1734277940680000000,1734277961348000000,0
workspaceModel.global.updates.count,1734277940680000000,1734277961348000000,0
jps.apply.loaded.storage.ms,1734277940680000000,1734277961348000000,0
workspaceModel.mutableEntityStorage.changeLog.addReplaceEventForNewParent.ms,1734277940680000000,1734277961348000000,0
jps.global.get.libraries.ms,1734277940680000000,1734277961348000000,0
jps.reload.project.entities.ms,1734277940680000000,1734277961348000000,0
workspaceModel.mutableEntityStorage.to.snapshot.ms,1734277940680000000,1734277961348000000,0
workspaceModel.global.updates.ms,1734277940680000000,1734277961348000000,0
workspaceModel.moduleManagerBridge.new.nonPersistent.module.ms,1734277940680000000,1734277961348000000,0
jps.project.serializers.load.ms,1734277940680000000,1734277961348000000,0
workspaceModel.moduleBridge.before.changed.ms,1734277940680000000,1734277961348000000,0
jps.global.get.library.by.name.ms,1734277940680000000,1734277961348000000,0
jps.save.changed.project.entities.ms,1734277940680000000,1734277961348000000,0
jps.global.initialize.library.bridges.after.loading.ms,1734277940680000000,1734277961348000000,0
jps.library.entities.serializer.load.entities.ms,1734277940680000000,1734277961348000000,0
workspaceModel.moduleManagerBridge.set.unloadedModules.ms,1734277940680000000,1734277961348000000,0
workspaceModel.moduleBridgeLoader.loading.modules.ms,1734277940680000000,1734277961348000000,0
jps.project.serializers.save.ms,1734277940680000000,1734277961348000000,0
workspaceModel.mutableEntityStorage.put.entity.ms,1734277940680000000,1734277961348000000,0
jps.load.initial.state.ms,1734277940680000000,1734277961348000000,0
jps.storage.jps.conf.reader.load.component.ms,1734277940680000000,1734277961348000000,0
jps.library.entities.serializer.save.entities.ms,1734277940680000000,1734277961348000000,0
workspaceModel.global.apply.state.to.project.ms,1734277940680000000,1734277961348000000,0
workspaceModel.moduleManagerBridge.load.module.ms,1734277940680000000,1734277961348000000,0
jps.global.initialize.library.bridges.ms,1734277940680000000,1734277961348000000,0
workspaceModel.mutableEntityStorage.remove.entity.ms,1734277940680000000,1734277961348000000,0
workspaceModel.mutableEntityStorage.has.same.entities.ms,1734277940680000000,1734277961348000000,0
workspaceModel.mutableEntityStorage.instances.count,1734277940680000000,1734277961348000000,0
workspaceModel.mutableEntityStorage.add.entity.ms,1734277940680000000,1734277961348000000,0
workspaceModel.delayed.project.synchronizer.sync.ms,1734277940680000000,1734277961348000000,0
workspaceModel.moduleManagerBridge.build.module.graph.ms,1734277940680000000,1734277961348000000,0
workspaceModel.load.cache.from.file.ms,1734277940680000000,1734277961348000000,0
workspaceModel.moduleBridge.update.option.ms,1734277940680000000,1734277961348000000,0
jps.load.project.to.empty.storage.ms,1734277940680000000,1734277961348000000,0
jps.app.storage.content.writer.save.component.ms,1734277940680000000,1734277961348000000,1
workspaceModel.sync.entities.ms,1734277940680000000,1734277961348000000,0
jps.app.storage.content.reader.load.component.ms,1734277940680000000,1734277961348000000,0
jps.module.dependency.index.workspace.model.listener.on.changed.ms,1734277940680000000,1734277961348000000,0
workspaceModel.mutableEntityStorage.mutable.vfurl.index.ms,1734277940680000000,1734277961348000000,0
jps.global.handle.changed.events.ms,1734277940680000000,1734277961348000000,0
jps.facet.change.listener.init.bridge.ms,1734277940680000000,1734277961348000000,0
workspaceModel.mutableEntityStorage.entities.ms,1734277940680000000,1734277961348000000,0
workspaceModel.do.save.caches.ms,1734277940680000000,1734277961348000000,0
jps.artifact.entities.serializer.save.entities.ms,1734277940680000000,1734277961348000000,0
workspaceModel.mutableEntityStorage.resolve.ms,1734277940680000000,1734277961348000000,0
workspaceModel.orphan.listener.update.ms,1734277940680000000,1734277961348000000,0
workspaceModel.moduleManagerBridge.create.module.instance.ms,1734277940680000000,1734277961348000000,0
workspaceModel.moduleManagerBridge.get.modules.ms,1734277940680000000,1734277961348000000,0
jps.facet.change.listener.process.change.events.ms,1734277940680000000,1734277961348000000,0
workspaceModel.mutableEntityStorage.replace.by.source.ms,1734277940680000000,1734277961348000000,0
workspaceModel.save.cache.to.file.ms,1734277940680000000,1734277961348000000,0
workspaceModel.global.apply.state.to.project.builder.ms,1734277940680000000,1734277961348000000,0
jps.facet.change.listener.before.change.events.ms,1734277940680000000,1734277961348000000,0
jps.module.iml.entities.serializer.load.entities.ms,1734277940680000000,1734277961348000000,0
jps.save.global.entities.ms,1734277940680000000,1734277961348000000,3
jps.module.iml.entities.serializer.save.entities.ms,1734277940680000000,1734277961348000000,0
workspaceModel.load.cache.metadata.from.file.ms,1734277940680000000,1734277961348000000,0
workspaceModel.mutableEntityStorage.changeLog.addReplaceEventForNewChild.ms,1734277940680000000,1734277961348000000,0
workspaceModel.mutableEntityStorage.entities.by.source.ms,1734277940680000000,1734277961348000000,0
NonBlockingReadAction.failedExecutionsCount,1734277940680000000,1734277961348000000,0
NonBlockingReadAction.finalizedExecutionsCount,1734277940680000000,1734277961348000000,20
AWTEventQueue.dispatchTimeTotalNS,1734277940680000000,1734277961348000000,770636837
NonBlockingReadAction.failedExecutionTimeUs,1734277940680000000,1734277961348000000,0
NonBlockingReadAction.finalizedExecutionTimeUs,1734277940680000000,1734277961348000000,2942
workspaceModel.collect.changes.ms,1734277940680000000,1734277961348000000,0
workspaceModel.cachedValue.total.get.count,1734277940680000000,1734277961348000000,50
workspaceModel.full.replace.project.model.ms,1734277940680000000,1734277961348000000,0
workspaceModel.workspaceFileIndexData.getFileInfo.ms,1734277940680000000,1734277961348000000,0
workspaceModel.loading.total.ms,1734277940680000000,1734277961348000000,0
workspaceModel.updates.ms,1734277940680000000,1734277961348000000,0
workspaceModel.entityStorageSnapshotImpl.instances.count,1734277940680000000,1734277961348000000,0
workspaceModel.loading.from.cache.ms,1734277940680000000,1734277961348000000,0
workspaceModel.workspaceFileIndexData.updateDirtyEntities.ms,1734277940680000000,1734277961348000000,0
workspaceModel.updates.precise.ms,1734277940680000000,1734277961348000000,0
workspaceModel.updates.count,1734277940680000000,1734277961348000000,0
workspaceModel.cachedValue.from.cache.count,1734277940680000000,1734277961348000000,49
workspaceModel.workspaceFileIndexData.init.ms,1734277940680000000,1734277961348000000,0
workspaceModel.cachedValue.calculated.count,1734277940680000000,1734277961348000000,1
workspaceModel.replace.project.model.ms,1734277940680000000,1734277961348000000,0
workspaceModel.on.before.changed.ms,1734277940680000000,1734277961348000000,0
workspaceModel.update.unloaded.entities.ms,1734277940680000000,1734277961348000000,0
workspaceModel.workspaceFileIndexContributor.registerFileSets.ms,1734277940680000000,1734277961348000000,0
workspaceModel.cachedValueWithParameters.total.get.count,1734277940680000000,1734277961348000000,0
workspaceModel.workspaceFileIndexData.getDirectoriesByPackageName.ms,1734277940680000000,1734277961348000000,0
workspaceModel.cachedValueWithParameters.from.cache.count,1734277940680000000,1734277961348000000,0
workspaceModel.workspaceFileIndexData.getPackageName.ms,1734277940680000000,1734277961348000000,0
workspaceModel.cachedValue.clear.count,1734277940680000000,1734277961348000000,1
workspaceModel.workspaceFileIndexData.onEntitiesChanged.ms,1734277940680000000,1734277961348000000,0
workspaceModel.workspaceFileIndexData.visitFileSets.ms,1734277940680000000,1734277961348000000,0
workspaceModel.cachedValueWithParameters.calculated.count,1734277940680000000,1734277961348000000,0
workspaceModel.workspaceFileIndexData.instances.count,1734277940680000000,1734277961348000000,0
workspaceModel.initializing.ms,1734277940680000000,1734277961348000000,0
workspaceModel.workspaceFileIndexData.processFileSets.ms,1734277940680000000,1734277961348000000,0
workspaceModel.init.bridges.ms,1734277940680000000,1734277961348000000,0
workspaceModel.pre.handlers.ms,1734277940680000000,1734277961348000000,0
workspaceModel.cachedValueWithParameters.clear.count,1734277940680000000,1734277961348000000,0
workspaceModel.on.changed.ms,1734277940680000000,1734277961348000000,0
workspaceModel.workspaceFileIndexData.markDirty.ms,1734277940680000000,1734277961348000000,0
workspaceModel.check.recursive.update.ms,1734277940680000000,1734277961348000000,0
workspaceModel.to.snapshot.ms,1734277940680000000,1734277961348000000,0
FilePageCacheLockFree.totalClosedStoragesReclaimed,1734277940680000000,1734277961348000000,0
DirectByteBufferAllocator.misses,1734277940680000000,1734277961348000000,0
DirectByteBufferAllocator.totalSizeOfBuffersAllocatedInBytes,1734277940680000000,1734277961348000000,42000384
StorageLockContext.competingThreads.90P,1734277940680000000,1734277961348000000,0
FilePageCacheLockFree.heapBytesInUse,1734277940680000000,1734277961348000000,0
FilePageCacheLockFree.totalBytesRead,1734277940680000000,1734277961348000000,0
FilePageCache.capacityInBytes,1734277940680000000,1734277961348000000,503316478
FilePageCacheLockFree.totalNativeBytesAllocated,1734277940680000000,1734277961348000000,0
DirectByteBufferAllocator.totalSizeOfBuffersCachedInBytes,1734277940680000000,1734277961348000000,42000384
FilePageCache.disposedBuffers,1734277940680000000,1734277961348000000,175
FilePageCache.maxCacheSizeInBytes,1734277940680000000,1734277961348000000,176218112
FilePageCache.pageFastCacheHits,1734277940680000000,1734277961348000000,135
FilePageCacheLockFree.totalHeapBytesAllocated,1734277940680000000,1734277961348000000,0
FilePageCacheLockFree.totalPagesHandedOver,1734277940680000000,1734277961348000000,0
FilePageCacheLockFree.totalPagesAllocated,1734277940680000000,1734277961348000000,0
FileChannelInterruptsRetryer.totalRetriedAttempts,1734277940680000000,1734277961348000000,0
FilePageCache.pageHits,1734277940680000000,1734277961348000000,0
StorageLockContext.competingThreads.max,1734277940680000000,1734277961348000000,0
FilePageCacheLockFree.totalPageAllocationsWaited,1734277940680000000,1734277961348000000,0
FilePageCacheLockFree.totalBytesWritten,1734277940680000000,1734277961348000000,0
FilePageCacheLockFree.totalBytesRequested,1734277940680000000,1734277961348000000,0
FilePageCacheLockFree.totalNativeBytesReclaimed,1734277940680000000,1734277961348000000,0
FilePageCacheLockFree.housekeeperTimeSpentMs,1734277940680000000,1734277961348000000,0
FilePageCacheLockFree.totalPagesReclaimed,1734277940680000000,1734277961348000000,0
FilePageCache.totalPageLoadsUs,1734277940680000000,1734277961348000000,0
FilePageCacheLockFree.totalPagesReadMs,1734277940680000000,1734277961348000000,0
StorageLockContext.competingThreads.avg,1734277940680000000,1734277961348000000,0.0
FilePageCache.pageLoadsAboveSizeThreshold,1734277940680000000,1734277961348000000,0
FilePageCacheLockFree.totalPagesRequested,1734277940680000000,1734277961348000000,0
FilePageCache.totalPageDisposalsUs,1734277940680000000,1734277961348000000,0
FilePageCache.pageLoads,1734277940680000000,1734277961348000000,0
FilePageCacheLockFree.housekeeperTurnsDone,1734277940680000000,1734277961348000000,0
FilePageCacheLockFree.totalPagesWriteMs,1734277940680000000,1734277961348000000,0
FilePageCache.maxRegisteredFiles,1734277940680000000,1734277961348000000,262
FilePageCache.uncachedFileAccess,1734277940680000000,1734277961348000000,14
DirectByteBufferAllocator.disposed,1734277940680000000,1734277961348000000,128
FilePageCacheLockFree.totalHeapBytesReclaimed,1734277940680000000,1734277961348000000,0
FilePageCacheLockFree.totalPagesRequestsMs,1734277940680000000,1734277961348000000,0
DirectByteBufferAllocator.reclaimed,1734277940680000000,1734277961348000000,47
FilePageCacheLockFree.nativeBytesInUse,1734277940680000000,1734277961348000000,0
FilePageCacheLockFree.totalPagesWritten,1734277940680000000,1734277961348000000,0
FilePageCacheLockFree.housekeeperTurnsSkipped,1734277940680000000,1734277961348000000,0
DirectByteBufferAllocator.hits,1734277940680000000,1734277961348000000,0
Indexes.stubs.lookupDuration90PMs,1734277940680000000,1734277961348000000,0.0
Indexes.allKeys.lookups,1734277940680000000,1734277961348000000,0
Indexes.stubs.lookupDurationMaxMs,1734277940680000000,1734277961348000000,0.0
Indexes.allKeys.lookupDurationAvgMs,1734277940680000000,1734277961348000000,0.0
Indexes.entries.lookupDuration90PMs,1734277940680000000,1734277961348000000,0.0
Indexes.entries.lookupDurationAvgMs,1734277940680000000,1734277961348000000,0.0
Indexes.stubs.lookups,1734277940680000000,1734277961348000000,0
Indexes.entries.lookups,1734277940680000000,1734277961348000000,0
Indexes.allKeys.lookupDuration90PMs,1734277940680000000,1734277961348000000,0.0
Indexes.allKeys.lookupDurationMaxMs,1734277940680000000,1734277961348000000,0.0
Indexes.stubs.lookupDurationAvgMs,1734277940680000000,1734277961348000000,0.0
Indexes.entries.lookupDurationMaxMs,1734277940680000000,1734277961348000000,0.0
cacheStateStorage.set.counter,1734277940680000000,1734277961348000000,6
cacheStateStorage.set.duration,1734277940680000000,1734277961348000000,1
cacheStateStorage.get.duration,1734277940680000000,1734277961348000000,0
cacheStateStorage.get.counter,1734277940680000000,1734277961348000000,0
